solid 
 facet normal  0.000000e+00 -0.000000e+00 -1.000000e+00
   outer loop
     vertex  5.016500e+02  2.425700e+03  6.286500e+02
     vertex  5.016500e+02  2.362200e+03  6.286500e+02
     vertex  1.651000e+02  2.362200e+03  6.286500e+02
   endloop
 endfacet
 facet normal -0.000000e+00  0.000000e+00 -1.000000e+00
   outer loop
     vertex  5.016500e+02  2.425700e+03  6.286500e+02
     vertex  1.651000e+02  2.362200e+03  6.286500e+02
     vertex  1.651000e+02  2.425700e+03  6.286500e+02
   endloop
 endfacet
 facet normal  1.804782e-17  0.000000e+00  1.000000e+00
   outer loop
     vertex  1.651000e+02  2.425700e+03  1.270000e+01
     vertex  3.619500e+02  2.362200e+03  1.270000e+01
     vertex  3.619500e+02  2.425700e+03  1.270000e+01
   endloop
 endfacet
 facet normal  1.804782e-17  0.000000e+00  1.000000e+00
   outer loop
     vertex  1.651000e+02  2.425700e+03  1.270000e+01
     vertex  1.651000e+02  2.362200e+03  1.270000e+01
     vertex  3.619500e+02  2.362200e+03  1.270000e+01
   endloop
 endfacet
 facet normal -0.000000e+00  0.000000e+00 -1.000000e+00
   outer loop
     vertex -1.270000e+02  2.425700e+03  6.286500e+02
     vertex -2.540000e+02  2.362200e+03  6.286500e+02
     vertex -2.540000e+02  2.425700e+03  6.286500e+02
   endloop
 endfacet
 facet normal  0.000000e+00 -0.000000e+00 -1.000000e+00
   outer loop
     vertex -1.270000e+02  2.425700e+03  6.286500e+02
     vertex -1.270000e+02  2.362200e+03  6.286500e+02
     vertex -2.540000e+02  2.362200e+03  6.286500e+02
   endloop
 endfacet
 facet normal  0.000000e+00  0.000000e+00  1.000000e+00
   outer loop
     vertex -2.540000e+02  2.425700e+03  1.270000e+01
     vertex -2.540000e+02  2.362200e+03  1.270000e+01
     vertex -1.270000e+02  2.362200e+03  1.270000e+01
   endloop
 endfacet
 facet normal  2.797412e-17  5.594825e-17  1.000000e+00
   outer loop
     vertex -2.540000e+02  2.425700e+03  1.270000e+01
     vertex -1.270000e+02  2.362200e+03  1.270000e+01
     vertex -1.270000e+02  2.425700e+03  1.270000e+01
   endloop
 endfacet
 facet normal -0.000000e+00  0.000000e+00 -1.000000e+00
   outer loop
     vertex -2.667000e+02  2.425700e+03  6.286500e+02
     vertex -3.937000e+02  2.362200e+03  6.286500e+02
     vertex -3.937000e+02  2.425700e+03  6.286500e+02
   endloop
 endfacet
 facet normal  0.000000e+00 -0.000000e+00 -1.000000e+00
   outer loop
     vertex -2.667000e+02  2.425700e+03  6.286500e+02
     vertex -2.667000e+02  2.362200e+03  6.286500e+02
     vertex -3.937000e+02  2.362200e+03  6.286500e+02
   endloop
 endfacet
 facet normal  0.000000e+00  0.000000e+00  1.000000e+00
   outer loop
     vertex -3.619500e+02  2.425700e+03  1.270000e+01
     vertex -3.619500e+02  2.362200e+03  1.270000e+01
     vertex -2.667000e+02  2.362200e+03  1.270000e+01
   endloop
 endfacet
 facet normal  1.864942e-17  2.797412e-17  1.000000e+00
   outer loop
     vertex -3.619500e+02  2.425700e+03  1.270000e+01
     vertex -2.667000e+02  2.362200e+03  1.270000e+01
     vertex -2.667000e+02  2.425700e+03  1.270000e+01
   endloop
 endfacet
 facet normal -0.000000e+00  0.000000e+00 -1.000000e+00
   outer loop
     vertex  1.270000e+01  2.425700e+03  6.286500e+02
     vertex -1.143000e+02  2.362200e+03  6.286500e+02
     vertex -1.143000e+02  2.425700e+03  6.286500e+02
   endloop
 endfacet
 facet normal  0.000000e+00 -0.000000e+00 -1.000000e+00
   outer loop
     vertex  1.270000e+01  2.425700e+03  6.286500e+02
     vertex  1.270000e+01  2.362200e+03  6.286500e+02
     vertex -1.143000e+02  2.362200e+03  6.286500e+02
   endloop
 endfacet
 facet normal  4.196119e-17  8.392237e-17  1.000000e+00
   outer loop
     vertex -1.143000e+02  2.425700e+03  1.270000e+01
     vertex  1.270000e+01  2.362200e+03  1.270000e+01
     vertex  1.270000e+01  2.425700e+03  1.270000e+01
   endloop
 endfacet
 facet normal  0.000000e+00  0.000000e+00  1.000000e+00
   outer loop
     vertex -1.143000e+02  2.425700e+03  1.270000e+01
     vertex -1.143000e+02  2.362200e+03  1.270000e+01
     vertex  1.270000e+01  2.362200e+03  1.270000e+01
   endloop
 endfacet
 facet normal -0.000000e+00  0.000000e+00 -1.000000e+00
   outer loop
     vertex -4.064000e+02  2.425700e+03  6.286500e+02
     vertex -5.016500e+02  2.362200e+03  6.286500e+02
     vertex -5.016500e+02  2.425700e+03  6.286500e+02
   endloop
 endfacet
 facet normal  0.000000e+00 -0.000000e+00 -1.000000e+00
   outer loop
     vertex -4.064000e+02  2.425700e+03  6.286500e+02
     vertex -4.064000e+02  2.362200e+03  6.286500e+02
     vertex -5.016500e+02  2.362200e+03  6.286500e+02
   endloop
 endfacet
 facet normal  4.602151e-02  0.000000e+00  9.989404e-01
   outer loop
     vertex -3.747948e+02  2.425700e+03  1.329176e+01
     vertex -3.619500e+02  2.362200e+03  1.270000e+01
     vertex -3.619500e+02  2.425700e+03  1.270000e+01
   endloop
 endfacet
 facet normal  4.602151e-02  0.000000e+00  9.989404e-01
   outer loop
     vertex -3.747948e+02  2.425700e+03  1.329176e+01
     vertex -3.747948e+02  2.362200e+03  1.329176e+01
     vertex -3.619500e+02  2.362200e+03  1.270000e+01
   endloop
 endfacet
 facet normal  1.376746e-01  0.000000e+00  9.904775e-01
   outer loop
     vertex -3.875308e+02  2.425700e+03  1.506204e+01
     vertex -3.875308e+02  2.362200e+03  1.506204e+01
     vertex -3.747948e+02  2.362200e+03  1.329176e+01
   endloop
 endfacet
 facet normal  2.281614e-01  0.000000e+00  9.736233e-01
   outer loop
     vertex -3.875308e+02  2.425700e+03  1.506204e+01
     vertex -4.000500e+02  2.362200e+03  1.799583e+01
     vertex -3.875308e+02  2.362200e+03  1.506204e+01
   endloop
 endfacet
 facet normal  1.376746e-01  0.000000e+00  9.904775e-01
   outer loop
     vertex -3.875308e+02  2.425700e+03  1.506204e+01
     vertex -3.747948e+02  2.362200e+03  1.329176e+01
     vertex -3.747948e+02  2.425700e+03  1.329176e+01
   endloop
 endfacet
 facet normal  2.281614e-01  0.000000e+00  9.736233e-01
   outer loop
     vertex -4.000500e+02  2.425700e+03  1.799583e+01
     vertex -4.000500e+02  2.362200e+03  1.799583e+01
     vertex -3.875308e+02  2.425700e+03  1.506204e+01
   endloop
 endfacet
 facet normal  3.713775e-01 -7.792041e-16  9.284820e-01
   outer loop
     vertex -4.064000e+02  2.425700e+03  1.996025e+01
     vertex -4.210962e+02  2.362200e+03  2.583850e+01
     vertex -4.064000e+02  2.362200e+03  1.996025e+01
   endloop
 endfacet
 facet normal  3.713775e-01  0.000000e+00  9.284820e-01
   outer loop
     vertex -4.210962e+02  2.425700e+03  2.583850e+01
     vertex -4.210962e+02  2.362200e+03  2.583850e+01
     vertex -4.064000e+02  2.425700e+03  1.996025e+01
   endloop
 endfacet
 facet normal  4.740233e-01  0.000000e+00  8.805123e-01
   outer loop
     vertex -4.350332e+02  2.425700e+03  3.334145e+01
     vertex -4.350332e+02  2.362200e+03  3.334145e+01
     vertex -4.210962e+02  2.362200e+03  2.583850e+01
   endloop
 endfacet
 facet normal  4.740233e-01  0.000000e+00  8.805123e-01
   outer loop
     vertex -4.350332e+02  2.425700e+03  3.334145e+01
     vertex -4.210962e+02  2.362200e+03  2.583850e+01
     vertex -4.210962e+02  2.425700e+03  2.583850e+01
   endloop
 endfacet
 facet normal  5.705840e-01  0.000000e+00  8.212393e-01
   outer loop
     vertex -4.480320e+02  2.425700e+03  4.237279e+01
     vertex -4.480320e+02  2.362200e+03  4.237279e+01
     vertex -4.350332e+02  2.362200e+03  3.334145e+01
   endloop
 endfacet
 facet normal  6.598199e-01  0.000000e+00  7.514238e-01
   outer loop
     vertex -4.480320e+02  2.425700e+03  4.237279e+01
     vertex -4.599257e+02  2.362200e+03  5.281657e+01
     vertex -4.480320e+02  2.362200e+03  4.237279e+01
   endloop
 endfacet
 facet normal  5.705840e-01  0.000000e+00  8.212393e-01
   outer loop
     vertex -4.480320e+02  2.425700e+03  4.237279e+01
     vertex -4.350332e+02  2.362200e+03  3.334145e+01
     vertex -4.350332e+02  2.425700e+03  3.334145e+01
   endloop
 endfacet
 facet normal  6.598199e-01  0.000000e+00  7.514238e-01
   outer loop
     vertex -4.599257e+02  2.425700e+03  5.281657e+01
     vertex -4.599257e+02  2.362200e+03  5.281657e+01
     vertex -4.480320e+02  2.425700e+03  4.237279e+01
   endloop
 endfacet
 facet normal  7.405856e-01  0.000000e+00  6.719621e-01
   outer loop
     vertex -4.705616e+02  2.425700e+03  6.453874e+01
     vertex -4.705616e+02  2.362200e+03  6.453874e+01
     vertex -4.599257e+02  2.362200e+03  5.281657e+01
   endloop
 endfacet
 facet normal  8.118441e-01  0.000000e+00  5.838742e-01
   outer loop
     vertex -4.705616e+02  2.425700e+03  6.453874e+01
     vertex -4.798033e+02  2.362200e+03  7.738880e+01
     vertex -4.705616e+02  2.362200e+03  6.453874e+01
   endloop
 endfacet
 facet normal  7.405856e-01  0.000000e+00  6.719621e-01
   outer loop
     vertex -4.705616e+02  2.425700e+03  6.453874e+01
     vertex -4.599257e+02  2.362200e+03  5.281657e+01
     vertex -4.599257e+02  2.425700e+03  5.281657e+01
   endloop
 endfacet
 facet normal  8.118441e-01  0.000000e+00  5.838742e-01
   outer loop
     vertex -4.798033e+02  2.425700e+03  7.738880e+01
     vertex -4.798033e+02  2.362200e+03  7.738880e+01
     vertex -4.705616e+02  2.425700e+03  6.453874e+01
   endloop
 endfacet
 facet normal  8.726809e-01  0.000000e+00  4.882910e-01
   outer loop
     vertex -4.875321e+02  2.425700e+03  9.120179e+01
     vertex -4.875321e+02  2.362200e+03  9.120179e+01
     vertex -4.798033e+02  2.362200e+03  7.738880e+01
   endloop
 endfacet
 facet normal  8.726809e-01  0.000000e+00  4.882910e-01
   outer loop
     vertex -4.875321e+02  2.425700e+03  9.120179e+01
     vertex -4.798033e+02  2.362200e+03  7.738880e+01
     vertex -4.798033e+02  2.425700e+03  7.738880e+01
   endloop
 endfacet
 facet normal  9.223148e-01  0.000000e+00  3.864395e-01
   outer loop
     vertex -4.936488e+02  2.425700e+03  1.058004e+02
     vertex -4.936488e+02  2.362200e+03  1.058004e+02
     vertex -4.875321e+02  2.362200e+03  9.120179e+01
   endloop
 endfacet
 facet normal  9.223148e-01  0.000000e+00  3.864395e-01
   outer loop
     vertex -4.936488e+02  2.425700e+03  1.058004e+02
     vertex -4.875321e+02  2.362200e+03  9.120179e+01
     vertex -4.875321e+02  2.425700e+03  9.120179e+01
   endloop
 endfacet
 facet normal  9.601087e-01  0.000000e+00  2.796272e-01
   outer loop
     vertex -4.980748e+02  2.425700e+03  1.209972e+02
     vertex -4.980748e+02  2.362200e+03  1.209972e+02
     vertex -4.936488e+02  2.362200e+03  1.058004e+02
   endloop
 endfacet
 facet normal  9.601087e-01  0.000000e+00  2.796272e-01
   outer loop
     vertex -4.980748e+02  2.425700e+03  1.209972e+02
     vertex -4.936488e+02  2.362200e+03  1.058004e+02
     vertex -4.936488e+02  2.425700e+03  1.058004e+02
   endloop
 endfacet
 facet normal  9.855774e-01  0.000000e+00  1.692252e-01
   outer loop
     vertex -5.007533e+02  2.425700e+03  1.365972e+02
     vertex -5.007533e+02  2.362200e+03  1.365972e+02
     vertex -4.980748e+02  2.362200e+03  1.209972e+02
   endloop
 endfacet
 facet normal  9.855774e-01  0.000000e+00  1.692252e-01
   outer loop
     vertex -5.007533e+02  2.425700e+03  1.365972e+02
     vertex -4.980748e+02  2.362200e+03  1.209972e+02
     vertex -4.980748e+02  2.425700e+03  1.209972e+02
   endloop
 endfacet
 facet normal  9.983941e-01  0.000000e+00  5.665080e-02
   outer loop
     vertex -5.016500e+02  2.425700e+03  1.524000e+02
     vertex -5.016500e+02  2.362200e+03  1.524000e+02
     vertex -5.007533e+02  2.362200e+03  1.365972e+02
   endloop
 endfacet
 facet normal  9.983941e-01  0.000000e+00  5.665080e-02
   outer loop
     vertex -5.016500e+02  2.425700e+03  1.524000e+02
     vertex -5.007533e+02  2.362200e+03  1.365972e+02
     vertex -5.007533e+02  2.425700e+03  1.365972e+02
   endloop
 endfacet
 facet normal  1.000000e+00  0.000000e+00 -0.000000e+00
   outer loop
     vertex  5.143500e+02  2.425700e+03  1.524000e+02
     vertex  5.143500e+02  2.425700e+03  6.413500e+02
     vertex  5.143500e+02  2.362200e+03  6.413500e+02
   endloop
 endfacet
 facet normal  1.000000e+00  0.000000e+00  0.000000e+00
   outer loop
     vertex  5.143500e+02  2.425700e+03  1.524000e+02
     vertex  5.143500e+02  2.362200e+03  6.413500e+02
     vertex  5.143500e+02  2.362200e+03  1.524000e+02
   endloop
 endfacet
 facet normal  0.000000e+00  0.000000e+00  1.000000e+00
   outer loop
     vertex  5.143500e+02  2.425700e+03  6.413500e+02
     vertex -5.143500e+02  2.425700e+03  6.413500e+02
     vertex -5.143500e+02  2.362200e+03  6.413500e+02
   endloop
 endfacet
 facet normal  0.000000e+00  0.000000e+00  1.000000e+00
   outer loop
     vertex  5.143500e+02  2.425700e+03  6.413500e+02
     vertex -5.143500e+02  2.362200e+03  6.413500e+02
     vertex  5.143500e+02  2.362200e+03  6.413500e+02
   endloop
 endfacet
 facet normal -1.000000e+00  0.000000e+00  0.000000e+00
   outer loop
     vertex -5.143500e+02  2.362200e+03  6.413500e+02
     vertex -5.143500e+02  2.425700e+03  1.524000e+02
     vertex -5.143500e+02  2.362200e+03  1.524000e+02
   endloop
 endfacet
 facet normal -1.000000e+00 -0.000000e+00 -0.000000e+00
   outer loop
     vertex -5.143500e+02  2.425700e+03  6.413500e+02
     vertex -5.143500e+02  2.425700e+03  1.524000e+02
     vertex -5.143500e+02  2.362200e+03  6.413500e+02
   endloop
 endfacet
 facet normal -5.607045e-02  0.000000e+00 -9.984268e-01
   outer loop
     vertex -3.790134e+02  2.425700e+03  9.582592e-01
     vertex -3.619500e+02  2.425700e+03  0.000000e+00
     vertex -3.619500e+02  2.362200e+03  0.000000e+00
   endloop
 endfacet
 facet normal -5.607045e-02 -0.000000e+00 -9.984268e-01
   outer loop
     vertex -3.790134e+02  2.425700e+03  9.582592e-01
     vertex -3.619500e+02  2.362200e+03  0.000000e+00
     vertex -3.790134e+02  2.362200e+03  9.582592e-01
   endloop
 endfacet
 facet normal -1.675062e-01 -0.000000e+00 -9.858710e-01
   outer loop
     vertex -3.790134e+02  2.425700e+03  9.582592e-01
     vertex -3.790134e+02  2.362200e+03  9.582592e-01
     vertex -3.958622e+02  2.362200e+03  3.820986e+00
   endloop
 endfacet
 facet normal -1.675062e-01 -0.000000e+00 -9.858710e-01
   outer loop
     vertex -3.958622e+02  2.425700e+03  3.820986e+00
     vertex -3.790134e+02  2.425700e+03  9.582592e-01
     vertex -3.958622e+02  2.362200e+03  3.820986e+00
   endloop
 endfacet
 facet normal -2.768355e-01 -0.000000e+00 -9.609173e-01
   outer loop
     vertex -4.122845e+02  2.425700e+03  8.552180e+00
     vertex -3.958622e+02  2.362200e+03  3.820986e+00
     vertex -4.122845e+02  2.362200e+03  8.552180e+00
   endloop
 endfacet
 facet normal -2.768355e-01  0.000000e+00 -9.609173e-01
   outer loop
     vertex -4.122845e+02  2.425700e+03  8.552180e+00
     vertex -3.958622e+02  2.425700e+03  3.820986e+00
     vertex -3.958622e+02  2.362200e+03  3.820986e+00
   endloop
 endfacet
 facet normal -3.826834e-01 -0.000000e+00 -9.238795e-01
   outer loop
     vertex -4.280739e+02  2.425700e+03  1.509234e+01
     vertex -4.122845e+02  2.362200e+03  8.552180e+00
     vertex -4.280739e+02  2.362200e+03  1.509234e+01
   endloop
 endfacet
 facet normal -4.837189e-01 -0.000000e+00 -8.752234e-01
   outer loop
     vertex -4.280739e+02  2.425700e+03  1.509234e+01
     vertex -4.280739e+02  2.362200e+03  1.509234e+01
     vertex -4.430317e+02  2.362200e+03  2.335923e+01
   endloop
 endfacet
 facet normal -3.826834e-01  0.000000e+00 -9.238795e-01
   outer loop
     vertex -4.280739e+02  2.425700e+03  1.509234e+01
     vertex -4.122845e+02  2.425700e+03  8.552180e+00
     vertex -4.122845e+02  2.362200e+03  8.552180e+00
   endloop
 endfacet
 facet normal -4.837189e-01 -0.000000e+00 -8.752234e-01
   outer loop
     vertex -4.430317e+02  2.425700e+03  2.335923e+01
     vertex -4.280739e+02  2.425700e+03  1.509234e+01
     vertex -4.430317e+02  2.362200e+03  2.335923e+01
   endloop
 endfacet
 facet normal -5.786713e-01 -0.000000e+00 -8.155609e-01
   outer loop
     vertex -4.569698e+02  2.425700e+03  3.324888e+01
     vertex -4.430317e+02  2.362200e+03  2.335923e+01
     vertex -4.569698e+02  2.362200e+03  3.324888e+01
   endloop
 endfacet
 facet normal -5.786713e-01  0.000000e+00 -8.155609e-01
   outer loop
     vertex -4.569698e+02  2.425700e+03  3.324888e+01
     vertex -4.430317e+02  2.425700e+03  2.335923e+01
     vertex -4.430317e+02  2.362200e+03  2.335923e+01
   endloop
 endfacet
 facet normal -6.663466e-01 -0.000000e+00 -7.456422e-01
   outer loop
     vertex -4.697131e+02  2.425700e+03  4.463693e+01
     vertex -4.569698e+02  2.362200e+03  3.324888e+01
     vertex -4.697131e+02  2.362200e+03  4.463693e+01
   endloop
 endfacet
 facet normal -7.456422e-01 -0.000000e+00 -6.663466e-01
   outer loop
     vertex -4.697131e+02  2.425700e+03  4.463693e+01
     vertex -4.697131e+02  2.362200e+03  4.463693e+01
     vertex -4.811011e+02  2.362200e+03  5.738015e+01
   endloop
 endfacet
 facet normal -6.663466e-01  0.000000e+00 -7.456422e-01
   outer loop
     vertex -4.697131e+02  2.425700e+03  4.463693e+01
     vertex -4.569698e+02  2.425700e+03  3.324888e+01
     vertex -4.569698e+02  2.362200e+03  3.324888e+01
   endloop
 endfacet
 facet normal -7.456422e-01 -0.000000e+00 -6.663466e-01
   outer loop
     vertex -4.811011e+02  2.425700e+03  5.738015e+01
     vertex -4.697131e+02  2.425700e+03  4.463693e+01
     vertex -4.811011e+02  2.362200e+03  5.738015e+01
   endloop
 endfacet
 facet normal -8.155609e-01 -0.000000e+00 -5.786713e-01
   outer loop
     vertex -4.909908e+02  2.425700e+03  7.131831e+01
     vertex -4.811011e+02  2.362200e+03  5.738015e+01
     vertex -4.909908e+02  2.362200e+03  7.131831e+01
   endloop
 endfacet
 facet normal -8.155609e-01  0.000000e+00 -5.786713e-01
   outer loop
     vertex -4.909908e+02  2.425700e+03  7.131831e+01
     vertex -4.811011e+02  2.425700e+03  5.738015e+01
     vertex -4.811011e+02  2.362200e+03  5.738015e+01
   endloop
 endfacet
 facet normal -8.752234e-01 -0.000000e+00 -4.837189e-01
   outer loop
     vertex -4.992577e+02  2.425700e+03  8.627612e+01
     vertex -4.909908e+02  2.362200e+03  7.131831e+01
     vertex -4.992577e+02  2.362200e+03  8.627612e+01
   endloop
 endfacet
 facet normal -8.752234e-01  0.000000e+00 -4.837189e-01
   outer loop
     vertex -4.992577e+02  2.425700e+03  8.627612e+01
     vertex -4.909908e+02  2.425700e+03  7.131831e+01
     vertex -4.909908e+02  2.362200e+03  7.131831e+01
   endloop
 endfacet
 facet normal -9.238795e-01 -0.000000e+00 -3.826834e-01
   outer loop
     vertex -5.057978e+02  2.425700e+03  1.020655e+02
     vertex -4.992577e+02  2.362200e+03  8.627612e+01
     vertex -5.057978e+02  2.362200e+03  1.020655e+02
   endloop
 endfacet
 facet normal -9.238795e-01  0.000000e+00 -3.826834e-01
   outer loop
     vertex -5.057978e+02  2.425700e+03  1.020655e+02
     vertex -4.992577e+02  2.425700e+03  8.627612e+01
     vertex -4.992577e+02  2.362200e+03  8.627612e+01
   endloop
 endfacet
 facet normal -9.609173e-01 -0.000000e+00 -2.768355e-01
   outer loop
     vertex -5.105290e+02  2.425700e+03  1.184878e+02
     vertex -5.057978e+02  2.362200e+03  1.020655e+02
     vertex -5.105290e+02  2.362200e+03  1.184878e+02
   endloop
 endfacet
 facet normal -9.609173e-01  0.000000e+00 -2.768355e-01
   outer loop
     vertex -5.105290e+02  2.425700e+03  1.184878e+02
     vertex -5.057978e+02  2.425700e+03  1.020655e+02
     vertex -5.057978e+02  2.362200e+03  1.020655e+02
   endloop
 endfacet
 facet normal -9.858710e-01 -0.000000e+00 -1.675062e-01
   outer loop
     vertex -5.133917e+02  2.425700e+03  1.353366e+02
     vertex -5.105290e+02  2.362200e+03  1.184878e+02
     vertex -5.133917e+02  2.362200e+03  1.353366e+02
   endloop
 endfacet
 facet normal -9.984268e-01 -0.000000e+00 -5.607045e-02
   outer loop
     vertex -5.133917e+02  2.425700e+03  1.353366e+02
     vertex -5.133917e+02  2.362200e+03  1.353366e+02
     vertex -5.143500e+02  2.362200e+03  1.524000e+02
   endloop
 endfacet
 facet normal -9.858710e-01  0.000000e+00 -1.675062e-01
   outer loop
     vertex -5.133917e+02  2.425700e+03  1.353366e+02
     vertex -5.105290e+02  2.425700e+03  1.184878e+02
     vertex -5.105290e+02  2.362200e+03  1.184878e+02
   endloop
 endfacet
 facet normal -9.984268e-01 -0.000000e+00 -5.607045e-02
   outer loop
     vertex -5.143500e+02  2.425700e+03  1.524000e+02
     vertex -5.133917e+02  2.425700e+03  1.353366e+02
     vertex -5.143500e+02  2.362200e+03  1.524000e+02
   endloop
 endfacet
 facet normal  0.000000e+00  0.000000e+00 -1.000000e+00
   outer loop
     vertex -3.619500e+02  2.425700e+03  0.000000e+00
     vertex  3.619500e+02  2.425700e+03  0.000000e+00
     vertex  3.619500e+02  2.362200e+03  0.000000e+00
   endloop
 endfacet
 facet normal  0.000000e+00  0.000000e+00 -1.000000e+00
   outer loop
     vertex -3.619500e+02  2.425700e+03  0.000000e+00
     vertex  3.619500e+02  2.362200e+03  0.000000e+00
     vertex -3.619500e+02  2.362200e+03  0.000000e+00
   endloop
 endfacet
 facet normal  9.984268e-01  0.000000e+00 -5.607045e-02
   outer loop
     vertex  5.133917e+02  2.425700e+03  1.353366e+02
     vertex  5.143500e+02  2.425700e+03  1.524000e+02
     vertex  5.143500e+02  2.362200e+03  1.524000e+02
   endloop
 endfacet
 facet normal  9.984268e-01  0.000000e+00 -5.607045e-02
   outer loop
     vertex  5.133917e+02  2.425700e+03  1.353366e+02
     vertex  5.143500e+02  2.362200e+03  1.524000e+02
     vertex  5.133917e+02  2.362200e+03  1.353366e+02
   endloop
 endfacet
 facet normal  9.858710e-01  0.000000e+00 -1.675062e-01
   outer loop
     vertex  5.105290e+02  2.425700e+03  1.184878e+02
     vertex  5.133917e+02  2.362200e+03  1.353366e+02
     vertex  5.105290e+02  2.362200e+03  1.184878e+02
   endloop
 endfacet
 facet normal  9.858710e-01  0.000000e+00 -1.675062e-01
   outer loop
     vertex  5.105290e+02  2.425700e+03  1.184878e+02
     vertex  5.133917e+02  2.425700e+03  1.353366e+02
     vertex  5.133917e+02  2.362200e+03  1.353366e+02
   endloop
 endfacet
 facet normal  9.609173e-01  0.000000e+00 -2.768355e-01
   outer loop
     vertex  5.057978e+02  2.425700e+03  1.020655e+02
     vertex  5.105290e+02  2.362200e+03  1.184878e+02
     vertex  5.057978e+02  2.362200e+03  1.020655e+02
   endloop
 endfacet
 facet normal  9.238795e-01  0.000000e+00 -3.826834e-01
   outer loop
     vertex  5.057978e+02  2.425700e+03  1.020655e+02
     vertex  5.057978e+02  2.362200e+03  1.020655e+02
     vertex  4.992577e+02  2.362200e+03  8.627612e+01
   endloop
 endfacet
 facet normal  9.609173e-01  0.000000e+00 -2.768355e-01
   outer loop
     vertex  5.057978e+02  2.425700e+03  1.020655e+02
     vertex  5.105290e+02  2.425700e+03  1.184878e+02
     vertex  5.105290e+02  2.362200e+03  1.184878e+02
   endloop
 endfacet
 facet normal  9.238795e-01  0.000000e+00 -3.826834e-01
   outer loop
     vertex  4.992577e+02  2.425700e+03  8.627612e+01
     vertex  5.057978e+02  2.425700e+03  1.020655e+02
     vertex  4.992577e+02  2.362200e+03  8.627612e+01
   endloop
 endfacet
 facet normal  8.752234e-01  0.000000e+00 -4.837189e-01
   outer loop
     vertex  4.909908e+02  2.425700e+03  7.131831e+01
     vertex  4.992577e+02  2.362200e+03  8.627612e+01
     vertex  4.909908e+02  2.362200e+03  7.131831e+01
   endloop
 endfacet
 facet normal  8.752234e-01  0.000000e+00 -4.837189e-01
   outer loop
     vertex  4.909908e+02  2.425700e+03  7.131831e+01
     vertex  4.992577e+02  2.425700e+03  8.627612e+01
     vertex  4.992577e+02  2.362200e+03  8.627612e+01
   endloop
 endfacet
 facet normal  8.155609e-01  0.000000e+00 -5.786713e-01
   outer loop
     vertex  4.811011e+02  2.425700e+03  5.738015e+01
     vertex  4.909908e+02  2.362200e+03  7.131831e+01
     vertex  4.811011e+02  2.362200e+03  5.738015e+01
   endloop
 endfacet
 facet normal  7.456422e-01  0.000000e+00 -6.663466e-01
   outer loop
     vertex  4.811011e+02  2.425700e+03  5.738015e+01
     vertex  4.811011e+02  2.362200e+03  5.738015e+01
     vertex  4.697131e+02  2.362200e+03  4.463693e+01
   endloop
 endfacet
 facet normal  8.155609e-01  0.000000e+00 -5.786713e-01
   outer loop
     vertex  4.811011e+02  2.425700e+03  5.738015e+01
     vertex  4.909908e+02  2.425700e+03  7.131831e+01
     vertex  4.909908e+02  2.362200e+03  7.131831e+01
   endloop
 endfacet
 facet normal  7.456422e-01  0.000000e+00 -6.663466e-01
   outer loop
     vertex  4.697131e+02  2.425700e+03  4.463693e+01
     vertex  4.811011e+02  2.425700e+03  5.738015e+01
     vertex  4.697131e+02  2.362200e+03  4.463693e+01
   endloop
 endfacet
 facet normal  6.663466e-01  0.000000e+00 -7.456422e-01
   outer loop
     vertex  4.569698e+02  2.425700e+03  3.324888e+01
     vertex  4.697131e+02  2.362200e+03  4.463693e+01
     vertex  4.569698e+02  2.362200e+03  3.324888e+01
   endloop
 endfacet
 facet normal  6.663466e-01  0.000000e+00 -7.456422e-01
   outer loop
     vertex  4.569698e+02  2.425700e+03  3.324888e+01
     vertex  4.697131e+02  2.425700e+03  4.463693e+01
     vertex  4.697131e+02  2.362200e+03  4.463693e+01
   endloop
 endfacet
 facet normal  5.786713e-01  0.000000e+00 -8.155609e-01
   outer loop
     vertex  4.430317e+02  2.425700e+03  2.335923e+01
     vertex  4.569698e+02  2.362200e+03  3.324888e+01
     vertex  4.430317e+02  2.362200e+03  2.335923e+01
   endloop
 endfacet
 facet normal  5.786713e-01  0.000000e+00 -8.155609e-01
   outer loop
     vertex  4.430317e+02  2.425700e+03  2.335923e+01
     vertex  4.569698e+02  2.425700e+03  3.324888e+01
     vertex  4.569698e+02  2.362200e+03  3.324888e+01
   endloop
 endfacet
 facet normal  4.837189e-01  0.000000e+00 -8.752234e-01
   outer loop
     vertex  4.280739e+02  2.425700e+03  1.509234e+01
     vertex  4.430317e+02  2.362200e+03  2.335923e+01
     vertex  4.280739e+02  2.362200e+03  1.509234e+01
   endloop
 endfacet
 facet normal  4.837189e-01  0.000000e+00 -8.752234e-01
   outer loop
     vertex  4.280739e+02  2.425700e+03  1.509234e+01
     vertex  4.430317e+02  2.425700e+03  2.335923e+01
     vertex  4.430317e+02  2.362200e+03  2.335923e+01
   endloop
 endfacet
 facet normal  3.826834e-01  0.000000e+00 -9.238795e-01
   outer loop
     vertex  4.122845e+02  2.425700e+03  8.552180e+00
     vertex  4.280739e+02  2.362200e+03  1.509234e+01
     vertex  4.122845e+02  2.362200e+03  8.552180e+00
   endloop
 endfacet
 facet normal  3.826834e-01  0.000000e+00 -9.238795e-01
   outer loop
     vertex  4.122845e+02  2.425700e+03  8.552180e+00
     vertex  4.280739e+02  2.425700e+03  1.509234e+01
     vertex  4.280739e+02  2.362200e+03  1.509234e+01
   endloop
 endfacet
 facet normal  2.768355e-01  0.000000e+00 -9.609173e-01
   outer loop
     vertex  3.958622e+02  2.425700e+03  3.820986e+00
     vertex  4.122845e+02  2.362200e+03  8.552180e+00
     vertex  3.958622e+02  2.362200e+03  3.820986e+00
   endloop
 endfacet
 facet normal  2.768355e-01  0.000000e+00 -9.609173e-01
   outer loop
     vertex  3.958622e+02  2.425700e+03  3.820986e+00
     vertex  4.122845e+02  2.425700e+03  8.552180e+00
     vertex  4.122845e+02  2.362200e+03  8.552180e+00
   endloop
 endfacet
 facet normal  1.675062e-01  0.000000e+00 -9.858710e-01
   outer loop
     vertex  3.790134e+02  2.425700e+03  9.582592e-01
     vertex  3.958622e+02  2.362200e+03  3.820986e+00
     vertex  3.790134e+02  2.362200e+03  9.582592e-01
   endloop
 endfacet
 facet normal  5.607045e-02  0.000000e+00 -9.984268e-01
   outer loop
     vertex  3.790134e+02  2.425700e+03  9.582592e-01
     vertex  3.790134e+02  2.362200e+03  9.582592e-01
     vertex  3.619500e+02  2.362200e+03  0.000000e+00
   endloop
 endfacet
 facet normal  1.675062e-01  0.000000e+00 -9.858710e-01
   outer loop
     vertex  3.790134e+02  2.425700e+03  9.582592e-01
     vertex  3.958622e+02  2.425700e+03  3.820986e+00
     vertex  3.958622e+02  2.362200e+03  3.820986e+00
   endloop
 endfacet
 facet normal  5.607045e-02  0.000000e+00 -9.984268e-01
   outer loop
     vertex  3.619500e+02  2.425700e+03  0.000000e+00
     vertex  3.790134e+02  2.425700e+03  9.582592e-01
     vertex  3.619500e+02  2.362200e+03  0.000000e+00
   endloop
 endfacet
 facet normal  0.000000e+00 -1.000000e+00 -0.000000e+00
   outer loop
     vertex -4.599257e+02  2.362200e+03  5.281657e+01
     vertex -4.697131e+02  2.362200e+03  4.463693e+01
     vertex -4.569698e+02  2.362200e+03  3.324888e+01
   endloop
 endfacet
 facet normal  0.000000e+00 -1.000000e+00  0.000000e+00
   outer loop
     vertex -4.705616e+02  2.362200e+03  6.453874e+01
     vertex -4.697131e+02  2.362200e+03  4.463693e+01
     vertex -4.599257e+02  2.362200e+03  5.281657e+01
   endloop
 endfacet
 facet normal  0.000000e+00 -1.000000e+00 -0.000000e+00
   outer loop
     vertex -4.705616e+02  2.362200e+03  6.453874e+01
     vertex -4.811011e+02  2.362200e+03  5.738015e+01
     vertex -4.697131e+02  2.362200e+03  4.463693e+01
   endloop
 endfacet
 facet normal  0.000000e+00 -1.000000e+00 -0.000000e+00
   outer loop
     vertex -4.480320e+02  2.362200e+03  4.237279e+01
     vertex -4.569698e+02  2.362200e+03  3.324888e+01
     vertex -4.430317e+02  2.362200e+03  2.335923e+01
   endloop
 endfacet
 facet normal -0.000000e+00 -1.000000e+00  0.000000e+00
   outer loop
     vertex -4.480320e+02  2.362200e+03  4.237279e+01
     vertex -4.599257e+02  2.362200e+03  5.281657e+01
     vertex -4.569698e+02  2.362200e+03  3.324888e+01
   endloop
 endfacet
 facet normal  0.000000e+00 -1.000000e+00 -0.000000e+00
   outer loop
     vertex -4.798033e+02  2.362200e+03  7.738880e+01
     vertex -4.811011e+02  2.362200e+03  5.738015e+01
     vertex -4.705616e+02  2.362200e+03  6.453874e+01
   endloop
 endfacet
 facet normal  0.000000e+00 -1.000000e+00  0.000000e+00
   outer loop
     vertex -4.798033e+02  2.362200e+03  7.738880e+01
     vertex -4.909908e+02  2.362200e+03  7.131831e+01
     vertex -4.811011e+02  2.362200e+03  5.738015e+01
   endloop
 endfacet
 facet normal -0.000000e+00 -1.000000e+00  0.000000e+00
   outer loop
     vertex -4.350332e+02  2.362200e+03  3.334145e+01
     vertex -4.480320e+02  2.362200e+03  4.237279e+01
     vertex -4.430317e+02  2.362200e+03  2.335923e+01
   endloop
 endfacet
 facet normal  0.000000e+00 -1.000000e+00 -0.000000e+00
   outer loop
     vertex -4.350332e+02  2.362200e+03  3.334145e+01
     vertex -4.430317e+02  2.362200e+03  2.335923e+01
     vertex -4.280739e+02  2.362200e+03  1.509234e+01
   endloop
 endfacet
 facet normal  0.000000e+00 -1.000000e+00 -0.000000e+00
   outer loop
     vertex -4.875321e+02  2.362200e+03  9.120179e+01
     vertex -4.909908e+02  2.362200e+03  7.131831e+01
     vertex -4.798033e+02  2.362200e+03  7.738880e+01
   endloop
 endfacet
 facet normal  0.000000e+00 -1.000000e+00  0.000000e+00
   outer loop
     vertex -4.875321e+02  2.362200e+03  9.120179e+01
     vertex -4.992577e+02  2.362200e+03  8.627612e+01
     vertex -4.909908e+02  2.362200e+03  7.131831e+01
   endloop
 endfacet
 facet normal -0.000000e+00 -1.000000e+00  0.000000e+00
   outer loop
     vertex -4.210962e+02  2.362200e+03  2.583850e+01
     vertex -4.350332e+02  2.362200e+03  3.334145e+01
     vertex -4.280739e+02  2.362200e+03  1.509234e+01
   endloop
 endfacet
 facet normal  0.000000e+00 -1.000000e+00 -0.000000e+00
   outer loop
     vertex -4.210962e+02  2.362200e+03  2.583850e+01
     vertex -4.280739e+02  2.362200e+03  1.509234e+01
     vertex -4.122845e+02  2.362200e+03  8.552180e+00
   endloop
 endfacet
 facet normal  0.000000e+00 -1.000000e+00 -0.000000e+00
   outer loop
     vertex -4.936488e+02  2.362200e+03  1.058004e+02
     vertex -4.992577e+02  2.362200e+03  8.627612e+01
     vertex -4.875321e+02  2.362200e+03  9.120179e+01
   endloop
 endfacet
 facet normal  0.000000e+00 -1.000000e+00  0.000000e+00
   outer loop
     vertex -4.936488e+02  2.362200e+03  1.058004e+02
     vertex -5.057978e+02  2.362200e+03  1.020655e+02
     vertex -4.992577e+02  2.362200e+03  8.627612e+01
   endloop
 endfacet
 facet normal -0.000000e+00 -1.000000e+00  0.000000e+00
   outer loop
     vertex -4.064000e+02  2.362200e+03  1.996025e+01
     vertex -4.210962e+02  2.362200e+03  2.583850e+01
     vertex -4.122845e+02  2.362200e+03  8.552180e+00
   endloop
 endfacet
 facet normal  0.000000e+00 -1.000000e+00 -0.000000e+00
   outer loop
     vertex -4.000500e+02  2.362200e+03  1.799583e+01
     vertex -4.122845e+02  2.362200e+03  8.552180e+00
     vertex -3.958622e+02  2.362200e+03  3.820986e+00
   endloop
 endfacet
 facet normal -0.000000e+00 -1.000000e+00  0.000000e+00
   outer loop
     vertex -4.000500e+02  2.362200e+03  1.799583e+01
     vertex -4.064000e+02  2.362200e+03  1.996025e+01
     vertex -4.122845e+02  2.362200e+03  8.552180e+00
   endloop
 endfacet
 facet normal  0.000000e+00 -1.000000e+00 -0.000000e+00
   outer loop
     vertex -4.980748e+02  2.362200e+03  1.209972e+02
     vertex -5.057978e+02  2.362200e+03  1.020655e+02
     vertex -4.936488e+02  2.362200e+03  1.058004e+02
   endloop
 endfacet
 facet normal  0.000000e+00 -1.000000e+00  0.000000e+00
   outer loop
     vertex -4.980748e+02  2.362200e+03  1.209972e+02
     vertex -5.105290e+02  2.362200e+03  1.184878e+02
     vertex -5.057978e+02  2.362200e+03  1.020655e+02
   endloop
 endfacet
 facet normal  0.000000e+00 -1.000000e+00  0.000000e+00
   outer loop
     vertex -3.937000e+02  2.362200e+03  1.799583e+01
     vertex -4.064000e+02  2.362200e+03  1.996025e+01
     vertex -4.000500e+02  2.362200e+03  1.799583e+01
   endloop
 endfacet
 facet normal  0.000000e+00 -1.000000e+00 -0.000000e+00
   outer loop
     vertex -3.875308e+02  2.362200e+03  1.506204e+01
     vertex -3.958622e+02  2.362200e+03  3.820986e+00
     vertex -3.790134e+02  2.362200e+03  9.582592e-01
   endloop
 endfacet
 facet normal  0.000000e+00 -1.000000e+00  0.000000e+00
   outer loop
     vertex -5.007533e+02  2.362200e+03  1.365972e+02
     vertex -5.133917e+02  2.362200e+03  1.353366e+02
     vertex -5.105290e+02  2.362200e+03  1.184878e+02
   endloop
 endfacet
 facet normal  0.000000e+00 -1.000000e+00 -0.000000e+00
   outer loop
     vertex -5.007533e+02  2.362200e+03  1.365972e+02
     vertex -5.105290e+02  2.362200e+03  1.184878e+02
     vertex -4.980748e+02  2.362200e+03  1.209972e+02
   endloop
 endfacet
 facet normal  0.000000e+00 -1.000000e+00 -0.000000e+00
   outer loop
     vertex -3.747948e+02  2.362200e+03  1.329176e+01
     vertex -3.790134e+02  2.362200e+03  9.582592e-01
     vertex -3.619500e+02  2.362200e+03  0.000000e+00
   endloop
 endfacet
 facet normal -0.000000e+00 -1.000000e+00  0.000000e+00
   outer loop
     vertex -3.747948e+02  2.362200e+03  1.329176e+01
     vertex -3.875308e+02  2.362200e+03  1.506204e+01
     vertex -3.790134e+02  2.362200e+03  9.582592e-01
   endloop
 endfacet
 facet normal -0.000000e+00 -1.000000e+00  0.000000e+00
   outer loop
     vertex -5.016500e+02  2.362200e+03  1.524000e+02
     vertex -5.143500e+02  2.362200e+03  1.524000e+02
     vertex -5.133917e+02  2.362200e+03  1.353366e+02
   endloop
 endfacet
 facet normal  0.000000e+00 -1.000000e+00 -0.000000e+00
   outer loop
     vertex -5.016500e+02  2.362200e+03  1.524000e+02
     vertex -5.133917e+02  2.362200e+03  1.353366e+02
     vertex -5.007533e+02  2.362200e+03  1.365972e+02
   endloop
 endfacet
 facet normal -0.000000e+00 -1.000000e+00 -0.000000e+00
   outer loop
     vertex -3.619500e+02  2.362200e+03  1.270000e+01
     vertex -3.747948e+02  2.362200e+03  1.329176e+01
     vertex -3.619500e+02  2.362200e+03  0.000000e+00
   endloop
 endfacet
 facet normal -0.000000e+00 -1.000000e+00  0.000000e+00
   outer loop
     vertex -2.667000e+02  2.362200e+03  1.270000e+01
     vertex -3.619500e+02  2.362200e+03  1.270000e+01
     vertex -3.619500e+02  2.362200e+03  0.000000e+00
   endloop
 endfacet
 facet normal -0.000000e+00 -1.000000e+00  0.000000e+00
   outer loop
     vertex -2.540000e+02  2.362200e+03  1.270000e+01
     vertex -2.667000e+02  2.362200e+03  1.270000e+01
     vertex -3.619500e+02  2.362200e+03  0.000000e+00
   endloop
 endfacet
 facet normal -0.000000e+00 -1.000000e+00  0.000000e+00
   outer loop
     vertex -1.270000e+02  2.362200e+03  1.270000e+01
     vertex -2.540000e+02  2.362200e+03  1.270000e+01
     vertex -3.619500e+02  2.362200e+03  0.000000e+00
   endloop
 endfacet
 facet normal  0.000000e+00 -1.000000e+00 -0.000000e+00
   outer loop
     vertex -5.016500e+02  2.362200e+03  6.286500e+02
     vertex -5.143500e+02  2.362200e+03  1.524000e+02
     vertex -5.016500e+02  2.362200e+03  1.524000e+02
   endloop
 endfacet
 facet normal -0.000000e+00 -1.000000e+00  0.000000e+00
   outer loop
     vertex -5.016500e+02  2.362200e+03  6.286500e+02
     vertex -5.143500e+02  2.362200e+03  6.413500e+02
     vertex -5.143500e+02  2.362200e+03  1.524000e+02
   endloop
 endfacet
 facet normal  0.000000e+00 -1.000000e+00  0.000000e+00
   outer loop
     vertex -4.064000e+02  2.362200e+03  6.286500e+02
     vertex -5.143500e+02  2.362200e+03  6.413500e+02
     vertex -5.016500e+02  2.362200e+03  6.286500e+02
   endloop
 endfacet
 facet normal  0.000000e+00 -1.000000e+00  0.000000e+00
   outer loop
     vertex -3.937000e+02  2.362200e+03  6.286500e+02
     vertex -5.143500e+02  2.362200e+03  6.413500e+02
     vertex -4.064000e+02  2.362200e+03  6.286500e+02
   endloop
 endfacet
 facet normal -0.000000e+00 -1.000000e+00  0.000000e+00
   outer loop
     vertex  3.619500e+02  2.362200e+03  1.270000e+01
     vertex  1.651000e+02  2.362200e+03  1.270000e+01
     vertex  3.619500e+02  2.362200e+03  0.000000e+00
   endloop
 endfacet
 facet normal  0.000000e+00 -1.000000e+00 -0.000000e+00
   outer loop
     vertex  3.775914e+02  2.362200e+03  1.357840e+01
     vertex  3.619500e+02  2.362200e+03  0.000000e+00
     vertex  3.790134e+02  2.362200e+03  9.582592e-01
   endloop
 endfacet
 facet normal  0.000000e+00 -1.000000e+00  0.000000e+00
   outer loop
     vertex  3.775914e+02  2.362200e+03  1.357840e+01
     vertex  3.619500e+02  2.362200e+03  1.270000e+01
     vertex  3.619500e+02  2.362200e+03  0.000000e+00
   endloop
 endfacet
 facet normal  0.000000e+00 -1.000000e+00 -0.000000e+00
   outer loop
     vertex  3.930362e+02  2.362200e+03  1.620257e+01
     vertex  3.790134e+02  2.362200e+03  9.582592e-01
     vertex  3.958622e+02  2.362200e+03  3.820986e+00
   endloop
 endfacet
 facet normal  0.000000e+00 -1.000000e+00  0.000000e+00
   outer loop
     vertex  3.930362e+02  2.362200e+03  1.620257e+01
     vertex  3.775914e+02  2.362200e+03  1.357840e+01
     vertex  3.790134e+02  2.362200e+03  9.582592e-01
   endloop
 endfacet
 facet normal  0.000000e+00 -1.000000e+00 -0.000000e+00
   outer loop
     vertex  4.080900e+02  2.362200e+03  2.053950e+01
     vertex  3.958622e+02  2.362200e+03  3.820986e+00
     vertex  4.122845e+02  2.362200e+03  8.552180e+00
   endloop
 endfacet
 facet normal  0.000000e+00 -1.000000e+00  0.000000e+00
   outer loop
     vertex  4.080900e+02  2.362200e+03  2.053950e+01
     vertex  3.930362e+02  2.362200e+03  1.620257e+01
     vertex  3.958622e+02  2.362200e+03  3.820986e+00
   endloop
 endfacet
 facet normal  0.000000e+00 -1.000000e+00 -0.000000e+00
   outer loop
     vertex  4.225636e+02  2.362200e+03  2.653465e+01
     vertex  4.122845e+02  2.362200e+03  8.552180e+00
     vertex  4.280739e+02  2.362200e+03  1.509234e+01
   endloop
 endfacet
 facet normal  0.000000e+00 -1.000000e+00  0.000000e+00
   outer loop
     vertex  4.225636e+02  2.362200e+03  2.653465e+01
     vertex  4.080900e+02  2.362200e+03  2.053950e+01
     vertex  4.122845e+02  2.362200e+03  8.552180e+00
   endloop
 endfacet
 facet normal  0.000000e+00 -1.000000e+00 -0.000000e+00
   outer loop
     vertex  4.362749e+02  2.362200e+03  3.411263e+01
     vertex  4.280739e+02  2.362200e+03  1.509234e+01
     vertex  4.430317e+02  2.362200e+03  2.335923e+01
   endloop
 endfacet
 facet normal  0.000000e+00 -1.000000e+00  0.000000e+00
   outer loop
     vertex  4.362749e+02  2.362200e+03  3.411263e+01
     vertex  4.225636e+02  2.362200e+03  2.653465e+01
     vertex  4.280739e+02  2.362200e+03  1.509234e+01
   endloop
 endfacet
 facet normal -0.000000e+00 -1.000000e+00  0.000000e+00
   outer loop
     vertex  4.569698e+02  2.362200e+03  3.324888e+01
     vertex  4.362749e+02  2.362200e+03  3.411263e+01
     vertex  4.430317e+02  2.362200e+03  2.335923e+01
   endloop
 endfacet
 facet normal  0.000000e+00 -1.000000e+00 -0.000000e+00
   outer loop
     vertex  4.490515e+02  2.362200e+03  4.317814e+01
     vertex  4.362749e+02  2.362200e+03  3.411263e+01
     vertex  4.569698e+02  2.362200e+03  3.324888e+01
   endloop
 endfacet
 facet normal -0.000000e+00 -1.000000e+00  0.000000e+00
   outer loop
     vertex -1.143000e+02  2.362200e+03  6.286500e+02
     vertex -1.270000e+02  2.362200e+03  6.286500e+02
     vertex -1.270000e+02  2.362200e+03  1.270000e+01
   endloop
 endfacet
 facet normal  0.000000e+00 -1.000000e+00 -0.000000e+00
   outer loop
     vertex -1.143000e+02  2.362200e+03  6.286500e+02
     vertex -1.270000e+02  2.362200e+03  1.270000e+01
     vertex -1.143000e+02  2.362200e+03  1.270000e+01
   endloop
 endfacet
 facet normal  0.000000e+00 -1.000000e+00  0.000000e+00
   outer loop
     vertex  4.697131e+02  2.362200e+03  4.463693e+01
     vertex  4.490515e+02  2.362200e+03  4.317814e+01
     vertex  4.569698e+02  2.362200e+03  3.324888e+01
   endloop
 endfacet
 facet normal -0.000000e+00 -1.000000e+00  0.000000e+00
   outer loop
     vertex  4.697131e+02  2.362200e+03  4.463693e+01
     vertex  4.607328e+02  2.362200e+03  5.361718e+01
     vertex  4.490515e+02  2.362200e+03  4.317814e+01
   endloop
 endfacet
 facet normal  0.000000e+00 -1.000000e+00  0.000000e+00
   outer loop
     vertex  4.711719e+02  2.362200e+03  6.529847e+01
     vertex  4.607328e+02  2.362200e+03  5.361718e+01
     vertex  4.697131e+02  2.362200e+03  4.463693e+01
   endloop
 endfacet
 facet normal -0.000000e+00 -1.000000e+00  0.000000e+00
   outer loop
     vertex  4.811011e+02  2.362200e+03  5.738015e+01
     vertex  4.711719e+02  2.362200e+03  6.529847e+01
     vertex  4.697131e+02  2.362200e+03  4.463693e+01
   endloop
 endfacet
 facet normal  0.000000e+00 -1.000000e+00  0.000000e+00
   outer loop
     vertex  4.909908e+02  2.362200e+03  7.131831e+01
     vertex  4.711719e+02  2.362200e+03  6.529847e+01
     vertex  4.811011e+02  2.362200e+03  5.738015e+01
   endloop
 endfacet
 facet normal -0.000000e+00 -1.000000e+00  0.000000e+00
   outer loop
     vertex  4.909908e+02  2.362200e+03  7.131831e+01
     vertex  4.802374e+02  2.362200e+03  7.807512e+01
     vertex  4.711719e+02  2.362200e+03  6.529847e+01
   endloop
 endfacet
 facet normal  0.000000e+00 -1.000000e+00  0.000000e+00
   outer loop
     vertex  4.992577e+02  2.362200e+03  8.627612e+01
     vertex  4.802374e+02  2.362200e+03  7.807512e+01
     vertex  4.909908e+02  2.362200e+03  7.131831e+01
   endloop
 endfacet
 facet normal -0.000000e+00 -1.000000e+00  0.000000e+00
   outer loop
     vertex  4.992577e+02  2.362200e+03  8.627612e+01
     vertex  4.878154e+02  2.362200e+03  9.178644e+01
     vertex  4.802374e+02  2.362200e+03  7.807512e+01
   endloop
 endfacet
 facet normal  0.000000e+00 -1.000000e+00 -0.000000e+00
   outer loop
     vertex  4.938105e+02  2.362200e+03  1.062600e+02
     vertex  4.878154e+02  2.362200e+03  9.178644e+01
     vertex  4.992577e+02  2.362200e+03  8.627612e+01
   endloop
 endfacet
 facet normal -0.000000e+00 -1.000000e+00  0.000000e+00
   outer loop
     vertex  5.057978e+02  2.362200e+03  1.020655e+02
     vertex  4.938105e+02  2.362200e+03  1.062600e+02
     vertex  4.992577e+02  2.362200e+03  8.627612e+01
   endloop
 endfacet
 facet normal -0.000000e+00 -1.000000e+00  0.000000e+00
   outer loop
     vertex  5.105290e+02  2.362200e+03  1.184878e+02
     vertex  4.981474e+02  2.362200e+03  1.213138e+02
     vertex  4.938105e+02  2.362200e+03  1.062600e+02
   endloop
 endfacet
 facet normal  0.000000e+00 -1.000000e+00  0.000000e+00
   outer loop
     vertex  5.105290e+02  2.362200e+03  1.184878e+02
     vertex  4.938105e+02  2.362200e+03  1.062600e+02
     vertex  5.057978e+02  2.362200e+03  1.020655e+02
   endloop
 endfacet
 facet normal  0.000000e+00 -1.000000e+00 -0.000000e+00
   outer loop
     vertex  1.270000e+01  2.362200e+03  6.286500e+02
     vertex  1.270000e+01  2.362200e+03  1.270000e+01
     vertex  2.540000e+01  2.362200e+03  1.270000e+01
   endloop
 endfacet
 facet normal  0.000000e+00 -1.000000e+00  0.000000e+00
   outer loop
     vertex  5.133917e+02  2.362200e+03  1.353366e+02
     vertex  4.981474e+02  2.362200e+03  1.213138e+02
     vertex  5.105290e+02  2.362200e+03  1.184878e+02
   endloop
 endfacet
 facet normal -0.000000e+00 -1.000000e+00  0.000000e+00
   outer loop
     vertex  5.133917e+02  2.362200e+03  1.353366e+02
     vertex  5.007716e+02  2.362200e+03  1.367586e+02
     vertex  4.981474e+02  2.362200e+03  1.213138e+02
   endloop
 endfacet
 facet normal -0.000000e+00 -1.000000e+00 -0.000000e+00
   outer loop
     vertex  2.540000e+01  2.362200e+03  6.286500e+02
     vertex  1.270000e+01  2.362200e+03  6.286500e+02
     vertex  2.540000e+01  2.362200e+03  1.270000e+01
   endloop
 endfacet
 facet normal  0.000000e+00 -1.000000e+00  0.000000e+00
   outer loop
     vertex  5.143500e+02  2.362200e+03  1.524000e+02
     vertex  5.007716e+02  2.362200e+03  1.367586e+02
     vertex  5.133917e+02  2.362200e+03  1.353366e+02
   endloop
 endfacet
 facet normal  0.000000e+00 -1.000000e+00  0.000000e+00
   outer loop
     vertex  5.143500e+02  2.362200e+03  1.524000e+02
     vertex  5.016500e+02  2.362200e+03  1.524000e+02
     vertex  5.007716e+02  2.362200e+03  1.367586e+02
   endloop
 endfacet
 facet normal -0.000000e+00 -1.000000e+00  0.000000e+00
   outer loop
     vertex  1.651000e+02  2.362200e+03  6.286500e+02
     vertex  1.524000e+02  2.362200e+03  6.286500e+02
     vertex  1.524000e+02  2.362200e+03  1.270000e+01
   endloop
 endfacet
 facet normal  0.000000e+00 -1.000000e+00  0.000000e+00
   outer loop
     vertex  1.651000e+02  2.362200e+03  6.286500e+02
     vertex  1.524000e+02  2.362200e+03  1.270000e+01
     vertex  1.651000e+02  2.362200e+03  1.270000e+01
   endloop
 endfacet
 facet normal  0.000000e+00 -1.000000e+00  0.000000e+00
   outer loop
     vertex  5.016500e+02  2.362200e+03  6.286500e+02
     vertex  5.016500e+02  2.362200e+03  1.524000e+02
     vertex  5.143500e+02  2.362200e+03  1.524000e+02
   endloop
 endfacet
 facet normal  0.000000e+00 -1.000000e+00 -0.000000e+00
   outer loop
     vertex  5.143500e+02  2.362200e+03  6.413500e+02
     vertex  5.016500e+02  2.362200e+03  6.286500e+02
     vertex  5.143500e+02  2.362200e+03  1.524000e+02
   endloop
 endfacet
 facet normal  0.000000e+00 -1.000000e+00  0.000000e+00
   outer loop
     vertex  5.143500e+02  2.362200e+03  6.413500e+02
     vertex  1.651000e+02  2.362200e+03  6.286500e+02
     vertex  5.016500e+02  2.362200e+03  6.286500e+02
   endloop
 endfacet
 facet normal  0.000000e+00 -1.000000e+00  0.000000e+00
   outer loop
     vertex  3.619500e+02  2.362200e+03  0.000000e+00
     vertex -1.143000e+02  2.362200e+03  1.270000e+01
     vertex -3.619500e+02  2.362200e+03  0.000000e+00
   endloop
 endfacet
 facet normal -0.000000e+00 -1.000000e+00  0.000000e+00
   outer loop
     vertex -1.143000e+02  2.362200e+03  1.270000e+01
     vertex -1.270000e+02  2.362200e+03  1.270000e+01
     vertex -3.619500e+02  2.362200e+03  0.000000e+00
   endloop
 endfacet
 facet normal  0.000000e+00 -1.000000e+00  0.000000e+00
   outer loop
     vertex  3.619500e+02  2.362200e+03  0.000000e+00
     vertex  1.270000e+01  2.362200e+03  1.270000e+01
     vertex -1.143000e+02  2.362200e+03  1.270000e+01
   endloop
 endfacet
 facet normal  0.000000e+00 -1.000000e+00  0.000000e+00
   outer loop
     vertex  3.619500e+02  2.362200e+03  0.000000e+00
     vertex  2.540000e+01  2.362200e+03  1.270000e+01
     vertex  1.270000e+01  2.362200e+03  1.270000e+01
   endloop
 endfacet
 facet normal  0.000000e+00 -1.000000e+00  0.000000e+00
   outer loop
     vertex  3.619500e+02  2.362200e+03  0.000000e+00
     vertex  1.524000e+02  2.362200e+03  1.270000e+01
     vertex  2.540000e+01  2.362200e+03  1.270000e+01
   endloop
 endfacet
 facet normal  0.000000e+00 -1.000000e+00  0.000000e+00
   outer loop
     vertex  3.619500e+02  2.362200e+03  0.000000e+00
     vertex  1.651000e+02  2.362200e+03  1.270000e+01
     vertex  1.524000e+02  2.362200e+03  1.270000e+01
   endloop
 endfacet
 facet normal  0.000000e+00 -1.000000e+00  0.000000e+00
   outer loop
     vertex -5.143500e+02  2.362200e+03  6.413500e+02
     vertex  1.651000e+02  2.362200e+03  6.286500e+02
     vertex  5.143500e+02  2.362200e+03  6.413500e+02
   endloop
 endfacet
 facet normal  0.000000e+00 -1.000000e+00  0.000000e+00
   outer loop
     vertex -5.143500e+02  2.362200e+03  6.413500e+02
     vertex  1.524000e+02  2.362200e+03  6.286500e+02
     vertex  1.651000e+02  2.362200e+03  6.286500e+02
   endloop
 endfacet
 facet normal  0.000000e+00 -1.000000e+00  0.000000e+00
   outer loop
     vertex -5.143500e+02  2.362200e+03  6.413500e+02
     vertex  2.540000e+01  2.362200e+03  6.286500e+02
     vertex  1.524000e+02  2.362200e+03  6.286500e+02
   endloop
 endfacet
 facet normal  0.000000e+00 -1.000000e+00  0.000000e+00
   outer loop
     vertex -5.143500e+02  2.362200e+03  6.413500e+02
     vertex  1.270000e+01  2.362200e+03  6.286500e+02
     vertex  2.540000e+01  2.362200e+03  6.286500e+02
   endloop
 endfacet
 facet normal  0.000000e+00 -1.000000e+00  0.000000e+00
   outer loop
     vertex -5.143500e+02  2.362200e+03  6.413500e+02
     vertex -1.143000e+02  2.362200e+03  6.286500e+02
     vertex  1.270000e+01  2.362200e+03  6.286500e+02
   endloop
 endfacet
 facet normal  0.000000e+00 -1.000000e+00  0.000000e+00
   outer loop
     vertex -5.143500e+02  2.362200e+03  6.413500e+02
     vertex -1.270000e+02  2.362200e+03  6.286500e+02
     vertex -1.143000e+02  2.362200e+03  6.286500e+02
   endloop
 endfacet
 facet normal  0.000000e+00 -1.000000e+00  0.000000e+00
   outer loop
     vertex -5.143500e+02  2.362200e+03  6.413500e+02
     vertex -2.540000e+02  2.362200e+03  6.286500e+02
     vertex -1.270000e+02  2.362200e+03  6.286500e+02
   endloop
 endfacet
 facet normal  0.000000e+00 -1.000000e+00  0.000000e+00
   outer loop
     vertex -5.143500e+02  2.362200e+03  6.413500e+02
     vertex -2.667000e+02  2.362200e+03  6.286500e+02
     vertex -2.540000e+02  2.362200e+03  6.286500e+02
   endloop
 endfacet
 facet normal  0.000000e+00 -1.000000e+00  0.000000e+00
   outer loop
     vertex -5.143500e+02  2.362200e+03  6.413500e+02
     vertex -3.937000e+02  2.362200e+03  6.286500e+02
     vertex -2.667000e+02  2.362200e+03  6.286500e+02
   endloop
 endfacet
 facet normal  0.000000e+00 -1.000000e+00  0.000000e+00
   outer loop
     vertex -4.000500e+02  2.362200e+03  1.799583e+01
     vertex -3.958622e+02  2.362200e+03  3.820986e+00
     vertex -3.875308e+02  2.362200e+03  1.506204e+01
   endloop
 endfacet
 facet normal  0.000000e+00 -1.000000e+00  0.000000e+00
   outer loop
     vertex -2.667000e+02  2.362200e+03  1.270000e+01
     vertex -2.540000e+02  2.362200e+03  6.286500e+02
     vertex -2.667000e+02  2.362200e+03  6.286500e+02
   endloop
 endfacet
 facet normal  0.000000e+00 -1.000000e+00  0.000000e+00
   outer loop
     vertex -2.667000e+02  2.362200e+03  1.270000e+01
     vertex -2.540000e+02  2.362200e+03  1.270000e+01
     vertex -2.540000e+02  2.362200e+03  6.286500e+02
   endloop
 endfacet
 facet normal  0.000000e+00 -1.000000e+00  0.000000e+00
   outer loop
     vertex -4.064000e+02  2.362200e+03  1.996025e+01
     vertex -3.937000e+02  2.362200e+03  6.286500e+02
     vertex -4.064000e+02  2.362200e+03  6.286500e+02
   endloop
 endfacet
 facet normal  0.000000e+00 -1.000000e+00  0.000000e+00
   outer loop
     vertex -4.064000e+02  2.362200e+03  1.996025e+01
     vertex -3.937000e+02  2.362200e+03  1.799583e+01
     vertex -3.937000e+02  2.362200e+03  6.286500e+02
   endloop
 endfacet
 facet normal  0.000000e+00  1.000000e+00  0.000000e+00
   outer loop
     vertex -4.599257e+02  2.425700e+03  5.281657e+01
     vertex -4.569698e+02  2.425700e+03  3.324888e+01
     vertex -4.697131e+02  2.425700e+03  4.463693e+01
   endloop
 endfacet
 facet normal  0.000000e+00  1.000000e+00  0.000000e+00
   outer loop
     vertex -4.705616e+02  2.425700e+03  6.453874e+01
     vertex -4.599257e+02  2.425700e+03  5.281657e+01
     vertex -4.697131e+02  2.425700e+03  4.463693e+01
   endloop
 endfacet
 facet normal  0.000000e+00  1.000000e+00  0.000000e+00
   outer loop
     vertex -4.705616e+02  2.425700e+03  6.453874e+01
     vertex -4.697131e+02  2.425700e+03  4.463693e+01
     vertex -4.811011e+02  2.425700e+03  5.738015e+01
   endloop
 endfacet
 facet normal  0.000000e+00  1.000000e+00  0.000000e+00
   outer loop
     vertex -4.480320e+02  2.425700e+03  4.237279e+01
     vertex -4.430317e+02  2.425700e+03  2.335923e+01
     vertex -4.569698e+02  2.425700e+03  3.324888e+01
   endloop
 endfacet
 facet normal  0.000000e+00  1.000000e+00  0.000000e+00
   outer loop
     vertex -4.480320e+02  2.425700e+03  4.237279e+01
     vertex -4.569698e+02  2.425700e+03  3.324888e+01
     vertex -4.599257e+02  2.425700e+03  5.281657e+01
   endloop
 endfacet
 facet normal  0.000000e+00  1.000000e+00  0.000000e+00
   outer loop
     vertex -4.798033e+02  2.425700e+03  7.738880e+01
     vertex -4.705616e+02  2.425700e+03  6.453874e+01
     vertex -4.811011e+02  2.425700e+03  5.738015e+01
   endloop
 endfacet
 facet normal  0.000000e+00  1.000000e+00  0.000000e+00
   outer loop
     vertex -4.798033e+02  2.425700e+03  7.738880e+01
     vertex -4.811011e+02  2.425700e+03  5.738015e+01
     vertex -4.909908e+02  2.425700e+03  7.131831e+01
   endloop
 endfacet
 facet normal  0.000000e+00  1.000000e+00  0.000000e+00
   outer loop
     vertex -4.350332e+02  2.425700e+03  3.334145e+01
     vertex -4.430317e+02  2.425700e+03  2.335923e+01
     vertex -4.480320e+02  2.425700e+03  4.237279e+01
   endloop
 endfacet
 facet normal  0.000000e+00  1.000000e+00  0.000000e+00
   outer loop
     vertex -4.350332e+02  2.425700e+03  3.334145e+01
     vertex -4.280739e+02  2.425700e+03  1.509234e+01
     vertex -4.430317e+02  2.425700e+03  2.335923e+01
   endloop
 endfacet
 facet normal  0.000000e+00  1.000000e+00  0.000000e+00
   outer loop
     vertex -4.875321e+02  2.425700e+03  9.120179e+01
     vertex -4.798033e+02  2.425700e+03  7.738880e+01
     vertex -4.909908e+02  2.425700e+03  7.131831e+01
   endloop
 endfacet
 facet normal  0.000000e+00  1.000000e+00  0.000000e+00
   outer loop
     vertex -4.875321e+02  2.425700e+03  9.120179e+01
     vertex -4.909908e+02  2.425700e+03  7.131831e+01
     vertex -4.992577e+02  2.425700e+03  8.627612e+01
   endloop
 endfacet
 facet normal  0.000000e+00  1.000000e+00  0.000000e+00
   outer loop
     vertex -4.210962e+02  2.425700e+03  2.583850e+01
     vertex -4.280739e+02  2.425700e+03  1.509234e+01
     vertex -4.350332e+02  2.425700e+03  3.334145e+01
   endloop
 endfacet
 facet normal  0.000000e+00  1.000000e+00  0.000000e+00
   outer loop
     vertex -4.210962e+02  2.425700e+03  2.583850e+01
     vertex -4.122845e+02  2.425700e+03  8.552180e+00
     vertex -4.280739e+02  2.425700e+03  1.509234e+01
   endloop
 endfacet
 facet normal  0.000000e+00  1.000000e+00  0.000000e+00
   outer loop
     vertex -4.936488e+02  2.425700e+03  1.058004e+02
     vertex -4.875321e+02  2.425700e+03  9.120179e+01
     vertex -4.992577e+02  2.425700e+03  8.627612e+01
   endloop
 endfacet
 facet normal  0.000000e+00  1.000000e+00  0.000000e+00
   outer loop
     vertex -4.936488e+02  2.425700e+03  1.058004e+02
     vertex -4.992577e+02  2.425700e+03  8.627612e+01
     vertex -5.057978e+02  2.425700e+03  1.020655e+02
   endloop
 endfacet
 facet normal  0.000000e+00  1.000000e+00  0.000000e+00
   outer loop
     vertex -4.064000e+02  2.425700e+03  1.996025e+01
     vertex -4.122845e+02  2.425700e+03  8.552180e+00
     vertex -4.210962e+02  2.425700e+03  2.583850e+01
   endloop
 endfacet
 facet normal  0.000000e+00  1.000000e+00  0.000000e+00
   outer loop
     vertex -4.000500e+02  2.425700e+03  1.799583e+01
     vertex -3.958622e+02  2.425700e+03  3.820986e+00
     vertex -4.122845e+02  2.425700e+03  8.552180e+00
   endloop
 endfacet
 facet normal  0.000000e+00  1.000000e+00  0.000000e+00
   outer loop
     vertex -4.000500e+02  2.425700e+03  1.799583e+01
     vertex -4.122845e+02  2.425700e+03  8.552180e+00
     vertex -4.064000e+02  2.425700e+03  1.996025e+01
   endloop
 endfacet
 facet normal  0.000000e+00  1.000000e+00  0.000000e+00
   outer loop
     vertex -4.980748e+02  2.425700e+03  1.209972e+02
     vertex -4.936488e+02  2.425700e+03  1.058004e+02
     vertex -5.057978e+02  2.425700e+03  1.020655e+02
   endloop
 endfacet
 facet normal  0.000000e+00  1.000000e+00  0.000000e+00
   outer loop
     vertex -4.980748e+02  2.425700e+03  1.209972e+02
     vertex -5.057978e+02  2.425700e+03  1.020655e+02
     vertex -5.105290e+02  2.425700e+03  1.184878e+02
   endloop
 endfacet
 facet normal  0.000000e+00  1.000000e+00  0.000000e+00
   outer loop
     vertex -3.937000e+02  2.425700e+03  1.799583e+01
     vertex -4.000500e+02  2.425700e+03  1.799583e+01
     vertex -4.064000e+02  2.425700e+03  1.996025e+01
   endloop
 endfacet
 facet normal  0.000000e+00  1.000000e+00  0.000000e+00
   outer loop
     vertex -3.875308e+02  2.425700e+03  1.506204e+01
     vertex -3.790134e+02  2.425700e+03  9.582592e-01
     vertex -3.958622e+02  2.425700e+03  3.820986e+00
   endloop
 endfacet
 facet normal  0.000000e+00  1.000000e+00  0.000000e+00
   outer loop
     vertex -5.007533e+02  2.425700e+03  1.365972e+02
     vertex -5.105290e+02  2.425700e+03  1.184878e+02
     vertex -5.133917e+02  2.425700e+03  1.353366e+02
   endloop
 endfacet
 facet normal  0.000000e+00  1.000000e+00  0.000000e+00
   outer loop
     vertex -5.007533e+02  2.425700e+03  1.365972e+02
     vertex -4.980748e+02  2.425700e+03  1.209972e+02
     vertex -5.105290e+02  2.425700e+03  1.184878e+02
   endloop
 endfacet
 facet normal  0.000000e+00  1.000000e+00  0.000000e+00
   outer loop
     vertex -3.747948e+02  2.425700e+03  1.329176e+01
     vertex -3.619500e+02  2.425700e+03  0.000000e+00
     vertex -3.790134e+02  2.425700e+03  9.582592e-01
   endloop
 endfacet
 facet normal  0.000000e+00  1.000000e+00  0.000000e+00
   outer loop
     vertex -3.747948e+02  2.425700e+03  1.329176e+01
     vertex -3.790134e+02  2.425700e+03  9.582592e-01
     vertex -3.875308e+02  2.425700e+03  1.506204e+01
   endloop
 endfacet
 facet normal  0.000000e+00  1.000000e+00  0.000000e+00
   outer loop
     vertex -3.619500e+02  2.425700e+03  1.270000e+01
     vertex -3.619500e+02  2.425700e+03  0.000000e+00
     vertex -3.747948e+02  2.425700e+03  1.329176e+01
   endloop
 endfacet
 facet normal  0.000000e+00  1.000000e+00  0.000000e+00
   outer loop
     vertex -5.016500e+02  2.425700e+03  1.524000e+02
     vertex -5.133917e+02  2.425700e+03  1.353366e+02
     vertex -5.143500e+02  2.425700e+03  1.524000e+02
   endloop
 endfacet
 facet normal  0.000000e+00  1.000000e+00  0.000000e+00
   outer loop
     vertex -5.016500e+02  2.425700e+03  1.524000e+02
     vertex -5.007533e+02  2.425700e+03  1.365972e+02
     vertex -5.133917e+02  2.425700e+03  1.353366e+02
   endloop
 endfacet
 facet normal  0.000000e+00  1.000000e+00  0.000000e+00
   outer loop
     vertex -2.667000e+02  2.425700e+03  1.270000e+01
     vertex -3.619500e+02  2.425700e+03  0.000000e+00
     vertex -3.619500e+02  2.425700e+03  1.270000e+01
   endloop
 endfacet
 facet normal  0.000000e+00  1.000000e+00  0.000000e+00
   outer loop
     vertex -2.540000e+02  2.425700e+03  1.270000e+01
     vertex -3.619500e+02  2.425700e+03  0.000000e+00
     vertex -2.667000e+02  2.425700e+03  1.270000e+01
   endloop
 endfacet
 facet normal  0.000000e+00  1.000000e+00  0.000000e+00
   outer loop
     vertex -1.270000e+02  2.425700e+03  1.270000e+01
     vertex -3.619500e+02  2.425700e+03  0.000000e+00
     vertex -2.540000e+02  2.425700e+03  1.270000e+01
   endloop
 endfacet
 facet normal  0.000000e+00  1.000000e+00  0.000000e+00
   outer loop
     vertex -5.016500e+02  2.425700e+03  6.286500e+02
     vertex -5.143500e+02  2.425700e+03  1.524000e+02
     vertex -5.143500e+02  2.425700e+03  6.413500e+02
   endloop
 endfacet
 facet normal  0.000000e+00  1.000000e+00  0.000000e+00
   outer loop
     vertex -5.016500e+02  2.425700e+03  6.286500e+02
     vertex -5.016500e+02  2.425700e+03  1.524000e+02
     vertex -5.143500e+02  2.425700e+03  1.524000e+02
   endloop
 endfacet
 facet normal  0.000000e+00  1.000000e+00  0.000000e+00
   outer loop
     vertex -4.064000e+02  2.425700e+03  6.286500e+02
     vertex -5.016500e+02  2.425700e+03  6.286500e+02
     vertex -5.143500e+02  2.425700e+03  6.413500e+02
   endloop
 endfacet
 facet normal  0.000000e+00  1.000000e+00  0.000000e+00
   outer loop
     vertex -3.937000e+02  2.425700e+03  6.286500e+02
     vertex -4.064000e+02  2.425700e+03  6.286500e+02
     vertex -5.143500e+02  2.425700e+03  6.413500e+02
   endloop
 endfacet
 facet normal  0.000000e+00  1.000000e+00  0.000000e+00
   outer loop
     vertex  3.619500e+02  2.425700e+03  1.270000e+01
     vertex  3.619500e+02  2.425700e+03  0.000000e+00
     vertex  1.651000e+02  2.425700e+03  1.270000e+01
   endloop
 endfacet
 facet normal  0.000000e+00  1.000000e+00  0.000000e+00
   outer loop
     vertex  3.775914e+02  2.425700e+03  1.357840e+01
     vertex  3.790134e+02  2.425700e+03  9.582592e-01
     vertex  3.619500e+02  2.425700e+03  0.000000e+00
   endloop
 endfacet
 facet normal  0.000000e+00  1.000000e+00  0.000000e+00
   outer loop
     vertex  3.775914e+02  2.425700e+03  1.357840e+01
     vertex  3.619500e+02  2.425700e+03  0.000000e+00
     vertex  3.619500e+02  2.425700e+03  1.270000e+01
   endloop
 endfacet
 facet normal  0.000000e+00  1.000000e+00  0.000000e+00
   outer loop
     vertex  3.930362e+02  2.425700e+03  1.620257e+01
     vertex  3.958622e+02  2.425700e+03  3.820986e+00
     vertex  3.790134e+02  2.425700e+03  9.582592e-01
   endloop
 endfacet
 facet normal  0.000000e+00  1.000000e+00  0.000000e+00
   outer loop
     vertex  3.930362e+02  2.425700e+03  1.620257e+01
     vertex  3.790134e+02  2.425700e+03  9.582592e-01
     vertex  3.775914e+02  2.425700e+03  1.357840e+01
   endloop
 endfacet
 facet normal  0.000000e+00  1.000000e+00  0.000000e+00
   outer loop
     vertex  4.080900e+02  2.425700e+03  2.053950e+01
     vertex  4.122845e+02  2.425700e+03  8.552180e+00
     vertex  3.958622e+02  2.425700e+03  3.820986e+00
   endloop
 endfacet
 facet normal  0.000000e+00  1.000000e+00  0.000000e+00
   outer loop
     vertex  4.080900e+02  2.425700e+03  2.053950e+01
     vertex  3.958622e+02  2.425700e+03  3.820986e+00
     vertex  3.930362e+02  2.425700e+03  1.620257e+01
   endloop
 endfacet
 facet normal  0.000000e+00  1.000000e+00  0.000000e+00
   outer loop
     vertex  4.225636e+02  2.425700e+03  2.653465e+01
     vertex  4.280739e+02  2.425700e+03  1.509234e+01
     vertex  4.122845e+02  2.425700e+03  8.552180e+00
   endloop
 endfacet
 facet normal  0.000000e+00  1.000000e+00  0.000000e+00
   outer loop
     vertex  4.225636e+02  2.425700e+03  2.653465e+01
     vertex  4.122845e+02  2.425700e+03  8.552180e+00
     vertex  4.080900e+02  2.425700e+03  2.053950e+01
   endloop
 endfacet
 facet normal  0.000000e+00  1.000000e+00  0.000000e+00
   outer loop
     vertex  4.362749e+02  2.425700e+03  3.411263e+01
     vertex  4.430317e+02  2.425700e+03  2.335923e+01
     vertex  4.280739e+02  2.425700e+03  1.509234e+01
   endloop
 endfacet
 facet normal  0.000000e+00  1.000000e+00  0.000000e+00
   outer loop
     vertex  4.362749e+02  2.425700e+03  3.411263e+01
     vertex  4.280739e+02  2.425700e+03  1.509234e+01
     vertex  4.225636e+02  2.425700e+03  2.653465e+01
   endloop
 endfacet
 facet normal  0.000000e+00  1.000000e+00  0.000000e+00
   outer loop
     vertex  4.569698e+02  2.425700e+03  3.324888e+01
     vertex  4.430317e+02  2.425700e+03  2.335923e+01
     vertex  4.362749e+02  2.425700e+03  3.411263e+01
   endloop
 endfacet
 facet normal  0.000000e+00  1.000000e+00  0.000000e+00
   outer loop
     vertex  4.490515e+02  2.425700e+03  4.317814e+01
     vertex  4.569698e+02  2.425700e+03  3.324888e+01
     vertex  4.362749e+02  2.425700e+03  3.411263e+01
   endloop
 endfacet
 facet normal  0.000000e+00  1.000000e+00  0.000000e+00
   outer loop
     vertex -1.143000e+02  2.425700e+03  6.286500e+02
     vertex -1.270000e+02  2.425700e+03  1.270000e+01
     vertex -1.270000e+02  2.425700e+03  6.286500e+02
   endloop
 endfacet
 facet normal  0.000000e+00  1.000000e+00  0.000000e+00
   outer loop
     vertex -1.143000e+02  2.425700e+03  6.286500e+02
     vertex -1.143000e+02  2.425700e+03  1.270000e+01
     vertex -1.270000e+02  2.425700e+03  1.270000e+01
   endloop
 endfacet
 facet normal  0.000000e+00  1.000000e+00  0.000000e+00
   outer loop
     vertex  4.697131e+02  2.425700e+03  4.463693e+01
     vertex  4.569698e+02  2.425700e+03  3.324888e+01
     vertex  4.490515e+02  2.425700e+03  4.317814e+01
   endloop
 endfacet
 facet normal  0.000000e+00  1.000000e+00  0.000000e+00
   outer loop
     vertex  4.697131e+02  2.425700e+03  4.463693e+01
     vertex  4.490515e+02  2.425700e+03  4.317814e+01
     vertex  4.607328e+02  2.425700e+03  5.361718e+01
   endloop
 endfacet
 facet normal  0.000000e+00  1.000000e+00  0.000000e+00
   outer loop
     vertex  4.711719e+02  2.425700e+03  6.529847e+01
     vertex  4.697131e+02  2.425700e+03  4.463693e+01
     vertex  4.607328e+02  2.425700e+03  5.361718e+01
   endloop
 endfacet
 facet normal  0.000000e+00  1.000000e+00  0.000000e+00
   outer loop
     vertex  4.811011e+02  2.425700e+03  5.738015e+01
     vertex  4.697131e+02  2.425700e+03  4.463693e+01
     vertex  4.711719e+02  2.425700e+03  6.529847e+01
   endloop
 endfacet
 facet normal  0.000000e+00  1.000000e+00  0.000000e+00
   outer loop
     vertex  4.909908e+02  2.425700e+03  7.131831e+01
     vertex  4.811011e+02  2.425700e+03  5.738015e+01
     vertex  4.711719e+02  2.425700e+03  6.529847e+01
   endloop
 endfacet
 facet normal  0.000000e+00  1.000000e+00  0.000000e+00
   outer loop
     vertex  4.909908e+02  2.425700e+03  7.131831e+01
     vertex  4.711719e+02  2.425700e+03  6.529847e+01
     vertex  4.802374e+02  2.425700e+03  7.807512e+01
   endloop
 endfacet
 facet normal  0.000000e+00  1.000000e+00  0.000000e+00
   outer loop
     vertex  4.992577e+02  2.425700e+03  8.627612e+01
     vertex  4.909908e+02  2.425700e+03  7.131831e+01
     vertex  4.802374e+02  2.425700e+03  7.807512e+01
   endloop
 endfacet
 facet normal  0.000000e+00  1.000000e+00  0.000000e+00
   outer loop
     vertex  4.992577e+02  2.425700e+03  8.627612e+01
     vertex  4.802374e+02  2.425700e+03  7.807512e+01
     vertex  4.878154e+02  2.425700e+03  9.178644e+01
   endloop
 endfacet
 facet normal  0.000000e+00  1.000000e+00  0.000000e+00
   outer loop
     vertex  4.938105e+02  2.425700e+03  1.062600e+02
     vertex  4.992577e+02  2.425700e+03  8.627612e+01
     vertex  4.878154e+02  2.425700e+03  9.178644e+01
   endloop
 endfacet
 facet normal  0.000000e+00  1.000000e+00  0.000000e+00
   outer loop
     vertex  5.057978e+02  2.425700e+03  1.020655e+02
     vertex  4.992577e+02  2.425700e+03  8.627612e+01
     vertex  4.938105e+02  2.425700e+03  1.062600e+02
   endloop
 endfacet
 facet normal  0.000000e+00  1.000000e+00  0.000000e+00
   outer loop
     vertex  5.105290e+02  2.425700e+03  1.184878e+02
     vertex  5.057978e+02  2.425700e+03  1.020655e+02
     vertex  4.938105e+02  2.425700e+03  1.062600e+02
   endloop
 endfacet
 facet normal  0.000000e+00  1.000000e+00  0.000000e+00
   outer loop
     vertex  5.105290e+02  2.425700e+03  1.184878e+02
     vertex  4.938105e+02  2.425700e+03  1.062600e+02
     vertex  4.981474e+02  2.425700e+03  1.213138e+02
   endloop
 endfacet
 facet normal  0.000000e+00  1.000000e+00  0.000000e+00
   outer loop
     vertex  5.133917e+02  2.425700e+03  1.353366e+02
     vertex  5.105290e+02  2.425700e+03  1.184878e+02
     vertex  4.981474e+02  2.425700e+03  1.213138e+02
   endloop
 endfacet
 facet normal  0.000000e+00  1.000000e+00  0.000000e+00
   outer loop
     vertex  5.133917e+02  2.425700e+03  1.353366e+02
     vertex  4.981474e+02  2.425700e+03  1.213138e+02
     vertex  5.007716e+02  2.425700e+03  1.367586e+02
   endloop
 endfacet
 facet normal  0.000000e+00  1.000000e+00  0.000000e+00
   outer loop
     vertex  2.540000e+01  2.425700e+03  6.286500e+02
     vertex  1.270000e+01  2.425700e+03  1.270000e+01
     vertex  1.270000e+01  2.425700e+03  6.286500e+02
   endloop
 endfacet
 facet normal  0.000000e+00  1.000000e+00  0.000000e+00
   outer loop
     vertex  2.540000e+01  2.425700e+03  6.286500e+02
     vertex  2.540000e+01  2.425700e+03  1.270000e+01
     vertex  1.270000e+01  2.425700e+03  1.270000e+01
   endloop
 endfacet
 facet normal  0.000000e+00  1.000000e+00  0.000000e+00
   outer loop
     vertex  5.143500e+02  2.425700e+03  1.524000e+02
     vertex  5.133917e+02  2.425700e+03  1.353366e+02
     vertex  5.007716e+02  2.425700e+03  1.367586e+02
   endloop
 endfacet
 facet normal  0.000000e+00  1.000000e+00  0.000000e+00
   outer loop
     vertex  5.143500e+02  2.425700e+03  1.524000e+02
     vertex  5.007716e+02  2.425700e+03  1.367586e+02
     vertex  5.016500e+02  2.425700e+03  1.524000e+02
   endloop
 endfacet
 facet normal  0.000000e+00  1.000000e+00  0.000000e+00
   outer loop
     vertex  1.651000e+02  2.425700e+03  6.286500e+02
     vertex  1.524000e+02  2.425700e+03  1.270000e+01
     vertex  1.524000e+02  2.425700e+03  6.286500e+02
   endloop
 endfacet
 facet normal  0.000000e+00  1.000000e+00  0.000000e+00
   outer loop
     vertex  1.651000e+02  2.425700e+03  6.286500e+02
     vertex  1.651000e+02  2.425700e+03  1.270000e+01
     vertex  1.524000e+02  2.425700e+03  1.270000e+01
   endloop
 endfacet
 facet normal  0.000000e+00  1.000000e+00  0.000000e+00
   outer loop
     vertex  5.016500e+02  2.425700e+03  6.286500e+02
     vertex  5.143500e+02  2.425700e+03  1.524000e+02
     vertex  5.016500e+02  2.425700e+03  1.524000e+02
   endloop
 endfacet
 facet normal  0.000000e+00  1.000000e+00  0.000000e+00
   outer loop
     vertex  5.143500e+02  2.425700e+03  6.413500e+02
     vertex  5.016500e+02  2.425700e+03  6.286500e+02
     vertex  1.651000e+02  2.425700e+03  6.286500e+02
   endloop
 endfacet
 facet normal  0.000000e+00  1.000000e+00  0.000000e+00
   outer loop
     vertex  5.143500e+02  2.425700e+03  6.413500e+02
     vertex  5.143500e+02  2.425700e+03  1.524000e+02
     vertex  5.016500e+02  2.425700e+03  6.286500e+02
   endloop
 endfacet
 facet normal  0.000000e+00  1.000000e+00  0.000000e+00
   outer loop
     vertex  3.619500e+02  2.425700e+03  0.000000e+00
     vertex -3.619500e+02  2.425700e+03  0.000000e+00
     vertex -1.143000e+02  2.425700e+03  1.270000e+01
   endloop
 endfacet
 facet normal  0.000000e+00  1.000000e+00  0.000000e+00
   outer loop
     vertex -1.143000e+02  2.425700e+03  1.270000e+01
     vertex -3.619500e+02  2.425700e+03  0.000000e+00
     vertex -1.270000e+02  2.425700e+03  1.270000e+01
   endloop
 endfacet
 facet normal  0.000000e+00  1.000000e+00  0.000000e+00
   outer loop
     vertex  3.619500e+02  2.425700e+03  0.000000e+00
     vertex -1.143000e+02  2.425700e+03  1.270000e+01
     vertex  1.270000e+01  2.425700e+03  1.270000e+01
   endloop
 endfacet
 facet normal  0.000000e+00  1.000000e+00  0.000000e+00
   outer loop
     vertex  3.619500e+02  2.425700e+03  0.000000e+00
     vertex  1.270000e+01  2.425700e+03  1.270000e+01
     vertex  2.540000e+01  2.425700e+03  1.270000e+01
   endloop
 endfacet
 facet normal  0.000000e+00  1.000000e+00  0.000000e+00
   outer loop
     vertex  3.619500e+02  2.425700e+03  0.000000e+00
     vertex  2.540000e+01  2.425700e+03  1.270000e+01
     vertex  1.524000e+02  2.425700e+03  1.270000e+01
   endloop
 endfacet
 facet normal  0.000000e+00  1.000000e+00  0.000000e+00
   outer loop
     vertex  3.619500e+02  2.425700e+03  0.000000e+00
     vertex  1.524000e+02  2.425700e+03  1.270000e+01
     vertex  1.651000e+02  2.425700e+03  1.270000e+01
   endloop
 endfacet
 facet normal -0.000000e+00  1.000000e+00  0.000000e+00
   outer loop
     vertex -5.143500e+02  2.425700e+03  6.413500e+02
     vertex  5.143500e+02  2.425700e+03  6.413500e+02
     vertex  1.651000e+02  2.425700e+03  6.286500e+02
   endloop
 endfacet
 facet normal  0.000000e+00  1.000000e+00  0.000000e+00
   outer loop
     vertex -5.143500e+02  2.425700e+03  6.413500e+02
     vertex  1.651000e+02  2.425700e+03  6.286500e+02
     vertex  1.524000e+02  2.425700e+03  6.286500e+02
   endloop
 endfacet
 facet normal  0.000000e+00  1.000000e+00  0.000000e+00
   outer loop
     vertex -5.143500e+02  2.425700e+03  6.413500e+02
     vertex  1.524000e+02  2.425700e+03  6.286500e+02
     vertex  2.540000e+01  2.425700e+03  6.286500e+02
   endloop
 endfacet
 facet normal  0.000000e+00  1.000000e+00  0.000000e+00
   outer loop
     vertex -5.143500e+02  2.425700e+03  6.413500e+02
     vertex  2.540000e+01  2.425700e+03  6.286500e+02
     vertex  1.270000e+01  2.425700e+03  6.286500e+02
   endloop
 endfacet
 facet normal  0.000000e+00  1.000000e+00  0.000000e+00
   outer loop
     vertex -5.143500e+02  2.425700e+03  6.413500e+02
     vertex  1.270000e+01  2.425700e+03  6.286500e+02
     vertex -1.143000e+02  2.425700e+03  6.286500e+02
   endloop
 endfacet
 facet normal  0.000000e+00  1.000000e+00  0.000000e+00
   outer loop
     vertex -5.143500e+02  2.425700e+03  6.413500e+02
     vertex -1.143000e+02  2.425700e+03  6.286500e+02
     vertex -1.270000e+02  2.425700e+03  6.286500e+02
   endloop
 endfacet
 facet normal  0.000000e+00  1.000000e+00  0.000000e+00
   outer loop
     vertex -5.143500e+02  2.425700e+03  6.413500e+02
     vertex -1.270000e+02  2.425700e+03  6.286500e+02
     vertex -2.540000e+02  2.425700e+03  6.286500e+02
   endloop
 endfacet
 facet normal  0.000000e+00  1.000000e+00  0.000000e+00
   outer loop
     vertex -5.143500e+02  2.425700e+03  6.413500e+02
     vertex -2.540000e+02  2.425700e+03  6.286500e+02
     vertex -2.667000e+02  2.425700e+03  6.286500e+02
   endloop
 endfacet
 facet normal  0.000000e+00  1.000000e+00  0.000000e+00
   outer loop
     vertex -5.143500e+02  2.425700e+03  6.413500e+02
     vertex -2.667000e+02  2.425700e+03  6.286500e+02
     vertex -3.937000e+02  2.425700e+03  6.286500e+02
   endloop
 endfacet
 facet normal  0.000000e+00  1.000000e+00  0.000000e+00
   outer loop
     vertex -2.667000e+02  2.425700e+03  1.270000e+01
     vertex -2.667000e+02  2.425700e+03  6.286500e+02
     vertex -2.540000e+02  2.425700e+03  6.286500e+02
   endloop
 endfacet
 facet normal  0.000000e+00  1.000000e+00  0.000000e+00
   outer loop
     vertex -2.667000e+02  2.425700e+03  1.270000e+01
     vertex -2.540000e+02  2.425700e+03  6.286500e+02
     vertex -2.540000e+02  2.425700e+03  1.270000e+01
   endloop
 endfacet
 facet normal  0.000000e+00  1.000000e+00  0.000000e+00
   outer loop
     vertex -4.000500e+02  2.425700e+03  1.799583e+01
     vertex -3.875308e+02  2.425700e+03  1.506204e+01
     vertex -3.958622e+02  2.425700e+03  3.820986e+00
   endloop
 endfacet
 facet normal  0.000000e+00  1.000000e+00  0.000000e+00
   outer loop
     vertex -4.064000e+02  2.425700e+03  1.996025e+01
     vertex -4.064000e+02  2.425700e+03  6.286500e+02
     vertex -3.937000e+02  2.425700e+03  6.286500e+02
   endloop
 endfacet
 facet normal -0.000000e+00  1.000000e+00  0.000000e+00
   outer loop
     vertex -4.064000e+02  2.425700e+03  1.996025e+01
     vertex -3.937000e+02  2.425700e+03  6.286500e+02
     vertex -3.937000e+02  2.425700e+03  1.799583e+01
   endloop
 endfacet
 facet normal -1.000000e+00  0.000000e+00  0.000000e+00
   outer loop
     vertex  5.016500e+02  2.362200e+03  1.524000e+02
     vertex  5.016500e+02  2.362200e+03  6.286500e+02
     vertex  5.016500e+02  2.425700e+03  6.286500e+02
   endloop
 endfacet
 facet normal -1.000000e+00  0.000000e+00  0.000000e+00
   outer loop
     vertex  5.016500e+02  2.425700e+03  1.524000e+02
     vertex  5.016500e+02  2.362200e+03  1.524000e+02
     vertex  5.016500e+02  2.425700e+03  6.286500e+02
   endloop
 endfacet
 facet normal -0.000000e+00  0.000000e+00 -1.000000e+00
   outer loop
     vertex  1.524000e+02  2.425700e+03  6.286500e+02
     vertex  2.540000e+01  2.362200e+03  6.286500e+02
     vertex  2.540000e+01  2.425700e+03  6.286500e+02
   endloop
 endfacet
 facet normal  0.000000e+00 -0.000000e+00 -1.000000e+00
   outer loop
     vertex  1.524000e+02  2.425700e+03  6.286500e+02
     vertex  1.524000e+02  2.362200e+03  6.286500e+02
     vertex  2.540000e+01  2.362200e+03  6.286500e+02
   endloop
 endfacet
 facet normal  1.000000e+00  0.000000e+00  0.000000e+00
   outer loop
     vertex -5.016500e+02  2.425700e+03  6.286500e+02
     vertex -5.016500e+02  2.362200e+03  1.524000e+02
     vertex -5.016500e+02  2.425700e+03  1.524000e+02
   endloop
 endfacet
 facet normal  1.000000e+00  0.000000e+00  0.000000e+00
   outer loop
     vertex -5.016500e+02  2.425700e+03  6.286500e+02
     vertex -5.016500e+02  2.362200e+03  6.286500e+02
     vertex -5.016500e+02  2.362200e+03  1.524000e+02
   endloop
 endfacet
 facet normal  1.398706e-17  1.118965e-16  1.000000e+00
   outer loop
     vertex  2.540000e+01  2.425700e+03  1.270000e+01
     vertex  1.524000e+02  2.362200e+03  1.270000e+01
     vertex  1.524000e+02  2.425700e+03  1.270000e+01
   endloop
 endfacet
 facet normal -4.196119e-17  0.000000e+00  1.000000e+00
   outer loop
     vertex  2.540000e+01  2.425700e+03  1.270000e+01
     vertex  2.540000e+01  2.362200e+03  1.270000e+01
     vertex  1.524000e+02  2.362200e+03  1.270000e+01
   endloop
 endfacet
 facet normal -9.984268e-01  0.000000e+00  5.607045e-02
   outer loop
     vertex  5.007716e+02  2.425700e+03  1.367586e+02
     vertex  5.016500e+02  2.362200e+03  1.524000e+02
     vertex  5.016500e+02  2.425700e+03  1.524000e+02
   endloop
 endfacet
 facet normal -9.984268e-01  0.000000e+00  5.607045e-02
   outer loop
     vertex  5.007716e+02  2.425700e+03  1.367586e+02
     vertex  5.007716e+02  2.362200e+03  1.367586e+02
     vertex  5.016500e+02  2.362200e+03  1.524000e+02
   endloop
 endfacet
 facet normal -9.858710e-01  0.000000e+00  1.675062e-01
   outer loop
     vertex  5.007716e+02  2.425700e+03  1.367586e+02
     vertex  4.981474e+02  2.362200e+03  1.213138e+02
     vertex  5.007716e+02  2.362200e+03  1.367586e+02
   endloop
 endfacet
 facet normal -9.609173e-01  0.000000e+00  2.768355e-01
   outer loop
     vertex  4.981474e+02  2.425700e+03  1.213138e+02
     vertex  4.938105e+02  2.362200e+03  1.062600e+02
     vertex  4.981474e+02  2.362200e+03  1.213138e+02
   endloop
 endfacet
 facet normal -9.858710e-01  0.000000e+00  1.675062e-01
   outer loop
     vertex  4.981474e+02  2.425700e+03  1.213138e+02
     vertex  4.981474e+02  2.362200e+03  1.213138e+02
     vertex  5.007716e+02  2.425700e+03  1.367586e+02
   endloop
 endfacet
 facet normal -9.238795e-01  0.000000e+00  3.826834e-01
   outer loop
     vertex  4.938105e+02  2.425700e+03  1.062600e+02
     vertex  4.878154e+02  2.362200e+03  9.178644e+01
     vertex  4.938105e+02  2.362200e+03  1.062600e+02
   endloop
 endfacet
 facet normal -9.609173e-01  0.000000e+00  2.768355e-01
   outer loop
     vertex  4.938105e+02  2.425700e+03  1.062600e+02
     vertex  4.938105e+02  2.362200e+03  1.062600e+02
     vertex  4.981474e+02  2.425700e+03  1.213138e+02
   endloop
 endfacet
 facet normal -9.238795e-01  0.000000e+00  3.826834e-01
   outer loop
     vertex  4.878154e+02  2.425700e+03  9.178644e+01
     vertex  4.878154e+02  2.362200e+03  9.178644e+01
     vertex  4.938105e+02  2.425700e+03  1.062600e+02
   endloop
 endfacet
 facet normal -8.752234e-01  0.000000e+00  4.837189e-01
   outer loop
     vertex  4.802374e+02  2.425700e+03  7.807512e+01
     vertex  4.802374e+02  2.362200e+03  7.807512e+01
     vertex  4.878154e+02  2.362200e+03  9.178644e+01
   endloop
 endfacet
 facet normal -8.155609e-01  0.000000e+00  5.786713e-01
   outer loop
     vertex  4.802374e+02  2.425700e+03  7.807512e+01
     vertex  4.711719e+02  2.362200e+03  6.529847e+01
     vertex  4.802374e+02  2.362200e+03  7.807512e+01
   endloop
 endfacet
 facet normal -8.752234e-01  0.000000e+00  4.837189e-01
   outer loop
     vertex  4.802374e+02  2.425700e+03  7.807512e+01
     vertex  4.878154e+02  2.362200e+03  9.178644e+01
     vertex  4.878154e+02  2.425700e+03  9.178644e+01
   endloop
 endfacet
 facet normal -8.155609e-01  0.000000e+00  5.786713e-01
   outer loop
     vertex  4.711719e+02  2.425700e+03  6.529847e+01
     vertex  4.711719e+02  2.362200e+03  6.529847e+01
     vertex  4.802374e+02  2.425700e+03  7.807512e+01
   endloop
 endfacet
 facet normal -7.456422e-01  0.000000e+00  6.663466e-01
   outer loop
     vertex  4.607328e+02  2.425700e+03  5.361718e+01
     vertex  4.607328e+02  2.362200e+03  5.361718e+01
     vertex  4.711719e+02  2.362200e+03  6.529847e+01
   endloop
 endfacet
 facet normal -7.456422e-01  0.000000e+00  6.663466e-01
   outer loop
     vertex  4.607328e+02  2.425700e+03  5.361718e+01
     vertex  4.711719e+02  2.362200e+03  6.529847e+01
     vertex  4.711719e+02  2.425700e+03  6.529847e+01
   endloop
 endfacet
 facet normal -6.663466e-01  0.000000e+00  7.456422e-01
   outer loop
     vertex  4.490515e+02  2.425700e+03  4.317814e+01
     vertex  4.490515e+02  2.362200e+03  4.317814e+01
     vertex  4.607328e+02  2.362200e+03  5.361718e+01
   endloop
 endfacet
 facet normal -6.663466e-01  0.000000e+00  7.456422e-01
   outer loop
     vertex  4.490515e+02  2.425700e+03  4.317814e+01
     vertex  4.607328e+02  2.362200e+03  5.361718e+01
     vertex  4.607328e+02  2.425700e+03  5.361718e+01
   endloop
 endfacet
 facet normal -5.786713e-01  0.000000e+00  8.155609e-01
   outer loop
     vertex  4.362749e+02  2.425700e+03  3.411263e+01
     vertex  4.362749e+02  2.362200e+03  3.411263e+01
     vertex  4.490515e+02  2.362200e+03  4.317814e+01
   endloop
 endfacet
 facet normal -4.837189e-01  0.000000e+00  8.752234e-01
   outer loop
     vertex  4.362749e+02  2.425700e+03  3.411263e+01
     vertex  4.225636e+02  2.362200e+03  2.653465e+01
     vertex  4.362749e+02  2.362200e+03  3.411263e+01
   endloop
 endfacet
 facet normal -5.786713e-01  0.000000e+00  8.155609e-01
   outer loop
     vertex  4.362749e+02  2.425700e+03  3.411263e+01
     vertex  4.490515e+02  2.362200e+03  4.317814e+01
     vertex  4.490515e+02  2.425700e+03  4.317814e+01
   endloop
 endfacet
 facet normal -4.837189e-01  0.000000e+00  8.752234e-01
   outer loop
     vertex  4.225636e+02  2.425700e+03  2.653465e+01
     vertex  4.225636e+02  2.362200e+03  2.653465e+01
     vertex  4.362749e+02  2.425700e+03  3.411263e+01
   endloop
 endfacet
 facet normal -3.826834e-01  0.000000e+00  9.238795e-01
   outer loop
     vertex  4.080900e+02  2.425700e+03  2.053950e+01
     vertex  4.080900e+02  2.362200e+03  2.053950e+01
     vertex  4.225636e+02  2.362200e+03  2.653465e+01
   endloop
 endfacet
 facet normal -2.768355e-01  0.000000e+00  9.609173e-01
   outer loop
     vertex  4.080900e+02  2.425700e+03  2.053950e+01
     vertex  3.930362e+02  2.362200e+03  1.620257e+01
     vertex  4.080900e+02  2.362200e+03  2.053950e+01
   endloop
 endfacet
 facet normal -3.826834e-01  0.000000e+00  9.238795e-01
   outer loop
     vertex  4.080900e+02  2.425700e+03  2.053950e+01
     vertex  4.225636e+02  2.362200e+03  2.653465e+01
     vertex  4.225636e+02  2.425700e+03  2.653465e+01
   endloop
 endfacet
 facet normal -1.675062e-01  0.000000e+00  9.858710e-01
   outer loop
     vertex  3.930362e+02  2.425700e+03  1.620257e+01
     vertex  3.775914e+02  2.362200e+03  1.357840e+01
     vertex  3.930362e+02  2.362200e+03  1.620257e+01
   endloop
 endfacet
 facet normal -2.768355e-01  0.000000e+00  9.609173e-01
   outer loop
     vertex  3.930362e+02  2.425700e+03  1.620257e+01
     vertex  3.930362e+02  2.362200e+03  1.620257e+01
     vertex  4.080900e+02  2.425700e+03  2.053950e+01
   endloop
 endfacet
 facet normal -1.675062e-01  0.000000e+00  9.858710e-01
   outer loop
     vertex  3.775914e+02  2.425700e+03  1.357840e+01
     vertex  3.775914e+02  2.362200e+03  1.357840e+01
     vertex  3.930362e+02  2.425700e+03  1.620257e+01
   endloop
 endfacet
 facet normal -5.607045e-02  0.000000e+00  9.984268e-01
   outer loop
     vertex  3.619500e+02  2.425700e+03  1.270000e+01
     vertex  3.619500e+02  2.362200e+03  1.270000e+01
     vertex  3.775914e+02  2.362200e+03  1.357840e+01
   endloop
 endfacet
 facet normal -5.607045e-02  0.000000e+00  9.984268e-01
   outer loop
     vertex  3.619500e+02  2.425700e+03  1.270000e+01
     vertex  3.775914e+02  2.362200e+03  1.357840e+01
     vertex  3.775914e+02  2.425700e+03  1.357840e+01
   endloop
 endfacet
 facet normal -0.000000e+00  0.000000e+00 -1.000000e+00
   outer loop
     vertex -3.937000e+02  2.425700e+03  1.799583e+01
     vertex -4.000500e+02  2.362200e+03  1.799583e+01
     vertex -4.000500e+02  2.425700e+03  1.799583e+01
   endloop
 endfacet
 facet normal  0.000000e+00 -0.000000e+00 -1.000000e+00
   outer loop
     vertex -3.937000e+02  2.425700e+03  1.799583e+01
     vertex -3.937000e+02  2.362200e+03  1.799583e+01
     vertex -4.000500e+02  2.362200e+03  1.799583e+01
   endloop
 endfacet
 facet normal -1.000000e+00  0.000000e+00  0.000000e+00
   outer loop
     vertex -4.064000e+02  2.425700e+03  1.996025e+01
     vertex -4.064000e+02  2.362200e+03  6.286500e+02
     vertex -4.064000e+02  2.425700e+03  6.286500e+02
   endloop
 endfacet
 facet normal -1.000000e+00 -0.000000e+00  0.000000e+00
   outer loop
     vertex -4.064000e+02  2.425700e+03  1.996025e+01
     vertex -4.064000e+02  2.362200e+03  1.996025e+01
     vertex -4.064000e+02  2.362200e+03  6.286500e+02
   endloop
 endfacet
 facet normal  1.000000e+00  0.000000e+00  0.000000e+00
   outer loop
     vertex -3.937000e+02  2.362200e+03  1.799583e+01
     vertex -3.937000e+02  2.425700e+03  6.286500e+02
     vertex -3.937000e+02  2.362200e+03  6.286500e+02
   endloop
 endfacet
 facet normal  1.000000e+00  0.000000e+00 -0.000000e+00
   outer loop
     vertex -3.937000e+02  2.425700e+03  1.799583e+01
     vertex -3.937000e+02  2.425700e+03  6.286500e+02
     vertex -3.937000e+02  2.362200e+03  1.799583e+01
   endloop
 endfacet
 facet normal -1.000000e+00  0.000000e+00  3.460716e-17
   outer loop
     vertex  1.270000e+01  2.362200e+03  1.270000e+01
     vertex  1.270000e+01  2.362200e+03  6.286500e+02
     vertex  1.270000e+01  2.425700e+03  6.286500e+02
   endloop
 endfacet
 facet normal -1.000000e+00  3.356895e-16  0.000000e+00
   outer loop
     vertex  1.270000e+01  2.425700e+03  1.270000e+01
     vertex  1.270000e+01  2.362200e+03  1.270000e+01
     vertex  1.270000e+01  2.425700e+03  6.286500e+02
   endloop
 endfacet
 facet normal  1.000000e+00 -5.035342e-16  5.191074e-17
   outer loop
     vertex  2.540000e+01  2.362200e+03  1.270000e+01
     vertex  2.540000e+01  2.425700e+03  6.286500e+02
     vertex  2.540000e+01  2.362200e+03  6.286500e+02
   endloop
 endfacet
 facet normal  1.000000e+00  0.000000e+00 -0.000000e+00
   outer loop
     vertex  2.540000e+01  2.425700e+03  1.270000e+01
     vertex  2.540000e+01  2.425700e+03  6.286500e+02
     vertex  2.540000e+01  2.362200e+03  1.270000e+01
   endloop
 endfacet
 facet normal -1.000000e+00  0.000000e+00  1.845715e-16
   outer loop
     vertex -2.667000e+02  2.362200e+03  1.270000e+01
     vertex -2.667000e+02  2.362200e+03  6.286500e+02
     vertex -2.667000e+02  2.425700e+03  6.286500e+02
   endloop
 endfacet
 facet normal -1.000000e+00  8.951720e-16  9.228577e-17
   outer loop
     vertex -2.667000e+02  2.425700e+03  1.270000e+01
     vertex -2.667000e+02  2.362200e+03  1.270000e+01
     vertex -2.667000e+02  2.425700e+03  6.286500e+02
   endloop
 endfacet
 facet normal  1.000000e+00  8.951720e-16 -0.000000e+00
   outer loop
     vertex -2.540000e+02  2.362200e+03  1.270000e+01
     vertex -2.540000e+02  2.425700e+03  6.286500e+02
     vertex -2.540000e+02  2.362200e+03  6.286500e+02
   endloop
 endfacet
 facet normal  1.000000e+00  0.000000e+00  9.228577e-17
   outer loop
     vertex -2.540000e+02  2.425700e+03  1.270000e+01
     vertex -2.540000e+02  2.425700e+03  6.286500e+02
     vertex -2.540000e+02  2.362200e+03  1.270000e+01
   endloop
 endfacet
 facet normal -1.000000e+00  0.000000e+00  0.000000e+00
   outer loop
     vertex -1.270000e+02  2.362200e+03  1.270000e+01
     vertex -1.270000e+02  2.362200e+03  6.286500e+02
     vertex -1.270000e+02  2.425700e+03  6.286500e+02
   endloop
 endfacet
 facet normal -1.000000e+00  4.475860e-16 -4.614288e-17
   outer loop
     vertex -1.270000e+02  2.425700e+03  1.270000e+01
     vertex -1.270000e+02  2.362200e+03  1.270000e+01
     vertex -1.270000e+02  2.425700e+03  6.286500e+02
   endloop
 endfacet
 facet normal  1.000000e+00  2.237930e-16 -0.000000e+00
   outer loop
     vertex -1.143000e+02  2.362200e+03  1.270000e+01
     vertex -1.143000e+02  2.425700e+03  6.286500e+02
     vertex -1.143000e+02  2.362200e+03  6.286500e+02
   endloop
 endfacet
 facet normal  1.000000e+00  0.000000e+00  2.307144e-17
   outer loop
     vertex -1.143000e+02  2.425700e+03  1.270000e+01
     vertex -1.143000e+02  2.425700e+03  6.286500e+02
     vertex -1.143000e+02  2.362200e+03  1.270000e+01
   endloop
 endfacet
 facet normal  1.000000e+00  0.000000e+00 -4.614288e-17
   outer loop
     vertex  1.651000e+02  2.362200e+03  6.286500e+02
     vertex  1.651000e+02  2.362200e+03  1.270000e+01
     vertex  1.651000e+02  2.425700e+03  1.270000e+01
   endloop
 endfacet
 facet normal  1.000000e+00  4.475860e-16  0.000000e+00
   outer loop
     vertex  1.651000e+02  2.425700e+03  6.286500e+02
     vertex  1.651000e+02  2.362200e+03  6.286500e+02
     vertex  1.651000e+02  2.425700e+03  1.270000e+01
   endloop
 endfacet
 facet normal -1.000000e+00 -1.342758e-15 -1.384287e-16
   outer loop
     vertex  1.524000e+02  2.362200e+03  6.286500e+02
     vertex  1.524000e+02  2.425700e+03  1.270000e+01
     vertex  1.524000e+02  2.362200e+03  1.270000e+01
   endloop
 endfacet
 facet normal -1.000000e+00 -0.000000e+00 -0.000000e+00
   outer loop
     vertex  1.524000e+02  2.425700e+03  6.286500e+02
     vertex  1.524000e+02  2.425700e+03  1.270000e+01
     vertex  1.524000e+02  2.362200e+03  6.286500e+02
   endloop
 endfacet
 facet normal  9.984268e-01  2.760598e-16 -5.607045e-02
   outer loop
     vertex  5.007716e+02  2.425700e+03  1.367586e+02
     vertex  5.016500e+02  2.362200e+03  1.524000e+02
     vertex  5.007716e+02  2.362200e+03  1.367586e+02
   endloop
 endfacet
 facet normal  9.984268e-01  2.499908e-17 -5.607045e-02
   outer loop
     vertex  5.007716e+02  2.425700e+03  1.367586e+02
     vertex  5.016500e+02  2.425700e+03  1.524000e+02
     vertex  5.016500e+02  2.362200e+03  1.524000e+02
   endloop
 endfacet
 facet normal  9.858710e-01 -1.702764e-16 -1.675062e-01
   outer loop
     vertex  4.981474e+02  2.425700e+03  1.213138e+02
     vertex  5.007716e+02  2.362200e+03  1.367586e+02
     vertex  4.981474e+02  2.362200e+03  1.213138e+02
   endloop
 endfacet
 facet normal  9.858710e-01  8.285411e-16 -1.675062e-01
   outer loop
     vertex  4.981474e+02  2.425700e+03  1.213138e+02
     vertex  5.007716e+02  2.425700e+03  1.367586e+02
     vertex  5.007716e+02  2.362200e+03  1.367586e+02
   endloop
 endfacet
 facet normal  9.609173e-01 -5.478623e-17 -2.768355e-01
   outer loop
     vertex  4.938105e+02  2.425700e+03  1.062600e+02
     vertex  4.981474e+02  2.362200e+03  1.213138e+02
     vertex  4.938105e+02  2.362200e+03  1.062600e+02
   endloop
 endfacet
 facet normal  9.609173e-01  3.142742e-16 -2.768355e-01
   outer loop
     vertex  4.938105e+02  2.425700e+03  1.062600e+02
     vertex  4.981474e+02  2.425700e+03  1.213138e+02
     vertex  4.981474e+02  2.362200e+03  1.213138e+02
   endloop
 endfacet
 facet normal  9.238795e-01  6.851349e-16 -3.826834e-01
   outer loop
     vertex  4.878154e+02  2.425700e+03  9.178644e+01
     vertex  4.938105e+02  2.362200e+03  1.062600e+02
     vertex  4.878154e+02  2.362200e+03  9.178644e+01
   endloop
 endfacet
 facet normal  9.238795e-01  2.857038e-16 -3.826834e-01
   outer loop
     vertex  4.878154e+02  2.425700e+03  9.178644e+01
     vertex  4.938105e+02  2.425700e+03  1.062600e+02
     vertex  4.938105e+02  2.362200e+03  1.062600e+02
   endloop
 endfacet
 facet normal  8.155609e-01 -3.415595e-16 -5.786713e-01
   outer loop
     vertex  4.802374e+02  2.425700e+03  7.807512e+01
     vertex  4.802374e+02  2.362200e+03  7.807512e+01
     vertex  4.711719e+02  2.362200e+03  6.529847e+01
   endloop
 endfacet
 facet normal  8.752234e-01 -4.587168e-16 -4.837189e-01
   outer loop
     vertex  4.802374e+02  2.425700e+03  7.807512e+01
     vertex  4.878154e+02  2.362200e+03  9.178644e+01
     vertex  4.802374e+02  2.362200e+03  7.807512e+01
   endloop
 endfacet
 facet normal  8.752234e-01  8.571115e-16 -4.837189e-01
   outer loop
     vertex  4.802374e+02  2.425700e+03  7.807512e+01
     vertex  4.878154e+02  2.425700e+03  9.178644e+01
     vertex  4.878154e+02  2.362200e+03  9.178644e+01
   endloop
 endfacet
 facet normal  8.155609e-01  0.000000e+00 -5.786713e-01
   outer loop
     vertex  4.711719e+02  2.425700e+03  6.529847e+01
     vertex  4.802374e+02  2.425700e+03  7.807512e+01
     vertex  4.711719e+02  2.362200e+03  6.529847e+01
   endloop
 endfacet
 facet normal  6.663466e-01  4.296253e-16 -7.456422e-01
   outer loop
     vertex  4.607328e+02  2.425700e+03  5.361718e+01
     vertex  4.607328e+02  2.362200e+03  5.361718e+01
     vertex  4.490515e+02  2.362200e+03  4.317814e+01
   endloop
 endfacet
 facet normal  7.456422e-01  5.183543e-16 -6.663466e-01
   outer loop
     vertex  4.607328e+02  2.425700e+03  5.361718e+01
     vertex  4.711719e+02  2.362200e+03  6.529847e+01
     vertex  4.607328e+02  2.362200e+03  5.361718e+01
   endloop
 endfacet
 facet normal  7.456422e-01  0.000000e+00 -6.663466e-01
   outer loop
     vertex  4.607328e+02  2.425700e+03  5.361718e+01
     vertex  4.711719e+02  2.425700e+03  6.529847e+01
     vertex  4.711719e+02  2.362200e+03  6.529847e+01
   endloop
 endfacet
 facet normal  6.663466e-01  0.000000e+00 -7.456422e-01
   outer loop
     vertex  4.490515e+02  2.425700e+03  4.317814e+01
     vertex  4.607328e+02  2.425700e+03  5.361718e+01
     vertex  4.490515e+02  2.362200e+03  4.317814e+01
   endloop
 endfacet
 facet normal  4.837189e-01  2.371427e-16 -8.752234e-01
   outer loop
     vertex  4.362749e+02  2.425700e+03  3.411263e+01
     vertex  4.362749e+02  2.362200e+03  3.411263e+01
     vertex  4.225636e+02  2.362200e+03  2.653465e+01
   endloop
 endfacet
 facet normal  5.786713e-01  3.354935e-16 -8.155609e-01
   outer loop
     vertex  4.362749e+02  2.425700e+03  3.411263e+01
     vertex  4.490515e+02  2.362200e+03  4.317814e+01
     vertex  4.362749e+02  2.362200e+03  3.411263e+01
   endloop
 endfacet
 facet normal  5.786713e-01  0.000000e+00 -8.155609e-01
   outer loop
     vertex  4.362749e+02  2.425700e+03  3.411263e+01
     vertex  4.490515e+02  2.425700e+03  4.317814e+01
     vertex  4.490515e+02  2.362200e+03  4.317814e+01
   endloop
 endfacet
 facet normal  3.826834e-01  1.358097e-16 -9.238795e-01
   outer loop
     vertex  4.225636e+02  2.425700e+03  2.653465e+01
     vertex  4.225636e+02  2.362200e+03  2.653465e+01
     vertex  4.080900e+02  2.362200e+03  2.053950e+01
   endloop
 endfacet
 facet normal  4.837189e-01  2.371427e-16 -8.752234e-01
   outer loop
     vertex  4.225636e+02  2.425700e+03  2.653465e+01
     vertex  4.362749e+02  2.425700e+03  3.411263e+01
     vertex  4.225636e+02  2.362200e+03  2.653465e+01
   endloop
 endfacet
 facet normal  2.768355e-01  0.000000e+00 -9.609173e-01
   outer loop
     vertex  4.080900e+02  2.425700e+03  2.053950e+01
     vertex  4.080900e+02  2.362200e+03  2.053950e+01
     vertex  3.930362e+02  2.362200e+03  1.620257e+01
   endloop
 endfacet
 facet normal  3.826834e-01  0.000000e+00 -9.238795e-01
   outer loop
     vertex  4.080900e+02  2.425700e+03  2.053950e+01
     vertex  4.225636e+02  2.425700e+03  2.653465e+01
     vertex  4.080900e+02  2.362200e+03  2.053950e+01
   endloop
 endfacet
 facet normal  1.675062e-01 -4.412620e-16 -9.858710e-01
   outer loop
     vertex  3.930362e+02  2.425700e+03  1.620257e+01
     vertex  3.930362e+02  2.362200e+03  1.620257e+01
     vertex  3.775914e+02  2.362200e+03  1.357840e+01
   endloop
 endfacet
 facet normal  2.768355e-01 -4.300931e-16 -9.609173e-01
   outer loop
     vertex  3.930362e+02  2.425700e+03  1.620257e+01
     vertex  4.080900e+02  2.425700e+03  2.053950e+01
     vertex  3.930362e+02  2.362200e+03  1.620257e+01
   endloop
 endfacet
 facet normal  1.675062e-01  0.000000e+00 -9.858710e-01
   outer loop
     vertex  3.775914e+02  2.425700e+03  1.357840e+01
     vertex  3.930362e+02  2.425700e+03  1.620257e+01
     vertex  3.775914e+02  2.362200e+03  1.357840e+01
   endloop
 endfacet
 facet normal  5.607045e-02  0.000000e+00 -9.984268e-01
   outer loop
     vertex  3.619500e+02  2.425700e+03  1.270000e+01
     vertex  3.775914e+02  2.362200e+03  1.357840e+01
     vertex  3.619500e+02  2.362200e+03  1.270000e+01
   endloop
 endfacet
 facet normal  5.607045e-02  0.000000e+00 -9.984268e-01
   outer loop
     vertex  3.619500e+02  2.425700e+03  1.270000e+01
     vertex  3.775914e+02  2.425700e+03  1.357840e+01
     vertex  3.775914e+02  2.362200e+03  1.357840e+01
   endloop
 endfacet
 facet normal  1.000000e+00  1.602666e-31 -3.580688e-16
   outer loop
     vertex  5.016500e+02  2.425700e+03  1.524000e+02
     vertex  5.016500e+02  2.362200e+03  6.286500e+02
     vertex  5.016500e+02  2.362200e+03  1.524000e+02
   endloop
 endfacet
 facet normal  1.000000e+00  2.685516e-15 -0.000000e+00
   outer loop
     vertex  5.016500e+02  2.425700e+03  1.524000e+02
     vertex  5.016500e+02  2.425700e+03  6.286500e+02
     vertex  5.016500e+02  2.362200e+03  6.286500e+02
   endloop
 endfacet
 facet normal  0.000000e+00  0.000000e+00  1.000000e+00
   outer loop
     vertex  5.016500e+02  2.425700e+03  6.286500e+02
     vertex  2.476500e+02  2.362200e+03  6.286500e+02
     vertex  5.016500e+02  2.362200e+03  6.286500e+02
   endloop
 endfacet
 facet normal  0.000000e+00  0.000000e+00  1.000000e+00
   outer loop
     vertex  5.016500e+02  2.425700e+03  6.286500e+02
     vertex  2.476500e+02  2.425700e+03  6.286500e+02
     vertex  2.476500e+02  2.362200e+03  6.286500e+02
   endloop
 endfacet
 facet normal -1.000000e+00  0.000000e+00  1.384287e-16
   outer loop
     vertex  2.476500e+02  2.362200e+03  6.286500e+02
     vertex  2.476500e+02  2.425700e+03  1.270000e+01
     vertex  2.476500e+02  2.362200e+03  1.270000e+01
   endloop
 endfacet
 facet normal -1.000000e+00  0.000000e+00  1.384287e-16
   outer loop
     vertex  2.476500e+02  2.425700e+03  6.286500e+02
     vertex  2.476500e+02  2.425700e+03  1.270000e+01
     vertex  2.476500e+02  2.362200e+03  6.286500e+02
   endloop
 endfacet
 facet normal -1.864942e-16 -0.000000e+00 -1.000000e+00
   outer loop
     vertex  2.476500e+02  2.425700e+03  1.270000e+01
     vertex  3.619500e+02  2.362200e+03  1.270000e+01
     vertex  2.476500e+02  2.362200e+03  1.270000e+01
   endloop
 endfacet
 facet normal -1.864942e-16  0.000000e+00 -1.000000e+00
   outer loop
     vertex  2.476500e+02  2.425700e+03  1.270000e+01
     vertex  3.619500e+02  2.425700e+03  1.270000e+01
     vertex  3.619500e+02  2.362200e+03  1.270000e+01
   endloop
 endfacet
 facet normal  0.000000e+00  1.000000e+00  0.000000e+00
   outer loop
     vertex  4.362749e+02  2.425700e+03  3.411263e+01
     vertex  4.225636e+02  2.425700e+03  2.653465e+01
     vertex  4.080900e+02  2.425700e+03  2.053950e+01
   endloop
 endfacet
 facet normal  0.000000e+00  1.000000e+00  0.000000e+00
   outer loop
     vertex  4.362749e+02  2.425700e+03  3.411263e+01
     vertex  4.080900e+02  2.425700e+03  2.053950e+01
     vertex  3.930362e+02  2.425700e+03  1.620257e+01
   endloop
 endfacet
 facet normal  0.000000e+00  1.000000e+00  0.000000e+00
   outer loop
     vertex  4.362749e+02  2.425700e+03  3.411263e+01
     vertex  3.930362e+02  2.425700e+03  1.620257e+01
     vertex  3.775914e+02  2.425700e+03  1.357840e+01
   endloop
 endfacet
 facet normal  0.000000e+00  1.000000e+00  0.000000e+00
   outer loop
     vertex  4.607328e+02  2.425700e+03  5.361718e+01
     vertex  4.490515e+02  2.425700e+03  4.317814e+01
     vertex  4.362749e+02  2.425700e+03  3.411263e+01
   endloop
 endfacet
 facet normal  0.000000e+00  1.000000e+00  0.000000e+00
   outer loop
     vertex  4.878154e+02  2.425700e+03  9.178644e+01
     vertex  4.802374e+02  2.425700e+03  7.807512e+01
     vertex  4.711719e+02  2.425700e+03  6.529847e+01
   endloop
 endfacet
 facet normal  0.000000e+00  1.000000e+00  0.000000e+00
   outer loop
     vertex  4.878154e+02  2.425700e+03  9.178644e+01
     vertex  4.711719e+02  2.425700e+03  6.529847e+01
     vertex  4.607328e+02  2.425700e+03  5.361718e+01
   endloop
 endfacet
 facet normal  0.000000e+00  1.000000e+00  0.000000e+00
   outer loop
     vertex  4.878154e+02  2.425700e+03  9.178644e+01
     vertex  4.362749e+02  2.425700e+03  3.411263e+01
     vertex  3.775914e+02  2.425700e+03  1.357840e+01
   endloop
 endfacet
 facet normal  0.000000e+00  1.000000e+00  0.000000e+00
   outer loop
     vertex  4.878154e+02  2.425700e+03  9.178644e+01
     vertex  4.607328e+02  2.425700e+03  5.361718e+01
     vertex  4.362749e+02  2.425700e+03  3.411263e+01
   endloop
 endfacet
 facet normal  0.000000e+00  1.000000e+00  0.000000e+00
   outer loop
     vertex  5.007716e+02  2.425700e+03  1.367586e+02
     vertex  4.981474e+02  2.425700e+03  1.213138e+02
     vertex  4.938105e+02  2.425700e+03  1.062600e+02
   endloop
 endfacet
 facet normal  0.000000e+00  1.000000e+00  0.000000e+00
   outer loop
     vertex  5.007716e+02  2.425700e+03  1.367586e+02
     vertex  4.938105e+02  2.425700e+03  1.062600e+02
     vertex  4.878154e+02  2.425700e+03  9.178644e+01
   endloop
 endfacet
 facet normal  0.000000e+00  1.000000e+00  0.000000e+00
   outer loop
     vertex  5.016500e+02  2.425700e+03  1.524000e+02
     vertex  3.775914e+02  2.425700e+03  1.357840e+01
     vertex  3.619500e+02  2.425700e+03  1.270000e+01
   endloop
 endfacet
 facet normal  0.000000e+00  1.000000e+00  0.000000e+00
   outer loop
     vertex  5.016500e+02  2.425700e+03  1.524000e+02
     vertex  3.619500e+02  2.425700e+03  1.270000e+01
     vertex  2.476500e+02  2.425700e+03  1.270000e+01
   endloop
 endfacet
 facet normal  0.000000e+00  1.000000e+00  0.000000e+00
   outer loop
     vertex  5.016500e+02  2.425700e+03  1.524000e+02
     vertex  5.007716e+02  2.425700e+03  1.367586e+02
     vertex  4.878154e+02  2.425700e+03  9.178644e+01
   endloop
 endfacet
 facet normal  0.000000e+00  1.000000e+00  0.000000e+00
   outer loop
     vertex  5.016500e+02  2.425700e+03  1.524000e+02
     vertex  4.878154e+02  2.425700e+03  9.178644e+01
     vertex  3.775914e+02  2.425700e+03  1.357840e+01
   endloop
 endfacet
 facet normal  0.000000e+00  1.000000e+00  0.000000e+00
   outer loop
     vertex  2.476500e+02  2.425700e+03  6.286500e+02
     vertex  5.016500e+02  2.425700e+03  1.524000e+02
     vertex  2.476500e+02  2.425700e+03  1.270000e+01
   endloop
 endfacet
 facet normal  0.000000e+00  1.000000e+00  0.000000e+00
   outer loop
     vertex  5.016500e+02  2.425700e+03  6.286500e+02
     vertex  5.016500e+02  2.425700e+03  1.524000e+02
     vertex  2.476500e+02  2.425700e+03  6.286500e+02
   endloop
 endfacet
 facet normal  0.000000e+00 -1.000000e+00  0.000000e+00
   outer loop
     vertex  3.930362e+02  2.362200e+03  1.620257e+01
     vertex  3.619500e+02  2.362200e+03  1.270000e+01
     vertex  3.775914e+02  2.362200e+03  1.357840e+01
   endloop
 endfacet
 facet normal  0.000000e+00 -1.000000e+00  0.000000e+00
   outer loop
     vertex  4.225636e+02  2.362200e+03  2.653465e+01
     vertex  3.930362e+02  2.362200e+03  1.620257e+01
     vertex  4.080900e+02  2.362200e+03  2.053950e+01
   endloop
 endfacet
 facet normal  0.000000e+00 -1.000000e+00  0.000000e+00
   outer loop
     vertex  4.362749e+02  2.362200e+03  3.411263e+01
     vertex  3.930362e+02  2.362200e+03  1.620257e+01
     vertex  4.225636e+02  2.362200e+03  2.653465e+01
   endloop
 endfacet
 facet normal  0.000000e+00 -1.000000e+00  0.000000e+00
   outer loop
     vertex  4.490515e+02  2.362200e+03  4.317814e+01
     vertex  3.930362e+02  2.362200e+03  1.620257e+01
     vertex  4.362749e+02  2.362200e+03  3.411263e+01
   endloop
 endfacet
 facet normal  0.000000e+00 -1.000000e+00  0.000000e+00
   outer loop
     vertex  4.802374e+02  2.362200e+03  7.807512e+01
     vertex  4.607328e+02  2.362200e+03  5.361718e+01
     vertex  4.711719e+02  2.362200e+03  6.529847e+01
   endloop
 endfacet
 facet normal  0.000000e+00 -1.000000e+00  0.000000e+00
   outer loop
     vertex  4.878154e+02  2.362200e+03  9.178644e+01
     vertex  4.490515e+02  2.362200e+03  4.317814e+01
     vertex  4.607328e+02  2.362200e+03  5.361718e+01
   endloop
 endfacet
 facet normal  0.000000e+00 -1.000000e+00  0.000000e+00
   outer loop
     vertex  4.878154e+02  2.362200e+03  9.178644e+01
     vertex  4.607328e+02  2.362200e+03  5.361718e+01
     vertex  4.802374e+02  2.362200e+03  7.807512e+01
   endloop
 endfacet
 facet normal  0.000000e+00 -1.000000e+00  0.000000e+00
   outer loop
     vertex  4.878154e+02  2.362200e+03  9.178644e+01
     vertex  3.930362e+02  2.362200e+03  1.620257e+01
     vertex  4.490515e+02  2.362200e+03  4.317814e+01
   endloop
 endfacet
 facet normal  0.000000e+00 -1.000000e+00  0.000000e+00
   outer loop
     vertex  4.938105e+02  2.362200e+03  1.062600e+02
     vertex  3.930362e+02  2.362200e+03  1.620257e+01
     vertex  4.878154e+02  2.362200e+03  9.178644e+01
   endloop
 endfacet
 facet normal  0.000000e+00 -1.000000e+00  0.000000e+00
   outer loop
     vertex  5.007716e+02  2.362200e+03  1.367586e+02
     vertex  4.938105e+02  2.362200e+03  1.062600e+02
     vertex  4.981474e+02  2.362200e+03  1.213138e+02
   endloop
 endfacet
 facet normal  0.000000e+00 -1.000000e+00  0.000000e+00
   outer loop
     vertex  5.016500e+02  2.362200e+03  1.524000e+02
     vertex  2.476500e+02  2.362200e+03  1.270000e+01
     vertex  3.619500e+02  2.362200e+03  1.270000e+01
   endloop
 endfacet
 facet normal  0.000000e+00 -1.000000e+00  0.000000e+00
   outer loop
     vertex  5.016500e+02  2.362200e+03  1.524000e+02
     vertex  3.619500e+02  2.362200e+03  1.270000e+01
     vertex  3.930362e+02  2.362200e+03  1.620257e+01
   endloop
 endfacet
 facet normal  0.000000e+00 -1.000000e+00  0.000000e+00
   outer loop
     vertex  5.016500e+02  2.362200e+03  1.524000e+02
     vertex  4.938105e+02  2.362200e+03  1.062600e+02
     vertex  5.007716e+02  2.362200e+03  1.367586e+02
   endloop
 endfacet
 facet normal  0.000000e+00 -1.000000e+00  0.000000e+00
   outer loop
     vertex  5.016500e+02  2.362200e+03  1.524000e+02
     vertex  3.930362e+02  2.362200e+03  1.620257e+01
     vertex  4.938105e+02  2.362200e+03  1.062600e+02
   endloop
 endfacet
 facet normal  0.000000e+00 -1.000000e+00 -0.000000e+00
   outer loop
     vertex  2.476500e+02  2.362200e+03  6.286500e+02
     vertex  2.476500e+02  2.362200e+03  1.270000e+01
     vertex  5.016500e+02  2.362200e+03  1.524000e+02
   endloop
 endfacet
 facet normal -0.000000e+00 -1.000000e+00  0.000000e+00
   outer loop
     vertex  5.016500e+02  2.362200e+03  6.286500e+02
     vertex  2.476500e+02  2.362200e+03  6.286500e+02
     vertex  5.016500e+02  2.362200e+03  1.524000e+02
   endloop
 endfacet
 facet normal  1.205367e-01 -6.278035e-18  9.927089e-01
   outer loop
     vertex  3.687884e+02  2.425700e+03  1.039447e+02
     vertex  3.619500e+02  1.270000e+03  1.047750e+02
     vertex  3.687884e+02  1.270000e+03  1.039447e+02
   endloop
 endfacet
 facet normal  1.205367e-01  0.000000e+00  9.927089e-01
   outer loop
     vertex  3.687884e+02  2.425700e+03  1.039447e+02
     vertex  3.619500e+02  2.425700e+03  1.047750e+02
     vertex  3.619500e+02  1.270000e+03  1.047750e+02
   endloop
 endfacet
 facet normal  3.546049e-01 -5.553176e-18  9.350162e-01
   outer loop
     vertex  3.752295e+02  2.425700e+03  1.015019e+02
     vertex  3.687884e+02  1.270000e+03  1.039447e+02
     vertex  3.752295e+02  1.270000e+03  1.015019e+02
   endloop
 endfacet
 facet normal  3.546049e-01  6.024394e-18  9.350162e-01
   outer loop
     vertex  3.752295e+02  2.425700e+03  1.015019e+02
     vertex  3.687884e+02  2.425700e+03  1.039447e+02
     vertex  3.687884e+02  1.270000e+03  1.039447e+02
   endloop
 endfacet
 facet normal  5.680647e-01 -2.418595e-18  8.229839e-01
   outer loop
     vertex  3.808987e+02  2.425700e+03  9.758869e+01
     vertex  3.752295e+02  1.270000e+03  1.015019e+02
     vertex  3.808987e+02  1.270000e+03  9.758869e+01
   endloop
 endfacet
 facet normal  5.680647e-01  7.586275e-18  8.229839e-01
   outer loop
     vertex  3.808987e+02  2.425700e+03  9.758869e+01
     vertex  3.752295e+02  2.425700e+03  1.015019e+02
     vertex  3.752295e+02  1.270000e+03  1.015019e+02
   endloop
 endfacet
 facet normal  7.485107e-01  1.235380e-17  6.631227e-01
   outer loop
     vertex  3.854668e+02  2.425700e+03  9.243245e+01
     vertex  3.808987e+02  1.270000e+03  9.758869e+01
     vertex  3.854668e+02  1.270000e+03  9.243245e+01
   endloop
 endfacet
 facet normal  7.485107e-01  1.249504e-17  6.631227e-01
   outer loop
     vertex  3.854668e+02  2.425700e+03  9.243245e+01
     vertex  3.808987e+02  2.425700e+03  9.758869e+01
     vertex  3.808987e+02  1.270000e+03  9.758869e+01
   endloop
 endfacet
 facet normal  8.854560e-01 -1.714315e-17  4.647232e-01
   outer loop
     vertex  3.886681e+02  2.425700e+03  8.633283e+01
     vertex  3.854668e+02  1.270000e+03  9.243245e+01
     vertex  3.886681e+02  1.270000e+03  8.633283e+01
   endloop
 endfacet
 facet normal  8.854560e-01  2.632884e-17  4.647232e-01
   outer loop
     vertex  3.886681e+02  2.425700e+03  8.633283e+01
     vertex  3.854668e+02  2.425700e+03  9.243245e+01
     vertex  3.854668e+02  1.270000e+03  9.243245e+01
   endloop
 endfacet
 facet normal  9.709418e-01 -1.177081e-17  2.393157e-01
   outer loop
     vertex  3.903167e+02  2.425700e+03  7.964434e+01
     vertex  3.886681e+02  1.270000e+03  8.633283e+01
     vertex  3.903167e+02  1.270000e+03  7.964434e+01
   endloop
 endfacet
 facet normal  9.709418e-01 -8.925029e-18  2.393157e-01
   outer loop
     vertex  3.903167e+02  2.425700e+03  7.964434e+01
     vertex  3.886681e+02  2.425700e+03  8.633283e+01
     vertex  3.886681e+02  1.270000e+03  8.633283e+01
   endloop
 endfacet
 facet normal  1.000000e+00  0.000000e+00  0.000000e+00
   outer loop
     vertex  3.903167e+02  2.425700e+03  7.275566e+01
     vertex  3.903167e+02  1.270000e+03  7.964434e+01
     vertex  3.903167e+02  1.270000e+03  7.275566e+01
   endloop
 endfacet
 facet normal  1.000000e+00  0.000000e+00 -0.000000e+00
   outer loop
     vertex  3.903167e+02  2.425700e+03  7.275566e+01
     vertex  3.903167e+02  2.425700e+03  7.964434e+01
     vertex  3.903167e+02  1.270000e+03  7.964434e+01
   endloop
 endfacet
 facet normal  9.709418e-01  5.885403e-18 -2.393157e-01
   outer loop
     vertex  3.886681e+02  2.425700e+03  6.606717e+01
     vertex  3.903167e+02  1.270000e+03  7.275566e+01
     vertex  3.886681e+02  1.270000e+03  6.606717e+01
   endloop
 endfacet
 facet normal  9.709418e-01  8.925029e-18 -2.393157e-01
   outer loop
     vertex  3.886681e+02  2.425700e+03  6.606717e+01
     vertex  3.903167e+02  2.425700e+03  7.275566e+01
     vertex  3.903167e+02  1.270000e+03  7.275566e+01
   endloop
 endfacet
 facet normal  8.854560e-01  1.142877e-17 -4.647232e-01
   outer loop
     vertex  3.854668e+02  2.425700e+03  5.996755e+01
     vertex  3.886681e+02  1.270000e+03  6.606717e+01
     vertex  3.854668e+02  1.270000e+03  5.996755e+01
   endloop
 endfacet
 facet normal  8.854560e-01  1.160254e-17 -4.647232e-01
   outer loop
     vertex  3.854668e+02  2.425700e+03  5.996755e+01
     vertex  3.886681e+02  2.425700e+03  6.606717e+01
     vertex  3.886681e+02  1.270000e+03  6.606717e+01
   endloop
 endfacet
 facet normal  7.485107e-01  8.153967e-18 -6.631227e-01
   outer loop
     vertex  3.808987e+02  2.425700e+03  5.481131e+01
     vertex  3.854668e+02  1.270000e+03  5.996755e+01
     vertex  3.808987e+02  1.270000e+03  5.481131e+01
   endloop
 endfacet
 facet normal  7.485107e-01  1.606505e-17 -6.631227e-01
   outer loop
     vertex  3.808987e+02  2.425700e+03  5.481131e+01
     vertex  3.854668e+02  2.425700e+03  5.996755e+01
     vertex  3.854668e+02  1.270000e+03  5.996755e+01
   endloop
 endfacet
 facet normal  5.680647e-01  1.517951e-17 -8.229839e-01
   outer loop
     vertex  3.752295e+02  2.425700e+03  5.089809e+01
     vertex  3.808987e+02  1.270000e+03  5.481131e+01
     vertex  3.752295e+02  1.270000e+03  5.089809e+01
   endloop
 endfacet
 facet normal  5.680647e-01  1.026378e-17 -8.229839e-01
   outer loop
     vertex  3.752295e+02  2.425700e+03  5.089809e+01
     vertex  3.808987e+02  2.425700e+03  5.481131e+01
     vertex  3.808987e+02  1.270000e+03  5.481131e+01
   endloop
 endfacet
 facet normal  3.546049e-01  5.748629e-18 -9.350162e-01
   outer loop
     vertex  3.687884e+02  2.425700e+03  4.845534e+01
     vertex  3.752295e+02  1.270000e+03  5.089809e+01
     vertex  3.687884e+02  1.270000e+03  4.845534e+01
   endloop
 endfacet
 facet normal  3.546049e-01  1.718068e-17 -9.350162e-01
   outer loop
     vertex  3.687884e+02  2.425700e+03  4.845534e+01
     vertex  3.752295e+02  2.425700e+03  5.089809e+01
     vertex  3.752295e+02  1.270000e+03  5.089809e+01
   endloop
 endfacet
 facet normal  1.205367e-01  0.000000e+00 -9.927089e-01
   outer loop
     vertex  3.619500e+02  2.425700e+03  4.762500e+01
     vertex  3.687884e+02  1.270000e+03  4.845534e+01
     vertex  3.619500e+02  1.270000e+03  4.762500e+01
   endloop
 endfacet
 facet normal  1.205367e-01  6.024394e-18 -9.927089e-01
   outer loop
     vertex  3.619500e+02  2.425700e+03  4.762500e+01
     vertex  3.687884e+02  2.425700e+03  4.845534e+01
     vertex  3.687884e+02  1.270000e+03  4.845534e+01
   endloop
 endfacet
 facet normal -1.205367e-01  0.000000e+00 -9.927089e-01
   outer loop
     vertex  3.551116e+02  2.425700e+03  4.845534e+01
     vertex  3.619500e+02  2.425700e+03  4.762500e+01
     vertex  3.619500e+02  1.270000e+03  4.762500e+01
   endloop
 endfacet
 facet normal -1.205367e-01 -6.103332e-18 -9.927089e-01
   outer loop
     vertex  3.551116e+02  2.425700e+03  4.845534e+01
     vertex  3.619500e+02  1.270000e+03  4.762500e+01
     vertex  3.551116e+02  1.270000e+03  4.845534e+01
   endloop
 endfacet
 facet normal -3.546049e-01 -1.724589e-17 -9.350162e-01
   outer loop
     vertex  3.486705e+02  2.425700e+03  5.089809e+01
     vertex  3.551116e+02  1.270000e+03  4.845534e+01
     vertex  3.486705e+02  1.270000e+03  5.089809e+01
   endloop
 endfacet
 facet normal -3.546049e-01 -5.801269e-18 -9.350162e-01
   outer loop
     vertex  3.486705e+02  2.425700e+03  5.089809e+01
     vertex  3.551116e+02  2.425700e+03  4.845534e+01
     vertex  3.551116e+02  1.270000e+03  4.845534e+01
   endloop
 endfacet
 facet normal -5.680647e-01 -1.011967e-17 -8.229839e-01
   outer loop
     vertex  3.430013e+02  2.425700e+03  5.481131e+01
     vertex  3.486705e+02  1.270000e+03  5.089809e+01
     vertex  3.430013e+02  1.270000e+03  5.481131e+01
   endloop
 endfacet
 facet normal -5.680647e-01 -1.517255e-17 -8.229839e-01
   outer loop
     vertex  3.430013e+02  2.425700e+03  5.481131e+01
     vertex  3.486705e+02  2.425700e+03  5.089809e+01
     vertex  3.486705e+02  1.270000e+03  5.089809e+01
   endloop
 endfacet
 facet normal -7.485107e-01 -1.630793e-17 -6.631227e-01
   outer loop
     vertex  3.384332e+02  2.425700e+03  5.996755e+01
     vertex  3.430013e+02  1.270000e+03  5.481131e+01
     vertex  3.384332e+02  1.270000e+03  5.996755e+01
   endloop
 endfacet
 facet normal -7.485107e-01 -8.032526e-18 -6.631227e-01
   outer loop
     vertex  3.384332e+02  2.425700e+03  5.996755e+01
     vertex  3.430013e+02  2.425700e+03  5.481131e+01
     vertex  3.430013e+02  1.270000e+03  5.481131e+01
   endloop
 endfacet
 facet normal -8.854560e-01 -1.142877e-17 -4.647232e-01
   outer loop
     vertex  3.352319e+02  2.425700e+03  6.606717e+01
     vertex  3.384332e+02  1.270000e+03  5.996755e+01
     vertex  3.352319e+02  1.270000e+03  6.606717e+01
   endloop
 endfacet
 facet normal -8.854560e-01 -1.160254e-17 -4.647232e-01
   outer loop
     vertex  3.352319e+02  2.425700e+03  6.606717e+01
     vertex  3.384332e+02  2.425700e+03  5.996755e+01
     vertex  3.384332e+02  1.270000e+03  5.996755e+01
   endloop
 endfacet
 facet normal -9.709418e-01 -8.828105e-18 -2.393157e-01
   outer loop
     vertex  3.335833e+02  2.425700e+03  7.275566e+01
     vertex  3.352319e+02  1.270000e+03  6.606717e+01
     vertex  3.335833e+02  1.270000e+03  7.275566e+01
   endloop
 endfacet
 facet normal -9.709418e-01 -6.024394e-18 -2.393157e-01
   outer loop
     vertex  3.335833e+02  2.425700e+03  7.275566e+01
     vertex  3.352319e+02  2.425700e+03  6.606717e+01
     vertex  3.352319e+02  1.270000e+03  6.606717e+01
   endloop
 endfacet
 facet normal -1.000000e+00 -0.000000e+00  0.000000e+00
   outer loop
     vertex  3.335833e+02  2.425700e+03  7.964434e+01
     vertex  3.335833e+02  1.270000e+03  7.275566e+01
     vertex  3.335833e+02  1.270000e+03  7.964434e+01
   endloop
 endfacet
 facet normal -1.000000e+00  0.000000e+00 -0.000000e+00
   outer loop
     vertex  3.335833e+02  2.425700e+03  7.964434e+01
     vertex  3.335833e+02  2.425700e+03  7.275566e+01
     vertex  3.335833e+02  1.270000e+03  7.275566e+01
   endloop
 endfacet
 facet normal -9.709418e-01  8.828105e-18  2.393157e-01
   outer loop
     vertex  3.352319e+02  2.425700e+03  8.633283e+01
     vertex  3.335833e+02  1.270000e+03  7.964434e+01
     vertex  3.352319e+02  1.270000e+03  8.633283e+01
   endloop
 endfacet
 facet normal -9.709418e-01  1.182566e-17  2.393157e-01
   outer loop
     vertex  3.352319e+02  2.425700e+03  8.633283e+01
     vertex  3.335833e+02  2.425700e+03  7.964434e+01
     vertex  3.335833e+02  1.270000e+03  7.964434e+01
   endloop
 endfacet
 facet normal -8.854560e-01 -2.640824e-17  4.647232e-01
   outer loop
     vertex  3.384332e+02  2.425700e+03  9.243245e+01
     vertex  3.352319e+02  1.270000e+03  8.633283e+01
     vertex  3.384332e+02  1.270000e+03  9.243245e+01
   endloop
 endfacet
 facet normal -8.854560e-01  1.695755e-17  4.647232e-01
   outer loop
     vertex  3.384332e+02  2.425700e+03  9.243245e+01
     vertex  3.352319e+02  2.425700e+03  8.633283e+01
     vertex  3.352319e+02  1.270000e+03  8.633283e+01
   endloop
 endfacet
 facet normal -7.485107e-01 -1.235380e-17  6.631227e-01
   outer loop
     vertex  3.430013e+02  2.425700e+03  9.758869e+01
     vertex  3.384332e+02  1.270000e+03  9.243245e+01
     vertex  3.430013e+02  1.270000e+03  9.758869e+01
   endloop
 endfacet
 facet normal -7.485107e-01 -1.249504e-17  6.631227e-01
   outer loop
     vertex  3.430013e+02  2.425700e+03  9.758869e+01
     vertex  3.384332e+02  2.425700e+03  9.243245e+01
     vertex  3.384332e+02  1.270000e+03  9.243245e+01
   endloop
 endfacet
 facet normal -5.680647e-01 -7.701076e-18  8.229839e-01
   outer loop
     vertex  3.486705e+02  2.425700e+03  1.015019e+02
     vertex  3.430013e+02  1.270000e+03  9.758869e+01
     vertex  3.486705e+02  1.270000e+03  1.015019e+02
   endloop
 endfacet
 facet normal -5.680647e-01  2.231257e-18  8.229839e-01
   outer loop
     vertex  3.486705e+02  2.425700e+03  1.015019e+02
     vertex  3.430013e+02  2.425700e+03  9.758869e+01
     vertex  3.430013e+02  1.270000e+03  9.758869e+01
   endloop
 endfacet
 facet normal -1.205367e-01  6.278035e-18  9.927089e-01
   outer loop
     vertex  3.551116e+02  2.425700e+03  1.039447e+02
     vertex  3.551116e+02  1.270000e+03  1.039447e+02
     vertex  3.619500e+02  1.270000e+03  1.047750e+02
   endloop
 endfacet
 facet normal -3.546049e-01 -5.944081e-18  9.350162e-01
   outer loop
     vertex  3.551116e+02  2.425700e+03  1.039447e+02
     vertex  3.486705e+02  1.270000e+03  1.015019e+02
     vertex  3.551116e+02  1.270000e+03  1.039447e+02
   endloop
 endfacet
 facet normal -3.546049e-01  5.578143e-18  9.350162e-01
   outer loop
     vertex  3.551116e+02  2.425700e+03  1.039447e+02
     vertex  3.486705e+02  2.425700e+03  1.015019e+02
     vertex  3.486705e+02  1.270000e+03  1.015019e+02
   endloop
 endfacet
 facet normal -1.205367e-01  0.000000e+00  9.927089e-01
   outer loop
     vertex  3.619500e+02  2.425700e+03  1.047750e+02
     vertex  3.551116e+02  2.425700e+03  1.039447e+02
     vertex  3.619500e+02  1.270000e+03  1.047750e+02
   endloop
 endfacet
 facet normal  0.000000e+00  1.000000e+00  0.000000e+00
   outer loop
     vertex  3.619500e+02  2.425700e+03  4.762500e+01
     vertex  3.551116e+02  2.425700e+03  4.845534e+01
     vertex  3.486705e+02  2.425700e+03  5.089809e+01
   endloop
 endfacet
 facet normal  0.000000e+00  1.000000e+00  0.000000e+00
   outer loop
     vertex  3.687884e+02  2.425700e+03  4.845534e+01
     vertex  3.619500e+02  2.425700e+03  4.762500e+01
     vertex  3.486705e+02  2.425700e+03  5.089809e+01
   endloop
 endfacet
 facet normal  0.000000e+00  1.000000e+00  0.000000e+00
   outer loop
     vertex  3.752295e+02  2.425700e+03  5.089809e+01
     vertex  3.687884e+02  2.425700e+03  4.845534e+01
     vertex  3.486705e+02  2.425700e+03  5.089809e+01
   endloop
 endfacet
 facet normal  0.000000e+00  1.000000e+00  0.000000e+00
   outer loop
     vertex  3.430013e+02  2.425700e+03  9.758869e+01
     vertex  3.486705e+02  2.425700e+03  5.089809e+01
     vertex  3.430013e+02  2.425700e+03  5.481131e+01
   endloop
 endfacet
 facet normal  0.000000e+00  1.000000e+00  0.000000e+00
   outer loop
     vertex  3.430013e+02  2.425700e+03  9.758869e+01
     vertex  3.430013e+02  2.425700e+03  5.481131e+01
     vertex  3.384332e+02  2.425700e+03  5.996755e+01
   endloop
 endfacet
 facet normal  0.000000e+00  1.000000e+00  0.000000e+00
   outer loop
     vertex  3.430013e+02  2.425700e+03  9.758869e+01
     vertex  3.384332e+02  2.425700e+03  5.996755e+01
     vertex  3.352319e+02  2.425700e+03  6.606717e+01
   endloop
 endfacet
 facet normal  0.000000e+00  1.000000e+00  0.000000e+00
   outer loop
     vertex  3.430013e+02  2.425700e+03  9.758869e+01
     vertex  3.352319e+02  2.425700e+03  6.606717e+01
     vertex  3.335833e+02  2.425700e+03  7.275566e+01
   endloop
 endfacet
 facet normal  0.000000e+00  1.000000e+00  0.000000e+00
   outer loop
     vertex  3.430013e+02  2.425700e+03  9.758869e+01
     vertex  3.335833e+02  2.425700e+03  7.275566e+01
     vertex  3.335833e+02  2.425700e+03  7.964434e+01
   endloop
 endfacet
 facet normal  0.000000e+00  1.000000e+00  0.000000e+00
   outer loop
     vertex  3.430013e+02  2.425700e+03  9.758869e+01
     vertex  3.335833e+02  2.425700e+03  7.964434e+01
     vertex  3.352319e+02  2.425700e+03  8.633283e+01
   endloop
 endfacet
 facet normal  0.000000e+00  1.000000e+00  0.000000e+00
   outer loop
     vertex  3.430013e+02  2.425700e+03  9.758869e+01
     vertex  3.352319e+02  2.425700e+03  8.633283e+01
     vertex  3.384332e+02  2.425700e+03  9.243245e+01
   endloop
 endfacet
 facet normal  0.000000e+00  1.000000e+00  0.000000e+00
   outer loop
     vertex  3.854668e+02  2.425700e+03  5.996755e+01
     vertex  3.808987e+02  2.425700e+03  5.481131e+01
     vertex  3.752295e+02  2.425700e+03  5.089809e+01
   endloop
 endfacet
 facet normal  0.000000e+00  1.000000e+00  0.000000e+00
   outer loop
     vertex  3.886681e+02  2.425700e+03  6.606717e+01
     vertex  3.854668e+02  2.425700e+03  5.996755e+01
     vertex  3.752295e+02  2.425700e+03  5.089809e+01
   endloop
 endfacet
 facet normal  0.000000e+00  1.000000e+00  0.000000e+00
   outer loop
     vertex  3.551116e+02  2.425700e+03  1.039447e+02
     vertex  3.430013e+02  2.425700e+03  9.758869e+01
     vertex  3.486705e+02  2.425700e+03  1.015019e+02
   endloop
 endfacet
 facet normal  0.000000e+00  1.000000e+00  0.000000e+00
   outer loop
     vertex  3.551116e+02  2.425700e+03  1.039447e+02
     vertex  3.752295e+02  2.425700e+03  5.089809e+01
     vertex  3.486705e+02  2.425700e+03  5.089809e+01
   endloop
 endfacet
 facet normal  0.000000e+00  1.000000e+00  0.000000e+00
   outer loop
     vertex  3.551116e+02  2.425700e+03  1.039447e+02
     vertex  3.486705e+02  2.425700e+03  5.089809e+01
     vertex  3.430013e+02  2.425700e+03  9.758869e+01
   endloop
 endfacet
 facet normal  0.000000e+00  1.000000e+00  0.000000e+00
   outer loop
     vertex  3.903167e+02  2.425700e+03  7.964434e+01
     vertex  3.903167e+02  2.425700e+03  7.275566e+01
     vertex  3.886681e+02  2.425700e+03  6.606717e+01
   endloop
 endfacet
 facet normal  0.000000e+00  1.000000e+00  0.000000e+00
   outer loop
     vertex  3.687884e+02  2.425700e+03  1.039447e+02
     vertex  3.551116e+02  2.425700e+03  1.039447e+02
     vertex  3.619500e+02  2.425700e+03  1.047750e+02
   endloop
 endfacet
 facet normal  0.000000e+00  1.000000e+00  0.000000e+00
   outer loop
     vertex  3.886681e+02  2.425700e+03  8.633283e+01
     vertex  3.903167e+02  2.425700e+03  7.964434e+01
     vertex  3.886681e+02  2.425700e+03  6.606717e+01
   endloop
 endfacet
 facet normal  0.000000e+00  1.000000e+00  0.000000e+00
   outer loop
     vertex  3.886681e+02  2.425700e+03  8.633283e+01
     vertex  3.886681e+02  2.425700e+03  6.606717e+01
     vertex  3.752295e+02  2.425700e+03  5.089809e+01
   endloop
 endfacet
 facet normal  0.000000e+00  1.000000e+00  0.000000e+00
   outer loop
     vertex  3.808987e+02  2.425700e+03  9.758869e+01
     vertex  3.687884e+02  2.425700e+03  1.039447e+02
     vertex  3.752295e+02  2.425700e+03  1.015019e+02
   endloop
 endfacet
 facet normal  0.000000e+00  1.000000e+00  0.000000e+00
   outer loop
     vertex  3.808987e+02  2.425700e+03  9.758869e+01
     vertex  3.854668e+02  2.425700e+03  9.243245e+01
     vertex  3.886681e+02  2.425700e+03  8.633283e+01
   endloop
 endfacet
 facet normal  0.000000e+00  1.000000e+00  0.000000e+00
   outer loop
     vertex  3.808987e+02  2.425700e+03  9.758869e+01
     vertex  3.752295e+02  2.425700e+03  5.089809e+01
     vertex  3.551116e+02  2.425700e+03  1.039447e+02
   endloop
 endfacet
 facet normal  0.000000e+00  1.000000e+00  0.000000e+00
   outer loop
     vertex  3.808987e+02  2.425700e+03  9.758869e+01
     vertex  3.551116e+02  2.425700e+03  1.039447e+02
     vertex  3.687884e+02  2.425700e+03  1.039447e+02
   endloop
 endfacet
 facet normal  0.000000e+00  1.000000e+00  0.000000e+00
   outer loop
     vertex  3.808987e+02  2.425700e+03  9.758869e+01
     vertex  3.886681e+02  2.425700e+03  8.633283e+01
     vertex  3.752295e+02  2.425700e+03  5.089809e+01
   endloop
 endfacet
 facet normal  0.000000e+00 -1.000000e+00  0.000000e+00
   outer loop
     vertex  3.486705e+02  1.270000e+03  5.089809e+01
     vertex  3.384332e+02  1.270000e+03  5.996755e+01
     vertex  3.430013e+02  1.270000e+03  5.481131e+01
   endloop
 endfacet
 facet normal -0.000000e+00 -1.000000e+00  0.000000e+00
   outer loop
     vertex  3.687884e+02  1.270000e+03  4.845534e+01
     vertex  3.551116e+02  1.270000e+03  4.845534e+01
     vertex  3.619500e+02  1.270000e+03  4.762500e+01
   endloop
 endfacet
 facet normal  0.000000e+00 -1.000000e+00  0.000000e+00
   outer loop
     vertex  3.352319e+02  1.270000e+03  8.633283e+01
     vertex  3.335833e+02  1.270000e+03  7.964434e+01
     vertex  3.335833e+02  1.270000e+03  7.275566e+01
   endloop
 endfacet
 facet normal  0.000000e+00 -1.000000e+00 -0.000000e+00
   outer loop
     vertex  3.352319e+02  1.270000e+03  8.633283e+01
     vertex  3.335833e+02  1.270000e+03  7.275566e+01
     vertex  3.352319e+02  1.270000e+03  6.606717e+01
   endloop
 endfacet
 facet normal  0.000000e+00 -1.000000e+00  0.000000e+00
   outer loop
     vertex  3.352319e+02  1.270000e+03  8.633283e+01
     vertex  3.352319e+02  1.270000e+03  6.606717e+01
     vertex  3.384332e+02  1.270000e+03  5.996755e+01
   endloop
 endfacet
 facet normal  0.000000e+00 -1.000000e+00  0.000000e+00
   outer loop
     vertex  3.352319e+02  1.270000e+03  8.633283e+01
     vertex  3.384332e+02  1.270000e+03  5.996755e+01
     vertex  3.486705e+02  1.270000e+03  5.089809e+01
   endloop
 endfacet
 facet normal  0.000000e+00 -1.000000e+00  0.000000e+00
   outer loop
     vertex  3.808987e+02  1.270000e+03  5.481131e+01
     vertex  3.687884e+02  1.270000e+03  4.845534e+01
     vertex  3.752295e+02  1.270000e+03  5.089809e+01
   endloop
 endfacet
 facet normal  0.000000e+00 -1.000000e+00  0.000000e+00
   outer loop
     vertex  3.808987e+02  1.270000e+03  5.481131e+01
     vertex  3.551116e+02  1.270000e+03  4.845534e+01
     vertex  3.687884e+02  1.270000e+03  4.845534e+01
   endloop
 endfacet
 facet normal  0.000000e+00 -1.000000e+00  0.000000e+00
   outer loop
     vertex  3.430013e+02  1.270000e+03  9.758869e+01
     vertex  3.384332e+02  1.270000e+03  9.243245e+01
     vertex  3.352319e+02  1.270000e+03  8.633283e+01
   endloop
 endfacet
 facet normal  0.000000e+00 -1.000000e+00  0.000000e+00
   outer loop
     vertex  3.430013e+02  1.270000e+03  9.758869e+01
     vertex  3.486705e+02  1.270000e+03  5.089809e+01
     vertex  3.551116e+02  1.270000e+03  4.845534e+01
   endloop
 endfacet
 facet normal  0.000000e+00 -1.000000e+00 -0.000000e+00
   outer loop
     vertex  3.430013e+02  1.270000e+03  9.758869e+01
     vertex  3.352319e+02  1.270000e+03  8.633283e+01
     vertex  3.486705e+02  1.270000e+03  5.089809e+01
   endloop
 endfacet
 facet normal  0.000000e+00 -1.000000e+00  0.000000e+00
   outer loop
     vertex  3.903167e+02  1.270000e+03  7.275566e+01
     vertex  3.808987e+02  1.270000e+03  5.481131e+01
     vertex  3.854668e+02  1.270000e+03  5.996755e+01
   endloop
 endfacet
 facet normal  0.000000e+00 -1.000000e+00  0.000000e+00
   outer loop
     vertex  3.903167e+02  1.270000e+03  7.275566e+01
     vertex  3.854668e+02  1.270000e+03  5.996755e+01
     vertex  3.886681e+02  1.270000e+03  6.606717e+01
   endloop
 endfacet
 facet normal  0.000000e+00 -1.000000e+00  0.000000e+00
   outer loop
     vertex  3.687884e+02  1.270000e+03  1.039447e+02
     vertex  3.903167e+02  1.270000e+03  7.275566e+01
     vertex  3.903167e+02  1.270000e+03  7.964434e+01
   endloop
 endfacet
 facet normal  0.000000e+00 -1.000000e+00  0.000000e+00
   outer loop
     vertex  3.687884e+02  1.270000e+03  1.039447e+02
     vertex  3.619500e+02  1.270000e+03  1.047750e+02
     vertex  3.551116e+02  1.270000e+03  1.039447e+02
   endloop
 endfacet
 facet normal -0.000000e+00 -1.000000e+00  0.000000e+00
   outer loop
     vertex  3.687884e+02  1.270000e+03  1.039447e+02
     vertex  3.551116e+02  1.270000e+03  1.039447e+02
     vertex  3.486705e+02  1.270000e+03  1.015019e+02
   endloop
 endfacet
 facet normal  0.000000e+00 -1.000000e+00  0.000000e+00
   outer loop
     vertex  3.687884e+02  1.270000e+03  1.039447e+02
     vertex  3.486705e+02  1.270000e+03  1.015019e+02
     vertex  3.430013e+02  1.270000e+03  9.758869e+01
   endloop
 endfacet
 facet normal  0.000000e+00 -1.000000e+00 -0.000000e+00
   outer loop
     vertex  3.687884e+02  1.270000e+03  1.039447e+02
     vertex  3.551116e+02  1.270000e+03  4.845534e+01
     vertex  3.808987e+02  1.270000e+03  5.481131e+01
   endloop
 endfacet
 facet normal  0.000000e+00 -1.000000e+00  0.000000e+00
   outer loop
     vertex  3.687884e+02  1.270000e+03  1.039447e+02
     vertex  3.430013e+02  1.270000e+03  9.758869e+01
     vertex  3.551116e+02  1.270000e+03  4.845534e+01
   endloop
 endfacet
 facet normal  0.000000e+00 -1.000000e+00  0.000000e+00
   outer loop
     vertex  3.687884e+02  1.270000e+03  1.039447e+02
     vertex  3.808987e+02  1.270000e+03  5.481131e+01
     vertex  3.903167e+02  1.270000e+03  7.275566e+01
   endloop
 endfacet
 facet normal  0.000000e+00 -1.000000e+00  0.000000e+00
   outer loop
     vertex  3.854668e+02  1.270000e+03  9.243245e+01
     vertex  3.903167e+02  1.270000e+03  7.964434e+01
     vertex  3.886681e+02  1.270000e+03  8.633283e+01
   endloop
 endfacet
 facet normal  0.000000e+00 -1.000000e+00  0.000000e+00
   outer loop
     vertex  3.808987e+02  1.270000e+03  9.758869e+01
     vertex  3.752295e+02  1.270000e+03  1.015019e+02
     vertex  3.687884e+02  1.270000e+03  1.039447e+02
   endloop
 endfacet
 facet normal -0.000000e+00 -1.000000e+00 -0.000000e+00
   outer loop
     vertex  3.808987e+02  1.270000e+03  9.758869e+01
     vertex  3.687884e+02  1.270000e+03  1.039447e+02
     vertex  3.903167e+02  1.270000e+03  7.964434e+01
   endloop
 endfacet
 facet normal  0.000000e+00 -1.000000e+00  0.000000e+00
   outer loop
     vertex  3.808987e+02  1.270000e+03  9.758869e+01
     vertex  3.903167e+02  1.270000e+03  7.964434e+01
     vertex  3.854668e+02  1.270000e+03  9.243245e+01
   endloop
 endfacet
 facet normal  0.000000e+00  1.000000e+00  0.000000e+00
   outer loop
     vertex  4.318000e+02  2.425700e+03  1.238250e+03
     vertex  3.746500e+02  2.425700e+03  1.238250e+03
     vertex  3.746500e+02  2.425700e+03  1.250950e+03
   endloop
 endfacet
 facet normal  0.000000e+00  1.000000e+00  0.000000e+00
   outer loop
     vertex  4.445000e+02  2.425700e+03  1.250950e+03
     vertex  4.318000e+02  2.425700e+03  1.238250e+03
     vertex  3.746500e+02  2.425700e+03  1.250950e+03
   endloop
 endfacet
 facet normal  0.000000e+00  1.000000e+00  0.000000e+00
   outer loop
     vertex  4.445000e+02  2.425700e+03  1.054100e+03
     vertex  4.318000e+02  2.425700e+03  1.054100e+03
     vertex  4.318000e+02  2.425700e+03  1.238250e+03
   endloop
 endfacet
 facet normal  0.000000e+00  1.000000e+00  0.000000e+00
   outer loop
     vertex  4.445000e+02  2.425700e+03  1.054100e+03
     vertex  4.318000e+02  2.425700e+03  1.238250e+03
     vertex  4.445000e+02  2.425700e+03  1.250950e+03
   endloop
 endfacet
 facet normal -1.000000e+00  0.000000e+00  0.000000e+00
   outer loop
     vertex  3.746500e+02  2.425700e+03  1.238250e+03
     vertex  3.746500e+02  1.270000e+02  1.250950e+03
     vertex  3.746500e+02  2.425700e+03  1.250950e+03
   endloop
 endfacet
 facet normal -1.000000e+00  0.000000e+00  0.000000e+00
   outer loop
     vertex  3.746500e+02  2.425700e+03  1.238250e+03
     vertex  3.746500e+02  1.270000e+02  1.238250e+03
     vertex  3.746500e+02  1.270000e+02  1.250950e+03
   endloop
 endfacet
 facet normal -0.000000e+00  0.000000e+00  1.000000e+00
   outer loop
     vertex  3.746500e+02  2.425700e+03  1.250950e+03
     vertex  4.445000e+02  1.270000e+02  1.250950e+03
     vertex  4.445000e+02  2.425700e+03  1.250950e+03
   endloop
 endfacet
 facet normal  0.000000e+00  0.000000e+00  1.000000e+00
   outer loop
     vertex  3.746500e+02  2.425700e+03  1.250950e+03
     vertex  3.746500e+02  1.270000e+02  1.250950e+03
     vertex  4.445000e+02  1.270000e+02  1.250950e+03
   endloop
 endfacet
 facet normal  1.000000e+00  0.000000e+00  1.155061e-15
   outer loop
     vertex  4.445000e+02  2.425700e+03  1.054100e+03
     vertex  4.445000e+02  1.270000e+02  1.250950e+03
     vertex  4.445000e+02  1.270000e+02  1.054100e+03
   endloop
 endfacet
 facet normal  1.000000e+00  0.000000e+00  1.155061e-15
   outer loop
     vertex  4.445000e+02  2.425700e+03  1.250950e+03
     vertex  4.445000e+02  1.270000e+02  1.250950e+03
     vertex  4.445000e+02  2.425700e+03  1.054100e+03
   endloop
 endfacet
 facet normal -0.000000e+00  0.000000e+00 -1.000000e+00
   outer loop
     vertex  4.445000e+02  2.425700e+03  1.054100e+03
     vertex  4.318000e+02  1.270000e+02  1.054100e+03
     vertex  4.318000e+02  2.425700e+03  1.054100e+03
   endloop
 endfacet
 facet normal  0.000000e+00 -0.000000e+00 -1.000000e+00
   outer loop
     vertex  4.445000e+02  2.425700e+03  1.054100e+03
     vertex  4.445000e+02  1.270000e+02  1.054100e+03
     vertex  4.318000e+02  1.270000e+02  1.054100e+03
   endloop
 endfacet
 facet normal -1.000000e+00 -0.000000e+00 -1.234720e-15
   outer loop
     vertex  4.318000e+02  2.425700e+03  1.238250e+03
     vertex  4.318000e+02  1.270000e+02  1.054100e+03
     vertex  4.318000e+02  1.270000e+02  1.238250e+03
   endloop
 endfacet
 facet normal -1.000000e+00  0.000000e+00 -1.234720e-15
   outer loop
     vertex  4.318000e+02  2.425700e+03  1.238250e+03
     vertex  4.318000e+02  2.425700e+03  1.054100e+03
     vertex  4.318000e+02  1.270000e+02  1.054100e+03
   endloop
 endfacet
 facet normal  0.000000e+00  0.000000e+00 -1.000000e+00
   outer loop
     vertex  3.746500e+02  2.425700e+03  1.238250e+03
     vertex  4.318000e+02  1.270000e+02  1.238250e+03
     vertex  3.746500e+02  1.270000e+02  1.238250e+03
   endloop
 endfacet
 facet normal  0.000000e+00  0.000000e+00 -1.000000e+00
   outer loop
     vertex  3.746500e+02  2.425700e+03  1.238250e+03
     vertex  4.318000e+02  2.425700e+03  1.238250e+03
     vertex  4.318000e+02  1.270000e+02  1.238250e+03
   endloop
 endfacet
 facet normal  0.000000e+00 -1.000000e+00  0.000000e+00
   outer loop
     vertex  4.318000e+02  1.270000e+02  1.238250e+03
     vertex  3.746500e+02  1.270000e+02  1.250950e+03
     vertex  3.746500e+02  1.270000e+02  1.238250e+03
   endloop
 endfacet
 facet normal  0.000000e+00 -1.000000e+00  0.000000e+00
   outer loop
     vertex  4.318000e+02  1.270000e+02  1.238250e+03
     vertex  4.318000e+02  1.270000e+02  1.054100e+03
     vertex  4.445000e+02  1.270000e+02  1.054100e+03
   endloop
 endfacet
 facet normal -0.000000e+00 -1.000000e+00  0.000000e+00
   outer loop
     vertex  4.445000e+02  1.270000e+02  1.250950e+03
     vertex  3.746500e+02  1.270000e+02  1.250950e+03
     vertex  4.318000e+02  1.270000e+02  1.238250e+03
   endloop
 endfacet
 facet normal  0.000000e+00 -1.000000e+00 -0.000000e+00
   outer loop
     vertex  4.445000e+02  1.270000e+02  1.250950e+03
     vertex  4.318000e+02  1.270000e+02  1.238250e+03
     vertex  4.445000e+02  1.270000e+02  1.054100e+03
   endloop
 endfacet
 facet normal  0.000000e+00  1.000000e+00  0.000000e+00
   outer loop
     vertex -4.318000e+02  2.425700e+03  1.238250e+03
     vertex -3.746500e+02  2.425700e+03  1.250950e+03
     vertex -3.746500e+02  2.425700e+03  1.238250e+03
   endloop
 endfacet
 facet normal -0.000000e+00  1.000000e+00  0.000000e+00
   outer loop
     vertex -4.445000e+02  2.425700e+03  1.250950e+03
     vertex -3.746500e+02  2.425700e+03  1.250950e+03
     vertex -4.318000e+02  2.425700e+03  1.238250e+03
   endloop
 endfacet
 facet normal  0.000000e+00  1.000000e+00  0.000000e+00
   outer loop
     vertex -4.445000e+02  2.425700e+03  1.054100e+03
     vertex -4.318000e+02  2.425700e+03  1.238250e+03
     vertex -4.318000e+02  2.425700e+03  1.054100e+03
   endloop
 endfacet
 facet normal  0.000000e+00  1.000000e+00  0.000000e+00
   outer loop
     vertex -4.445000e+02  2.425700e+03  1.054100e+03
     vertex -4.445000e+02  2.425700e+03  1.250950e+03
     vertex -4.318000e+02  2.425700e+03  1.238250e+03
   endloop
 endfacet
 facet normal  1.000000e+00  0.000000e+00  0.000000e+00
   outer loop
     vertex -3.746500e+02  2.425700e+03  1.250950e+03
     vertex -3.746500e+02  1.270000e+02  1.238250e+03
     vertex -3.746500e+02  2.425700e+03  1.238250e+03
   endloop
 endfacet
 facet normal  1.000000e+00  0.000000e+00  0.000000e+00
   outer loop
     vertex -3.746500e+02  2.425700e+03  1.250950e+03
     vertex -3.746500e+02  1.270000e+02  1.250950e+03
     vertex -3.746500e+02  1.270000e+02  1.238250e+03
   endloop
 endfacet
 facet normal -0.000000e+00  0.000000e+00 -1.000000e+00
   outer loop
     vertex -3.746500e+02  2.425700e+03  1.238250e+03
     vertex -4.318000e+02  1.270000e+02  1.238250e+03
     vertex -4.318000e+02  2.425700e+03  1.238250e+03
   endloop
 endfacet
 facet normal  0.000000e+00 -0.000000e+00 -1.000000e+00
   outer loop
     vertex -3.746500e+02  2.425700e+03  1.238250e+03
     vertex -3.746500e+02  1.270000e+02  1.238250e+03
     vertex -4.318000e+02  1.270000e+02  1.238250e+03
   endloop
 endfacet
 facet normal  1.000000e+00  0.000000e+00  0.000000e+00
   outer loop
     vertex -4.318000e+02  2.425700e+03  1.238250e+03
     vertex -4.318000e+02  1.270000e+02  1.054100e+03
     vertex -4.318000e+02  2.425700e+03  1.054100e+03
   endloop
 endfacet
 facet normal  1.000000e+00  0.000000e+00  0.000000e+00
   outer loop
     vertex -4.318000e+02  2.425700e+03  1.238250e+03
     vertex -4.318000e+02  1.270000e+02  1.238250e+03
     vertex -4.318000e+02  1.270000e+02  1.054100e+03
   endloop
 endfacet
 facet normal -0.000000e+00  0.000000e+00 -1.000000e+00
   outer loop
     vertex -4.318000e+02  2.425700e+03  1.054100e+03
     vertex -4.445000e+02  1.270000e+02  1.054100e+03
     vertex -4.445000e+02  2.425700e+03  1.054100e+03
   endloop
 endfacet
 facet normal  0.000000e+00 -0.000000e+00 -1.000000e+00
   outer loop
     vertex -4.318000e+02  2.425700e+03  1.054100e+03
     vertex -4.318000e+02  1.270000e+02  1.054100e+03
     vertex -4.445000e+02  1.270000e+02  1.054100e+03
   endloop
 endfacet
 facet normal -1.000000e+00  0.000000e+00  0.000000e+00
   outer loop
     vertex -4.445000e+02  2.425700e+03  1.054100e+03
     vertex -4.445000e+02  1.270000e+02  1.054100e+03
     vertex -4.445000e+02  1.270000e+02  1.250950e+03
   endloop
 endfacet
 facet normal -1.000000e+00 -0.000000e+00 -0.000000e+00
   outer loop
     vertex -4.445000e+02  2.425700e+03  1.250950e+03
     vertex -4.445000e+02  2.425700e+03  1.054100e+03
     vertex -4.445000e+02  1.270000e+02  1.250950e+03
   endloop
 endfacet
 facet normal  0.000000e+00  0.000000e+00  1.000000e+00
   outer loop
     vertex -3.746500e+02  2.425700e+03  1.250950e+03
     vertex -4.445000e+02  1.270000e+02  1.250950e+03
     vertex -3.746500e+02  1.270000e+02  1.250950e+03
   endloop
 endfacet
 facet normal  0.000000e+00  0.000000e+00  1.000000e+00
   outer loop
     vertex -3.746500e+02  2.425700e+03  1.250950e+03
     vertex -4.445000e+02  2.425700e+03  1.250950e+03
     vertex -4.445000e+02  1.270000e+02  1.250950e+03
   endloop
 endfacet
 facet normal  0.000000e+00 -1.000000e+00 -0.000000e+00
   outer loop
     vertex -4.318000e+02  1.270000e+02  1.238250e+03
     vertex -4.445000e+02  1.270000e+02  1.054100e+03
     vertex -4.318000e+02  1.270000e+02  1.054100e+03
   endloop
 endfacet
 facet normal -0.000000e+00 -1.000000e+00  0.000000e+00
   outer loop
     vertex -4.318000e+02  1.270000e+02  1.238250e+03
     vertex -4.445000e+02  1.270000e+02  1.250950e+03
     vertex -4.445000e+02  1.270000e+02  1.054100e+03
   endloop
 endfacet
 facet normal  0.000000e+00 -1.000000e+00 -0.000000e+00
   outer loop
     vertex -3.746500e+02  1.270000e+02  1.250950e+03
     vertex -4.318000e+02  1.270000e+02  1.238250e+03
     vertex -3.746500e+02  1.270000e+02  1.238250e+03
   endloop
 endfacet
 facet normal -0.000000e+00 -1.000000e+00  0.000000e+00
   outer loop
     vertex -3.746500e+02  1.270000e+02  1.250950e+03
     vertex -4.445000e+02  1.270000e+02  1.250950e+03
     vertex -4.318000e+02  1.270000e+02  1.238250e+03
   endloop
 endfacet
 facet normal  0.000000e+00  0.000000e+00  1.000000e+00
   outer loop
     vertex -4.572000e+02  2.425700e+03  7.429500e+02
     vertex -4.572000e+02  2.362200e+03  7.429500e+02
     vertex -4.445000e+02  2.362200e+03  7.429500e+02
   endloop
 endfacet
 facet normal  0.000000e+00  0.000000e+00  1.000000e+00
   outer loop
     vertex -4.445000e+02  2.425700e+03  7.429500e+02
     vertex -4.572000e+02  2.425700e+03  7.429500e+02
     vertex -4.445000e+02  2.362200e+03  7.429500e+02
   endloop
 endfacet
 facet normal -9.961947e-01  0.000000e+00  8.715574e-02
   outer loop
     vertex -5.143500e+02  2.425700e+03  6.858000e+02
     vertex -5.143500e+02  2.362200e+03  6.858000e+02
     vertex -5.134818e+02  2.362200e+03  6.957240e+02
   endloop
 endfacet
 facet normal -9.659258e-01  0.000000e+00  2.588190e-01
   outer loop
     vertex -5.134818e+02  2.425700e+03  6.957240e+02
     vertex -5.134818e+02  2.362200e+03  6.957240e+02
     vertex -5.109034e+02  2.362200e+03  7.053465e+02
   endloop
 endfacet
 facet normal -9.961947e-01  0.000000e+00  8.715574e-02
   outer loop
     vertex -5.134818e+02  2.425700e+03  6.957240e+02
     vertex -5.143500e+02  2.425700e+03  6.858000e+02
     vertex -5.134818e+02  2.362200e+03  6.957240e+02
   endloop
 endfacet
 facet normal -9.659258e-01  0.000000e+00  2.588190e-01
   outer loop
     vertex -5.109034e+02  2.425700e+03  7.053465e+02
     vertex -5.134818e+02  2.425700e+03  6.957240e+02
     vertex -5.109034e+02  2.362200e+03  7.053465e+02
   endloop
 endfacet
 facet normal -9.063078e-01  0.000000e+00  4.226183e-01
   outer loop
     vertex -5.066934e+02  2.425700e+03  7.143750e+02
     vertex -5.109034e+02  2.362200e+03  7.053465e+02
     vertex -5.066934e+02  2.362200e+03  7.143750e+02
   endloop
 endfacet
 facet normal -9.063078e-01  0.000000e+00  4.226183e-01
   outer loop
     vertex -5.066934e+02  2.425700e+03  7.143750e+02
     vertex -5.109034e+02  2.425700e+03  7.053465e+02
     vertex -5.109034e+02  2.362200e+03  7.053465e+02
   endloop
 endfacet
 facet normal -8.191520e-01  0.000000e+00  5.735764e-01
   outer loop
     vertex -5.009794e+02  2.425700e+03  7.225353e+02
     vertex -5.066934e+02  2.362200e+03  7.143750e+02
     vertex -5.009794e+02  2.362200e+03  7.225353e+02
   endloop
 endfacet
 facet normal -8.191520e-01  0.000000e+00  5.735764e-01
   outer loop
     vertex -5.009794e+02  2.425700e+03  7.225353e+02
     vertex -5.066934e+02  2.425700e+03  7.143750e+02
     vertex -5.066934e+02  2.362200e+03  7.143750e+02
   endloop
 endfacet
 facet normal -7.071068e-01  0.000000e+00  7.071068e-01
   outer loop
     vertex -4.939353e+02  2.425700e+03  7.295794e+02
     vertex -5.009794e+02  2.362200e+03  7.225353e+02
     vertex -4.939353e+02  2.362200e+03  7.295794e+02
   endloop
 endfacet
 facet normal -7.071068e-01  0.000000e+00  7.071068e-01
   outer loop
     vertex -4.939353e+02  2.425700e+03  7.295794e+02
     vertex -5.009794e+02  2.425700e+03  7.225353e+02
     vertex -5.009794e+02  2.362200e+03  7.225353e+02
   endloop
 endfacet
 facet normal -5.735764e-01  0.000000e+00  8.191520e-01
   outer loop
     vertex -4.857750e+02  2.425700e+03  7.352934e+02
     vertex -4.939353e+02  2.362200e+03  7.295794e+02
     vertex -4.857750e+02  2.362200e+03  7.352934e+02
   endloop
 endfacet
 facet normal -5.735764e-01  0.000000e+00  8.191520e-01
   outer loop
     vertex -4.857750e+02  2.425700e+03  7.352934e+02
     vertex -4.939353e+02  2.425700e+03  7.295794e+02
     vertex -4.939353e+02  2.362200e+03  7.295794e+02
   endloop
 endfacet
 facet normal -4.226183e-01  0.000000e+00  9.063078e-01
   outer loop
     vertex -4.767465e+02  2.425700e+03  7.395034e+02
     vertex -4.857750e+02  2.362200e+03  7.352934e+02
     vertex -4.767465e+02  2.362200e+03  7.395034e+02
   endloop
 endfacet
 facet normal -4.226183e-01  0.000000e+00  9.063078e-01
   outer loop
     vertex -4.767465e+02  2.425700e+03  7.395034e+02
     vertex -4.857750e+02  2.425700e+03  7.352934e+02
     vertex -4.857750e+02  2.362200e+03  7.352934e+02
   endloop
 endfacet
 facet normal -2.588190e-01  0.000000e+00  9.659258e-01
   outer loop
     vertex -4.671240e+02  2.425700e+03  7.420818e+02
     vertex -4.767465e+02  2.362200e+03  7.395034e+02
     vertex -4.671240e+02  2.362200e+03  7.420818e+02
   endloop
 endfacet
 facet normal -2.588190e-01  0.000000e+00  9.659258e-01
   outer loop
     vertex -4.671240e+02  2.425700e+03  7.420818e+02
     vertex -4.767465e+02  2.425700e+03  7.395034e+02
     vertex -4.767465e+02  2.362200e+03  7.395034e+02
   endloop
 endfacet
 facet normal -8.715574e-02  0.000000e+00  9.961947e-01
   outer loop
     vertex -4.572000e+02  2.425700e+03  7.429500e+02
     vertex -4.671240e+02  2.362200e+03  7.420818e+02
     vertex -4.572000e+02  2.362200e+03  7.429500e+02
   endloop
 endfacet
 facet normal -8.715574e-02  0.000000e+00  9.961947e-01
   outer loop
     vertex -4.572000e+02  2.425700e+03  7.429500e+02
     vertex -4.671240e+02  2.425700e+03  7.420818e+02
     vertex -4.671240e+02  2.362200e+03  7.420818e+02
   endloop
 endfacet
 facet normal -1.000000e+00  0.000000e+00  2.557634e-15
   outer loop
     vertex -5.143500e+02  2.425700e+03  6.858000e+02
     vertex -5.143500e+02  2.425700e+03  6.413500e+02
     vertex -5.143500e+02  2.362200e+03  6.413500e+02
   endloop
 endfacet
 facet normal -1.000000e+00  0.000000e+00  2.557634e-15
   outer loop
     vertex -5.143500e+02  2.425700e+03  6.858000e+02
     vertex -5.143500e+02  2.362200e+03  6.413500e+02
     vertex -5.143500e+02  2.362200e+03  6.858000e+02
   endloop
 endfacet
 facet normal -0.000000e+00  0.000000e+00 -1.000000e+00
   outer loop
     vertex -5.016500e+02  2.425700e+03  6.413500e+02
     vertex -5.143500e+02  2.362200e+03  6.413500e+02
     vertex -5.143500e+02  2.425700e+03  6.413500e+02
   endloop
 endfacet
 facet normal  0.000000e+00 -0.000000e+00 -1.000000e+00
   outer loop
     vertex -5.016500e+02  2.425700e+03  6.413500e+02
     vertex -5.016500e+02  2.362200e+03  6.413500e+02
     vertex -5.143500e+02  2.362200e+03  6.413500e+02
   endloop
 endfacet
 facet normal  1.000000e+00  0.000000e+00 -5.115268e-15
   outer loop
     vertex -5.016500e+02  2.425700e+03  6.858000e+02
     vertex -5.016500e+02  2.362200e+03  6.413500e+02
     vertex -5.016500e+02  2.425700e+03  6.413500e+02
   endloop
 endfacet
 facet normal  1.000000e+00  0.000000e+00 -5.115268e-15
   outer loop
     vertex -5.016500e+02  2.425700e+03  6.858000e+02
     vertex -5.016500e+02  2.362200e+03  6.858000e+02
     vertex -5.016500e+02  2.362200e+03  6.413500e+02
   endloop
 endfacet
 facet normal  9.951847e-01  0.000000e+00 -9.801714e-02
   outer loop
     vertex -5.007959e+02  2.425700e+03  6.944718e+02
     vertex -5.016500e+02  2.362200e+03  6.858000e+02
     vertex -5.016500e+02  2.425700e+03  6.858000e+02
   endloop
 endfacet
 facet normal  9.951847e-01  0.000000e+00 -9.801714e-02
   outer loop
     vertex -5.007959e+02  2.425700e+03  6.944718e+02
     vertex -5.007959e+02  2.362200e+03  6.944718e+02
     vertex -5.016500e+02  2.362200e+03  6.858000e+02
   endloop
 endfacet
 facet normal  9.569403e-01  0.000000e+00 -2.902847e-01
   outer loop
     vertex -4.982664e+02  2.425700e+03  7.028103e+02
     vertex -4.982664e+02  2.362200e+03  7.028103e+02
     vertex -5.007959e+02  2.362200e+03  6.944718e+02
   endloop
 endfacet
 facet normal  9.569403e-01  0.000000e+00 -2.902847e-01
   outer loop
     vertex -4.982664e+02  2.425700e+03  7.028103e+02
     vertex -5.007959e+02  2.362200e+03  6.944718e+02
     vertex -5.007959e+02  2.425700e+03  6.944718e+02
   endloop
 endfacet
 facet normal  8.819213e-01  0.000000e+00 -4.713967e-01
   outer loop
     vertex -4.941588e+02  2.425700e+03  7.104951e+02
     vertex -4.941588e+02  2.362200e+03  7.104951e+02
     vertex -4.982664e+02  2.362200e+03  7.028103e+02
   endloop
 endfacet
 facet normal  8.819213e-01  0.000000e+00 -4.713967e-01
   outer loop
     vertex -4.941588e+02  2.425700e+03  7.104951e+02
     vertex -4.982664e+02  2.362200e+03  7.028103e+02
     vertex -4.982664e+02  2.425700e+03  7.028103e+02
   endloop
 endfacet
 facet normal  7.730105e-01  0.000000e+00 -6.343933e-01
   outer loop
     vertex -4.886309e+02  2.425700e+03  7.172309e+02
     vertex -4.886309e+02  2.362200e+03  7.172309e+02
     vertex -4.941588e+02  2.362200e+03  7.104951e+02
   endloop
 endfacet
 facet normal  6.343933e-01  0.000000e+00 -7.730105e-01
   outer loop
     vertex -4.886309e+02  2.425700e+03  7.172309e+02
     vertex -4.818951e+02  2.362200e+03  7.227588e+02
     vertex -4.886309e+02  2.362200e+03  7.172309e+02
   endloop
 endfacet
 facet normal  7.730105e-01  0.000000e+00 -6.343933e-01
   outer loop
     vertex -4.886309e+02  2.425700e+03  7.172309e+02
     vertex -4.941588e+02  2.362200e+03  7.104951e+02
     vertex -4.941588e+02  2.425700e+03  7.104951e+02
   endloop
 endfacet
 facet normal  6.343933e-01  0.000000e+00 -7.730105e-01
   outer loop
     vertex -4.818951e+02  2.425700e+03  7.227588e+02
     vertex -4.818951e+02  2.362200e+03  7.227588e+02
     vertex -4.886309e+02  2.425700e+03  7.172309e+02
   endloop
 endfacet
 facet normal  4.713967e-01  0.000000e+00 -8.819213e-01
   outer loop
     vertex -4.742103e+02  2.425700e+03  7.268664e+02
     vertex -4.742103e+02  2.362200e+03  7.268664e+02
     vertex -4.818951e+02  2.362200e+03  7.227588e+02
   endloop
 endfacet
 facet normal  4.713967e-01  0.000000e+00 -8.819213e-01
   outer loop
     vertex -4.742103e+02  2.425700e+03  7.268664e+02
     vertex -4.818951e+02  2.362200e+03  7.227588e+02
     vertex -4.818951e+02  2.425700e+03  7.227588e+02
   endloop
 endfacet
 facet normal  2.902847e-01  0.000000e+00 -9.569403e-01
   outer loop
     vertex -4.658718e+02  2.425700e+03  7.293959e+02
     vertex -4.658718e+02  2.362200e+03  7.293959e+02
     vertex -4.742103e+02  2.362200e+03  7.268664e+02
   endloop
 endfacet
 facet normal  9.801714e-02  0.000000e+00 -9.951847e-01
   outer loop
     vertex -4.658718e+02  2.425700e+03  7.293959e+02
     vertex -4.572000e+02  2.362200e+03  7.302500e+02
     vertex -4.658718e+02  2.362200e+03  7.293959e+02
   endloop
 endfacet
 facet normal  2.902847e-01  0.000000e+00 -9.569403e-01
   outer loop
     vertex -4.658718e+02  2.425700e+03  7.293959e+02
     vertex -4.742103e+02  2.362200e+03  7.268664e+02
     vertex -4.742103e+02  2.425700e+03  7.268664e+02
   endloop
 endfacet
 facet normal  9.801714e-02  0.000000e+00 -9.951847e-01
   outer loop
     vertex -4.572000e+02  2.425700e+03  7.302500e+02
     vertex -4.572000e+02  2.362200e+03  7.302500e+02
     vertex -4.658718e+02  2.425700e+03  7.293959e+02
   endloop
 endfacet
 facet normal  0.000000e+00  0.000000e+00 -1.000000e+00
   outer loop
     vertex -4.572000e+02  2.425700e+03  7.302500e+02
     vertex -4.445000e+02  2.362200e+03  7.302500e+02
     vertex -4.572000e+02  2.362200e+03  7.302500e+02
   endloop
 endfacet
 facet normal -0.000000e+00 -0.000000e+00 -1.000000e+00
   outer loop
     vertex -4.445000e+02  2.425700e+03  7.302500e+02
     vertex -4.445000e+02  2.362200e+03  7.302500e+02
     vertex -4.572000e+02  2.425700e+03  7.302500e+02
   endloop
 endfacet
 facet normal  0.000000e+00  1.000000e+00  0.000000e+00
   outer loop
     vertex -4.886309e+02  2.425700e+03  7.172309e+02
     vertex -5.009794e+02  2.425700e+03  7.225353e+02
     vertex -4.939353e+02  2.425700e+03  7.295794e+02
   endloop
 endfacet
 facet normal  0.000000e+00  1.000000e+00  0.000000e+00
   outer loop
     vertex -4.941588e+02  2.425700e+03  7.104951e+02
     vertex -5.066934e+02  2.425700e+03  7.143750e+02
     vertex -5.009794e+02  2.425700e+03  7.225353e+02
   endloop
 endfacet
 facet normal  0.000000e+00  1.000000e+00 -0.000000e+00
   outer loop
     vertex -4.941588e+02  2.425700e+03  7.104951e+02
     vertex -5.009794e+02  2.425700e+03  7.225353e+02
     vertex -4.886309e+02  2.425700e+03  7.172309e+02
   endloop
 endfacet
 facet normal  0.000000e+00  1.000000e+00  0.000000e+00
   outer loop
     vertex -4.818951e+02  2.425700e+03  7.227588e+02
     vertex -4.939353e+02  2.425700e+03  7.295794e+02
     vertex -4.857750e+02  2.425700e+03  7.352934e+02
   endloop
 endfacet
 facet normal  0.000000e+00  1.000000e+00  0.000000e+00
   outer loop
     vertex -4.818951e+02  2.425700e+03  7.227588e+02
     vertex -4.886309e+02  2.425700e+03  7.172309e+02
     vertex -4.939353e+02  2.425700e+03  7.295794e+02
   endloop
 endfacet
 facet normal  0.000000e+00  1.000000e+00  0.000000e+00
   outer loop
     vertex -4.982664e+02  2.425700e+03  7.028103e+02
     vertex -5.109034e+02  2.425700e+03  7.053465e+02
     vertex -5.066934e+02  2.425700e+03  7.143750e+02
   endloop
 endfacet
 facet normal  0.000000e+00  1.000000e+00 -0.000000e+00
   outer loop
     vertex -4.982664e+02  2.425700e+03  7.028103e+02
     vertex -5.066934e+02  2.425700e+03  7.143750e+02
     vertex -4.941588e+02  2.425700e+03  7.104951e+02
   endloop
 endfacet
 facet normal  0.000000e+00  1.000000e+00  0.000000e+00
   outer loop
     vertex -4.742103e+02  2.425700e+03  7.268664e+02
     vertex -4.857750e+02  2.425700e+03  7.352934e+02
     vertex -4.767465e+02  2.425700e+03  7.395034e+02
   endloop
 endfacet
 facet normal  0.000000e+00  1.000000e+00  0.000000e+00
   outer loop
     vertex -4.742103e+02  2.425700e+03  7.268664e+02
     vertex -4.818951e+02  2.425700e+03  7.227588e+02
     vertex -4.857750e+02  2.425700e+03  7.352934e+02
   endloop
 endfacet
 facet normal  0.000000e+00  1.000000e+00  0.000000e+00
   outer loop
     vertex -4.658718e+02  2.425700e+03  7.293959e+02
     vertex -4.767465e+02  2.425700e+03  7.395034e+02
     vertex -4.671240e+02  2.425700e+03  7.420818e+02
   endloop
 endfacet
 facet normal  0.000000e+00  1.000000e+00  0.000000e+00
   outer loop
     vertex -4.658718e+02  2.425700e+03  7.293959e+02
     vertex -4.742103e+02  2.425700e+03  7.268664e+02
     vertex -4.767465e+02  2.425700e+03  7.395034e+02
   endloop
 endfacet
 facet normal  0.000000e+00  1.000000e+00  0.000000e+00
   outer loop
     vertex -5.007959e+02  2.425700e+03  6.944718e+02
     vertex -5.134818e+02  2.425700e+03  6.957240e+02
     vertex -5.109034e+02  2.425700e+03  7.053465e+02
   endloop
 endfacet
 facet normal  0.000000e+00  1.000000e+00 -0.000000e+00
   outer loop
     vertex -5.007959e+02  2.425700e+03  6.944718e+02
     vertex -5.109034e+02  2.425700e+03  7.053465e+02
     vertex -4.982664e+02  2.425700e+03  7.028103e+02
   endloop
 endfacet
 facet normal  0.000000e+00  1.000000e+00  0.000000e+00
   outer loop
     vertex -4.445000e+02  2.425700e+03  7.429500e+02
     vertex -4.445000e+02  2.425700e+03  1.054100e+03
     vertex -4.318000e+02  2.425700e+03  1.054100e+03
   endloop
 endfacet
 facet normal  0.000000e+00  1.000000e+00 -0.000000e+00
   outer loop
     vertex -4.572000e+02  2.425700e+03  7.302500e+02
     vertex -4.671240e+02  2.425700e+03  7.420818e+02
     vertex -4.572000e+02  2.425700e+03  7.429500e+02
   endloop
 endfacet
 facet normal  0.000000e+00  1.000000e+00  0.000000e+00
   outer loop
     vertex -4.572000e+02  2.425700e+03  7.302500e+02
     vertex -4.658718e+02  2.425700e+03  7.293959e+02
     vertex -4.671240e+02  2.425700e+03  7.420818e+02
   endloop
 endfacet
 facet normal  0.000000e+00  1.000000e+00  0.000000e+00
   outer loop
     vertex -5.016500e+02  2.425700e+03  6.858000e+02
     vertex -5.143500e+02  2.425700e+03  6.858000e+02
     vertex -5.134818e+02  2.425700e+03  6.957240e+02
   endloop
 endfacet
 facet normal  0.000000e+00  1.000000e+00 -0.000000e+00
   outer loop
     vertex -5.016500e+02  2.425700e+03  6.858000e+02
     vertex -5.134818e+02  2.425700e+03  6.957240e+02
     vertex -5.007959e+02  2.425700e+03  6.944718e+02
   endloop
 endfacet
 facet normal  0.000000e+00  1.000000e+00 -0.000000e+00
   outer loop
     vertex -4.445000e+02  2.425700e+03  7.302500e+02
     vertex -4.572000e+02  2.425700e+03  7.429500e+02
     vertex -4.445000e+02  2.425700e+03  7.429500e+02
   endloop
 endfacet
 facet normal  0.000000e+00  1.000000e+00  0.000000e+00
   outer loop
     vertex -4.445000e+02  2.425700e+03  7.302500e+02
     vertex -4.572000e+02  2.425700e+03  7.302500e+02
     vertex -4.572000e+02  2.425700e+03  7.429500e+02
   endloop
 endfacet
 facet normal  0.000000e+00  1.000000e+00  0.000000e+00
   outer loop
     vertex -5.016500e+02  2.425700e+03  6.413500e+02
     vertex -5.143500e+02  2.425700e+03  6.413500e+02
     vertex -5.143500e+02  2.425700e+03  6.858000e+02
   endloop
 endfacet
 facet normal  0.000000e+00  1.000000e+00 -0.000000e+00
   outer loop
     vertex -5.016500e+02  2.425700e+03  6.413500e+02
     vertex -5.143500e+02  2.425700e+03  6.858000e+02
     vertex -5.016500e+02  2.425700e+03  6.858000e+02
   endloop
 endfacet
 facet normal  0.000000e+00  1.000000e+00  0.000000e+00
   outer loop
     vertex -4.318000e+02  2.425700e+03  6.413500e+02
     vertex -4.445000e+02  2.425700e+03  6.413500e+02
     vertex -4.445000e+02  2.425700e+03  7.302500e+02
   endloop
 endfacet
 facet normal  0.000000e+00  1.000000e+00  0.000000e+00
   outer loop
     vertex -4.318000e+02  2.425700e+03  6.413500e+02
     vertex -4.445000e+02  2.425700e+03  7.302500e+02
     vertex -4.445000e+02  2.425700e+03  7.429500e+02
   endloop
 endfacet
 facet normal  0.000000e+00  1.000000e+00  0.000000e+00
   outer loop
     vertex -4.318000e+02  2.425700e+03  1.054100e+03
     vertex -4.318000e+02  2.425700e+03  6.413500e+02
     vertex -4.445000e+02  2.425700e+03  7.429500e+02
   endloop
 endfacet
 facet normal  1.000000e+00  0.000000e+00  0.000000e+00
   outer loop
     vertex -4.318000e+02  2.425700e+03  1.054100e+03
     vertex -4.318000e+02  2.362200e+03  6.413500e+02
     vertex -4.318000e+02  2.425700e+03  6.413500e+02
   endloop
 endfacet
 facet normal  1.000000e+00  0.000000e+00  0.000000e+00
   outer loop
     vertex -4.318000e+02  2.425700e+03  1.054100e+03
     vertex -4.318000e+02  2.362200e+03  1.054100e+03
     vertex -4.318000e+02  2.362200e+03  6.413500e+02
   endloop
 endfacet
 facet normal  0.000000e+00  0.000000e+00  1.000000e+00
   outer loop
     vertex -4.318000e+02  2.425700e+03  1.054100e+03
     vertex -4.445000e+02  2.362200e+03  1.054100e+03
     vertex -4.318000e+02  2.362200e+03  1.054100e+03
   endloop
 endfacet
 facet normal -0.000000e+00  0.000000e+00  1.000000e+00
   outer loop
     vertex -4.445000e+02  2.425700e+03  1.054100e+03
     vertex -4.445000e+02  2.362200e+03  1.054100e+03
     vertex -4.318000e+02  2.425700e+03  1.054100e+03
   endloop
 endfacet
 facet normal -1.000000e+00  0.000000e+00 -0.000000e+00
   outer loop
     vertex -4.445000e+02  2.425700e+03  1.054100e+03
     vertex -4.445000e+02  2.425700e+03  7.429500e+02
     vertex -4.445000e+02  2.362200e+03  7.429500e+02
   endloop
 endfacet
 facet normal -1.000000e+00 -0.000000e+00  0.000000e+00
   outer loop
     vertex -4.445000e+02  2.425700e+03  1.054100e+03
     vertex -4.445000e+02  2.362200e+03  7.429500e+02
     vertex -4.445000e+02  2.362200e+03  1.054100e+03
   endloop
 endfacet
 facet normal -1.000000e+00  0.000000e+00  6.394085e-16
   outer loop
     vertex -4.445000e+02  2.425700e+03  6.413500e+02
     vertex -4.445000e+02  2.362200e+03  7.302500e+02
     vertex -4.445000e+02  2.425700e+03  7.302500e+02
   endloop
 endfacet
 facet normal -1.000000e+00  0.000000e+00  6.394085e-16
   outer loop
     vertex -4.445000e+02  2.425700e+03  6.413500e+02
     vertex -4.445000e+02  2.362200e+03  6.413500e+02
     vertex -4.445000e+02  2.362200e+03  7.302500e+02
   endloop
 endfacet
 facet normal -0.000000e+00  0.000000e+00 -1.000000e+00
   outer loop
     vertex -4.318000e+02  2.425700e+03  6.413500e+02
     vertex -4.445000e+02  2.362200e+03  6.413500e+02
     vertex -4.445000e+02  2.425700e+03  6.413500e+02
   endloop
 endfacet
 facet normal  0.000000e+00 -0.000000e+00 -1.000000e+00
   outer loop
     vertex -4.318000e+02  2.425700e+03  6.413500e+02
     vertex -4.318000e+02  2.362200e+03  6.413500e+02
     vertex -4.445000e+02  2.362200e+03  6.413500e+02
   endloop
 endfacet
 facet normal  0.000000e+00 -1.000000e+00  0.000000e+00
   outer loop
     vertex -4.886309e+02  2.362200e+03  7.172309e+02
     vertex -4.939353e+02  2.362200e+03  7.295794e+02
     vertex -5.009794e+02  2.362200e+03  7.225353e+02
   endloop
 endfacet
 facet normal  0.000000e+00 -1.000000e+00  0.000000e+00
   outer loop
     vertex -4.941588e+02  2.362200e+03  7.104951e+02
     vertex -5.009794e+02  2.362200e+03  7.225353e+02
     vertex -5.066934e+02  2.362200e+03  7.143750e+02
   endloop
 endfacet
 facet normal  0.000000e+00 -1.000000e+00  0.000000e+00
   outer loop
     vertex -4.941588e+02  2.362200e+03  7.104951e+02
     vertex -4.886309e+02  2.362200e+03  7.172309e+02
     vertex -5.009794e+02  2.362200e+03  7.225353e+02
   endloop
 endfacet
 facet normal  0.000000e+00 -1.000000e+00  0.000000e+00
   outer loop
     vertex -4.818951e+02  2.362200e+03  7.227588e+02
     vertex -4.857750e+02  2.362200e+03  7.352934e+02
     vertex -4.939353e+02  2.362200e+03  7.295794e+02
   endloop
 endfacet
 facet normal -0.000000e+00 -1.000000e+00  0.000000e+00
   outer loop
     vertex -4.818951e+02  2.362200e+03  7.227588e+02
     vertex -4.939353e+02  2.362200e+03  7.295794e+02
     vertex -4.886309e+02  2.362200e+03  7.172309e+02
   endloop
 endfacet
 facet normal  0.000000e+00 -1.000000e+00  0.000000e+00
   outer loop
     vertex -4.982664e+02  2.362200e+03  7.028103e+02
     vertex -5.066934e+02  2.362200e+03  7.143750e+02
     vertex -5.109034e+02  2.362200e+03  7.053465e+02
   endloop
 endfacet
 facet normal  0.000000e+00 -1.000000e+00  0.000000e+00
   outer loop
     vertex -4.982664e+02  2.362200e+03  7.028103e+02
     vertex -4.941588e+02  2.362200e+03  7.104951e+02
     vertex -5.066934e+02  2.362200e+03  7.143750e+02
   endloop
 endfacet
 facet normal  0.000000e+00 -1.000000e+00  0.000000e+00
   outer loop
     vertex -4.742103e+02  2.362200e+03  7.268664e+02
     vertex -4.767465e+02  2.362200e+03  7.395034e+02
     vertex -4.857750e+02  2.362200e+03  7.352934e+02
   endloop
 endfacet
 facet normal -0.000000e+00 -1.000000e+00  0.000000e+00
   outer loop
     vertex -4.742103e+02  2.362200e+03  7.268664e+02
     vertex -4.857750e+02  2.362200e+03  7.352934e+02
     vertex -4.818951e+02  2.362200e+03  7.227588e+02
   endloop
 endfacet
 facet normal  0.000000e+00 -1.000000e+00  0.000000e+00
   outer loop
     vertex -5.007959e+02  2.362200e+03  6.944718e+02
     vertex -5.109034e+02  2.362200e+03  7.053465e+02
     vertex -5.134818e+02  2.362200e+03  6.957240e+02
   endloop
 endfacet
 facet normal  0.000000e+00 -1.000000e+00  0.000000e+00
   outer loop
     vertex -5.007959e+02  2.362200e+03  6.944718e+02
     vertex -4.982664e+02  2.362200e+03  7.028103e+02
     vertex -5.109034e+02  2.362200e+03  7.053465e+02
   endloop
 endfacet
 facet normal  0.000000e+00 -1.000000e+00  0.000000e+00
   outer loop
     vertex -4.658718e+02  2.362200e+03  7.293959e+02
     vertex -4.671240e+02  2.362200e+03  7.420818e+02
     vertex -4.767465e+02  2.362200e+03  7.395034e+02
   endloop
 endfacet
 facet normal -0.000000e+00 -1.000000e+00  0.000000e+00
   outer loop
     vertex -4.658718e+02  2.362200e+03  7.293959e+02
     vertex -4.767465e+02  2.362200e+03  7.395034e+02
     vertex -4.742103e+02  2.362200e+03  7.268664e+02
   endloop
 endfacet
 facet normal  0.000000e+00 -1.000000e+00  0.000000e+00
   outer loop
     vertex -4.445000e+02  2.362200e+03  7.429500e+02
     vertex -4.318000e+02  2.362200e+03  1.054100e+03
     vertex -4.445000e+02  2.362200e+03  1.054100e+03
   endloop
 endfacet
 facet normal  0.000000e+00 -1.000000e+00  0.000000e+00
   outer loop
     vertex -4.572000e+02  2.362200e+03  7.302500e+02
     vertex -4.572000e+02  2.362200e+03  7.429500e+02
     vertex -4.671240e+02  2.362200e+03  7.420818e+02
   endloop
 endfacet
 facet normal -0.000000e+00 -1.000000e+00  0.000000e+00
   outer loop
     vertex -4.572000e+02  2.362200e+03  7.302500e+02
     vertex -4.671240e+02  2.362200e+03  7.420818e+02
     vertex -4.658718e+02  2.362200e+03  7.293959e+02
   endloop
 endfacet
 facet normal  0.000000e+00 -1.000000e+00  0.000000e+00
   outer loop
     vertex -5.016500e+02  2.362200e+03  6.858000e+02
     vertex -5.134818e+02  2.362200e+03  6.957240e+02
     vertex -5.143500e+02  2.362200e+03  6.858000e+02
   endloop
 endfacet
 facet normal  0.000000e+00 -1.000000e+00  0.000000e+00
   outer loop
     vertex -5.016500e+02  2.362200e+03  6.858000e+02
     vertex -5.007959e+02  2.362200e+03  6.944718e+02
     vertex -5.134818e+02  2.362200e+03  6.957240e+02
   endloop
 endfacet
 facet normal  0.000000e+00 -1.000000e+00  0.000000e+00
   outer loop
     vertex -4.445000e+02  2.362200e+03  7.302500e+02
     vertex -4.445000e+02  2.362200e+03  7.429500e+02
     vertex -4.572000e+02  2.362200e+03  7.429500e+02
   endloop
 endfacet
 facet normal  0.000000e+00 -1.000000e+00  0.000000e+00
   outer loop
     vertex -4.445000e+02  2.362200e+03  7.302500e+02
     vertex -4.572000e+02  2.362200e+03  7.429500e+02
     vertex -4.572000e+02  2.362200e+03  7.302500e+02
   endloop
 endfacet
 facet normal  0.000000e+00 -1.000000e+00  0.000000e+00
   outer loop
     vertex -5.016500e+02  2.362200e+03  6.413500e+02
     vertex -5.143500e+02  2.362200e+03  6.858000e+02
     vertex -5.143500e+02  2.362200e+03  6.413500e+02
   endloop
 endfacet
 facet normal  0.000000e+00 -1.000000e+00  0.000000e+00
   outer loop
     vertex -5.016500e+02  2.362200e+03  6.413500e+02
     vertex -5.016500e+02  2.362200e+03  6.858000e+02
     vertex -5.143500e+02  2.362200e+03  6.858000e+02
   endloop
 endfacet
 facet normal  0.000000e+00 -1.000000e+00  0.000000e+00
   outer loop
     vertex -4.318000e+02  2.362200e+03  6.413500e+02
     vertex -4.445000e+02  2.362200e+03  7.302500e+02
     vertex -4.445000e+02  2.362200e+03  6.413500e+02
   endloop
 endfacet
 facet normal  0.000000e+00 -1.000000e+00  0.000000e+00
   outer loop
     vertex -4.318000e+02  2.362200e+03  6.413500e+02
     vertex -4.445000e+02  2.362200e+03  7.429500e+02
     vertex -4.445000e+02  2.362200e+03  7.302500e+02
   endloop
 endfacet
 facet normal  0.000000e+00 -1.000000e+00 -0.000000e+00
   outer loop
     vertex -4.318000e+02  2.362200e+03  1.054100e+03
     vertex -4.445000e+02  2.362200e+03  7.429500e+02
     vertex -4.318000e+02  2.362200e+03  6.413500e+02
   endloop
 endfacet
 facet normal  0.000000e+00  1.000000e+00 -0.000000e+00
   outer loop
     vertex  4.445000e+02  2.425700e+03  7.429500e+02
     vertex  4.318000e+02  2.425700e+03  1.054100e+03
     vertex  4.445000e+02  2.425700e+03  1.054100e+03
   endloop
 endfacet
 facet normal  0.000000e+00  1.000000e+00  0.000000e+00
   outer loop
     vertex  4.445000e+02  2.425700e+03  7.302500e+02
     vertex  4.445000e+02  2.425700e+03  7.429500e+02
     vertex  4.572000e+02  2.425700e+03  7.429500e+02
   endloop
 endfacet
 facet normal  0.000000e+00  1.000000e+00 -0.000000e+00
   outer loop
     vertex  4.572000e+02  2.425700e+03  7.302500e+02
     vertex  4.572000e+02  2.425700e+03  7.429500e+02
     vertex  4.671240e+02  2.425700e+03  7.420818e+02
   endloop
 endfacet
 facet normal  0.000000e+00  1.000000e+00  0.000000e+00
   outer loop
     vertex  4.572000e+02  2.425700e+03  7.302500e+02
     vertex  4.445000e+02  2.425700e+03  7.302500e+02
     vertex  4.572000e+02  2.425700e+03  7.429500e+02
   endloop
 endfacet
 facet normal  0.000000e+00  1.000000e+00 -0.000000e+00
   outer loop
     vertex  4.658718e+02  2.425700e+03  7.293959e+02
     vertex  4.572000e+02  2.425700e+03  7.302500e+02
     vertex  4.671240e+02  2.425700e+03  7.420818e+02
   endloop
 endfacet
 facet normal  0.000000e+00  1.000000e+00  0.000000e+00
   outer loop
     vertex  4.767465e+02  2.425700e+03  7.395034e+02
     vertex  4.658718e+02  2.425700e+03  7.293959e+02
     vertex  4.671240e+02  2.425700e+03  7.420818e+02
   endloop
 endfacet
 facet normal  0.000000e+00  1.000000e+00 -0.000000e+00
   outer loop
     vertex  4.742103e+02  2.425700e+03  7.268664e+02
     vertex  4.658718e+02  2.425700e+03  7.293959e+02
     vertex  4.767465e+02  2.425700e+03  7.395034e+02
   endloop
 endfacet
 facet normal  0.000000e+00  1.000000e+00  0.000000e+00
   outer loop
     vertex  4.857750e+02  2.425700e+03  7.352934e+02
     vertex  4.742103e+02  2.425700e+03  7.268664e+02
     vertex  4.767465e+02  2.425700e+03  7.395034e+02
   endloop
 endfacet
 facet normal  0.000000e+00  1.000000e+00 -0.000000e+00
   outer loop
     vertex  4.818951e+02  2.425700e+03  7.227588e+02
     vertex  4.742103e+02  2.425700e+03  7.268664e+02
     vertex  4.857750e+02  2.425700e+03  7.352934e+02
   endloop
 endfacet
 facet normal  0.000000e+00  1.000000e+00  0.000000e+00
   outer loop
     vertex  4.939353e+02  2.425700e+03  7.295794e+02
     vertex  4.818951e+02  2.425700e+03  7.227588e+02
     vertex  4.857750e+02  2.425700e+03  7.352934e+02
   endloop
 endfacet
 facet normal  0.000000e+00  1.000000e+00 -0.000000e+00
   outer loop
     vertex  4.886309e+02  2.425700e+03  7.172309e+02
     vertex  4.818951e+02  2.425700e+03  7.227588e+02
     vertex  4.939353e+02  2.425700e+03  7.295794e+02
   endloop
 endfacet
 facet normal  0.000000e+00  1.000000e+00  0.000000e+00
   outer loop
     vertex  5.009794e+02  2.425700e+03  7.225353e+02
     vertex  4.886309e+02  2.425700e+03  7.172309e+02
     vertex  4.939353e+02  2.425700e+03  7.295794e+02
   endloop
 endfacet
 facet normal  0.000000e+00  1.000000e+00 -0.000000e+00
   outer loop
     vertex  4.941588e+02  2.425700e+03  7.104951e+02
     vertex  4.886309e+02  2.425700e+03  7.172309e+02
     vertex  5.009794e+02  2.425700e+03  7.225353e+02
   endloop
 endfacet
 facet normal  0.000000e+00  1.000000e+00  0.000000e+00
   outer loop
     vertex  4.318000e+02  2.425700e+03  6.413500e+02
     vertex  4.445000e+02  2.425700e+03  7.429500e+02
     vertex  4.445000e+02  2.425700e+03  7.302500e+02
   endloop
 endfacet
 facet normal  0.000000e+00  1.000000e+00  0.000000e+00
   outer loop
     vertex  5.066934e+02  2.425700e+03  7.143750e+02
     vertex  4.941588e+02  2.425700e+03  7.104951e+02
     vertex  5.009794e+02  2.425700e+03  7.225353e+02
   endloop
 endfacet
 facet normal  0.000000e+00  1.000000e+00 -0.000000e+00
   outer loop
     vertex  4.982664e+02  2.425700e+03  7.028103e+02
     vertex  4.941588e+02  2.425700e+03  7.104951e+02
     vertex  5.066934e+02  2.425700e+03  7.143750e+02
   endloop
 endfacet
 facet normal  0.000000e+00  1.000000e+00 -0.000000e+00
   outer loop
     vertex  4.445000e+02  2.425700e+03  6.413500e+02
     vertex  4.318000e+02  2.425700e+03  6.413500e+02
     vertex  4.445000e+02  2.425700e+03  7.302500e+02
   endloop
 endfacet
 facet normal  0.000000e+00  1.000000e+00  0.000000e+00
   outer loop
     vertex  5.109034e+02  2.425700e+03  7.053465e+02
     vertex  4.982664e+02  2.425700e+03  7.028103e+02
     vertex  5.066934e+02  2.425700e+03  7.143750e+02
   endloop
 endfacet
 facet normal  0.000000e+00  1.000000e+00 -0.000000e+00
   outer loop
     vertex  5.007959e+02  2.425700e+03  6.944718e+02
     vertex  4.982664e+02  2.425700e+03  7.028103e+02
     vertex  5.109034e+02  2.425700e+03  7.053465e+02
   endloop
 endfacet
 facet normal  0.000000e+00  1.000000e+00  0.000000e+00
   outer loop
     vertex  5.134818e+02  2.425700e+03  6.957240e+02
     vertex  5.016500e+02  2.425700e+03  6.858000e+02
     vertex  5.007959e+02  2.425700e+03  6.944718e+02
   endloop
 endfacet
 facet normal  0.000000e+00  1.000000e+00  0.000000e+00
   outer loop
     vertex  5.134818e+02  2.425700e+03  6.957240e+02
     vertex  5.007959e+02  2.425700e+03  6.944718e+02
     vertex  5.109034e+02  2.425700e+03  7.053465e+02
   endloop
 endfacet
 facet normal  0.000000e+00  1.000000e+00  0.000000e+00
   outer loop
     vertex  5.143500e+02  2.425700e+03  6.858000e+02
     vertex  5.016500e+02  2.425700e+03  6.858000e+02
     vertex  5.134818e+02  2.425700e+03  6.957240e+02
   endloop
 endfacet
 facet normal  0.000000e+00  1.000000e+00  0.000000e+00
   outer loop
     vertex  5.143500e+02  2.425700e+03  6.413500e+02
     vertex  5.016500e+02  2.425700e+03  6.413500e+02
     vertex  5.016500e+02  2.425700e+03  6.858000e+02
   endloop
 endfacet
 facet normal  0.000000e+00  1.000000e+00  0.000000e+00
   outer loop
     vertex  5.143500e+02  2.425700e+03  6.413500e+02
     vertex  5.016500e+02  2.425700e+03  6.858000e+02
     vertex  5.143500e+02  2.425700e+03  6.858000e+02
   endloop
 endfacet
 facet normal  0.000000e+00  1.000000e+00  0.000000e+00
   outer loop
     vertex  4.318000e+02  2.425700e+03  6.413500e+02
     vertex  4.318000e+02  2.425700e+03  1.054100e+03
     vertex  4.445000e+02  2.425700e+03  7.429500e+02
   endloop
 endfacet
 facet normal  8.951720e-15  0.000000e+00 -1.000000e+00
   outer loop
     vertex  4.572000e+02  2.425700e+03  7.302500e+02
     vertex  4.572000e+02  2.362200e+03  7.302500e+02
     vertex  4.445000e+02  2.362200e+03  7.302500e+02
   endloop
 endfacet
 facet normal  8.951720e-15  0.000000e+00 -1.000000e+00
   outer loop
     vertex  4.445000e+02  2.425700e+03  7.302500e+02
     vertex  4.572000e+02  2.425700e+03  7.302500e+02
     vertex  4.445000e+02  2.362200e+03  7.302500e+02
   endloop
 endfacet
 facet normal -9.801714e-02 -0.000000e+00 -9.951847e-01
   outer loop
     vertex  4.572000e+02  2.425700e+03  7.302500e+02
     vertex  4.658718e+02  2.362200e+03  7.293959e+02
     vertex  4.572000e+02  2.362200e+03  7.302500e+02
   endloop
 endfacet
 facet normal -9.801714e-02 -0.000000e+00 -9.951847e-01
   outer loop
     vertex  4.658718e+02  2.425700e+03  7.293959e+02
     vertex  4.658718e+02  2.362200e+03  7.293959e+02
     vertex  4.572000e+02  2.425700e+03  7.302500e+02
   endloop
 endfacet
 facet normal -2.902847e-01 -0.000000e+00 -9.569403e-01
   outer loop
     vertex  4.742103e+02  2.425700e+03  7.268664e+02
     vertex  4.742103e+02  2.362200e+03  7.268664e+02
     vertex  4.658718e+02  2.362200e+03  7.293959e+02
   endloop
 endfacet
 facet normal -2.902847e-01  0.000000e+00 -9.569403e-01
   outer loop
     vertex  4.742103e+02  2.425700e+03  7.268664e+02
     vertex  4.658718e+02  2.362200e+03  7.293959e+02
     vertex  4.658718e+02  2.425700e+03  7.293959e+02
   endloop
 endfacet
 facet normal -4.713967e-01 -0.000000e+00 -8.819213e-01
   outer loop
     vertex  4.818951e+02  2.425700e+03  7.227588e+02
     vertex  4.818951e+02  2.362200e+03  7.227588e+02
     vertex  4.742103e+02  2.362200e+03  7.268664e+02
   endloop
 endfacet
 facet normal -4.713967e-01  0.000000e+00 -8.819213e-01
   outer loop
     vertex  4.818951e+02  2.425700e+03  7.227588e+02
     vertex  4.742103e+02  2.362200e+03  7.268664e+02
     vertex  4.742103e+02  2.425700e+03  7.268664e+02
   endloop
 endfacet
 facet normal -7.730105e-01 -0.000000e+00 -6.343933e-01
   outer loop
     vertex  4.886309e+02  2.425700e+03  7.172309e+02
     vertex  4.941588e+02  2.362200e+03  7.104951e+02
     vertex  4.886309e+02  2.362200e+03  7.172309e+02
   endloop
 endfacet
 facet normal -6.343933e-01 -0.000000e+00 -7.730105e-01
   outer loop
     vertex  4.886309e+02  2.425700e+03  7.172309e+02
     vertex  4.886309e+02  2.362200e+03  7.172309e+02
     vertex  4.818951e+02  2.362200e+03  7.227588e+02
   endloop
 endfacet
 facet normal -6.343933e-01  0.000000e+00 -7.730105e-01
   outer loop
     vertex  4.886309e+02  2.425700e+03  7.172309e+02
     vertex  4.818951e+02  2.362200e+03  7.227588e+02
     vertex  4.818951e+02  2.425700e+03  7.227588e+02
   endloop
 endfacet
 facet normal -7.730105e-01 -0.000000e+00 -6.343933e-01
   outer loop
     vertex  4.941588e+02  2.425700e+03  7.104951e+02
     vertex  4.941588e+02  2.362200e+03  7.104951e+02
     vertex  4.886309e+02  2.425700e+03  7.172309e+02
   endloop
 endfacet
 facet normal -8.819213e-01 -0.000000e+00 -4.713967e-01
   outer loop
     vertex  4.982664e+02  2.425700e+03  7.028103e+02
     vertex  4.982664e+02  2.362200e+03  7.028103e+02
     vertex  4.941588e+02  2.362200e+03  7.104951e+02
   endloop
 endfacet
 facet normal -8.819213e-01  0.000000e+00 -4.713967e-01
   outer loop
     vertex  4.982664e+02  2.425700e+03  7.028103e+02
     vertex  4.941588e+02  2.362200e+03  7.104951e+02
     vertex  4.941588e+02  2.425700e+03  7.104951e+02
   endloop
 endfacet
 facet normal -9.951847e-01 -0.000000e+00 -9.801714e-02
   outer loop
     vertex  5.007959e+02  2.425700e+03  6.944718e+02
     vertex  5.016500e+02  2.362200e+03  6.858000e+02
     vertex  5.007959e+02  2.362200e+03  6.944718e+02
   endloop
 endfacet
 facet normal -9.569403e-01 -0.000000e+00 -2.902847e-01
   outer loop
     vertex  5.007959e+02  2.425700e+03  6.944718e+02
     vertex  5.007959e+02  2.362200e+03  6.944718e+02
     vertex  4.982664e+02  2.362200e+03  7.028103e+02
   endloop
 endfacet
 facet normal -9.569403e-01  0.000000e+00 -2.902847e-01
   outer loop
     vertex  5.007959e+02  2.425700e+03  6.944718e+02
     vertex  4.982664e+02  2.362200e+03  7.028103e+02
     vertex  4.982664e+02  2.425700e+03  7.028103e+02
   endloop
 endfacet
 facet normal -9.951847e-01 -0.000000e+00 -9.801714e-02
   outer loop
     vertex  5.016500e+02  2.425700e+03  6.858000e+02
     vertex  5.016500e+02  2.362200e+03  6.858000e+02
     vertex  5.007959e+02  2.425700e+03  6.944718e+02
   endloop
 endfacet
 facet normal -1.000000e+00  0.000000e+00 -5.115268e-15
   outer loop
     vertex  5.016500e+02  2.425700e+03  6.858000e+02
     vertex  5.016500e+02  2.425700e+03  6.413500e+02
     vertex  5.016500e+02  2.362200e+03  6.413500e+02
   endloop
 endfacet
 facet normal -1.000000e+00 -0.000000e+00 -5.115268e-15
   outer loop
     vertex  5.016500e+02  2.425700e+03  6.858000e+02
     vertex  5.016500e+02  2.362200e+03  6.413500e+02
     vertex  5.016500e+02  2.362200e+03  6.858000e+02
   endloop
 endfacet
 facet normal -0.000000e+00  0.000000e+00 -1.000000e+00
   outer loop
     vertex  5.143500e+02  2.425700e+03  6.413500e+02
     vertex  5.016500e+02  2.362200e+03  6.413500e+02
     vertex  5.016500e+02  2.425700e+03  6.413500e+02
   endloop
 endfacet
 facet normal  0.000000e+00 -0.000000e+00 -1.000000e+00
   outer loop
     vertex  5.143500e+02  2.425700e+03  6.413500e+02
     vertex  5.143500e+02  2.362200e+03  6.413500e+02
     vertex  5.016500e+02  2.362200e+03  6.413500e+02
   endloop
 endfacet
 facet normal  1.000000e+00  0.000000e+00  2.557634e-15
   outer loop
     vertex  5.143500e+02  2.425700e+03  6.858000e+02
     vertex  5.143500e+02  2.362200e+03  6.413500e+02
     vertex  5.143500e+02  2.425700e+03  6.413500e+02
   endloop
 endfacet
 facet normal  1.000000e+00  0.000000e+00  2.557634e-15
   outer loop
     vertex  5.143500e+02  2.425700e+03  6.858000e+02
     vertex  5.143500e+02  2.362200e+03  6.858000e+02
     vertex  5.143500e+02  2.362200e+03  6.413500e+02
   endloop
 endfacet
 facet normal  8.715574e-02  0.000000e+00  9.961947e-01
   outer loop
     vertex  4.572000e+02  2.425700e+03  7.429500e+02
     vertex  4.572000e+02  2.362200e+03  7.429500e+02
     vertex  4.671240e+02  2.362200e+03  7.420818e+02
   endloop
 endfacet
 facet normal  8.715574e-02  0.000000e+00  9.961947e-01
   outer loop
     vertex  4.671240e+02  2.425700e+03  7.420818e+02
     vertex  4.572000e+02  2.425700e+03  7.429500e+02
     vertex  4.671240e+02  2.362200e+03  7.420818e+02
   endloop
 endfacet
 facet normal  2.588190e-01  0.000000e+00  9.659258e-01
   outer loop
     vertex  4.767465e+02  2.425700e+03  7.395034e+02
     vertex  4.671240e+02  2.362200e+03  7.420818e+02
     vertex  4.767465e+02  2.362200e+03  7.395034e+02
   endloop
 endfacet
 facet normal  2.588190e-01  0.000000e+00  9.659258e-01
   outer loop
     vertex  4.767465e+02  2.425700e+03  7.395034e+02
     vertex  4.671240e+02  2.425700e+03  7.420818e+02
     vertex  4.671240e+02  2.362200e+03  7.420818e+02
   endloop
 endfacet
 facet normal  4.226183e-01  0.000000e+00  9.063078e-01
   outer loop
     vertex  4.857750e+02  2.425700e+03  7.352934e+02
     vertex  4.767465e+02  2.362200e+03  7.395034e+02
     vertex  4.857750e+02  2.362200e+03  7.352934e+02
   endloop
 endfacet
 facet normal  4.226183e-01  0.000000e+00  9.063078e-01
   outer loop
     vertex  4.857750e+02  2.425700e+03  7.352934e+02
     vertex  4.767465e+02  2.425700e+03  7.395034e+02
     vertex  4.767465e+02  2.362200e+03  7.395034e+02
   endloop
 endfacet
 facet normal  5.735764e-01  0.000000e+00  8.191520e-01
   outer loop
     vertex  4.939353e+02  2.425700e+03  7.295794e+02
     vertex  4.857750e+02  2.362200e+03  7.352934e+02
     vertex  4.939353e+02  2.362200e+03  7.295794e+02
   endloop
 endfacet
 facet normal  5.735764e-01  0.000000e+00  8.191520e-01
   outer loop
     vertex  4.939353e+02  2.425700e+03  7.295794e+02
     vertex  4.857750e+02  2.425700e+03  7.352934e+02
     vertex  4.857750e+02  2.362200e+03  7.352934e+02
   endloop
 endfacet
 facet normal  8.191520e-01  0.000000e+00  5.735764e-01
   outer loop
     vertex  5.009794e+02  2.425700e+03  7.225353e+02
     vertex  5.009794e+02  2.362200e+03  7.225353e+02
     vertex  5.066934e+02  2.362200e+03  7.143750e+02
   endloop
 endfacet
 facet normal  7.071068e-01  0.000000e+00  7.071068e-01
   outer loop
     vertex  5.009794e+02  2.425700e+03  7.225353e+02
     vertex  4.939353e+02  2.362200e+03  7.295794e+02
     vertex  5.009794e+02  2.362200e+03  7.225353e+02
   endloop
 endfacet
 facet normal  7.071068e-01  0.000000e+00  7.071068e-01
   outer loop
     vertex  5.009794e+02  2.425700e+03  7.225353e+02
     vertex  4.939353e+02  2.425700e+03  7.295794e+02
     vertex  4.939353e+02  2.362200e+03  7.295794e+02
   endloop
 endfacet
 facet normal  8.191520e-01  0.000000e+00  5.735764e-01
   outer loop
     vertex  5.066934e+02  2.425700e+03  7.143750e+02
     vertex  5.009794e+02  2.425700e+03  7.225353e+02
     vertex  5.066934e+02  2.362200e+03  7.143750e+02
   endloop
 endfacet
 facet normal  9.063078e-01  0.000000e+00  4.226183e-01
   outer loop
     vertex  5.109034e+02  2.425700e+03  7.053465e+02
     vertex  5.066934e+02  2.362200e+03  7.143750e+02
     vertex  5.109034e+02  2.362200e+03  7.053465e+02
   endloop
 endfacet
 facet normal  9.063078e-01  0.000000e+00  4.226183e-01
   outer loop
     vertex  5.109034e+02  2.425700e+03  7.053465e+02
     vertex  5.066934e+02  2.425700e+03  7.143750e+02
     vertex  5.066934e+02  2.362200e+03  7.143750e+02
   endloop
 endfacet
 facet normal  9.659258e-01  0.000000e+00  2.588190e-01
   outer loop
     vertex  5.134818e+02  2.425700e+03  6.957240e+02
     vertex  5.109034e+02  2.362200e+03  7.053465e+02
     vertex  5.134818e+02  2.362200e+03  6.957240e+02
   endloop
 endfacet
 facet normal  9.659258e-01  0.000000e+00  2.588190e-01
   outer loop
     vertex  5.134818e+02  2.425700e+03  6.957240e+02
     vertex  5.109034e+02  2.425700e+03  7.053465e+02
     vertex  5.109034e+02  2.362200e+03  7.053465e+02
   endloop
 endfacet
 facet normal  9.961947e-01  0.000000e+00  8.715574e-02
   outer loop
     vertex  5.143500e+02  2.425700e+03  6.858000e+02
     vertex  5.134818e+02  2.362200e+03  6.957240e+02
     vertex  5.143500e+02  2.362200e+03  6.858000e+02
   endloop
 endfacet
 facet normal  9.961947e-01  0.000000e+00  8.715574e-02
   outer loop
     vertex  5.143500e+02  2.425700e+03  6.858000e+02
     vertex  5.134818e+02  2.425700e+03  6.957240e+02
     vertex  5.134818e+02  2.362200e+03  6.957240e+02
   endloop
 endfacet
 facet normal -8.951720e-15  0.000000e+00  1.000000e+00
   outer loop
     vertex  4.445000e+02  2.425700e+03  7.429500e+02
     vertex  4.572000e+02  2.362200e+03  7.429500e+02
     vertex  4.572000e+02  2.425700e+03  7.429500e+02
   endloop
 endfacet
 facet normal -8.951720e-15  0.000000e+00  1.000000e+00
   outer loop
     vertex  4.445000e+02  2.425700e+03  7.429500e+02
     vertex  4.445000e+02  2.362200e+03  7.429500e+02
     vertex  4.572000e+02  2.362200e+03  7.429500e+02
   endloop
 endfacet
 facet normal  1.000000e+00  0.000000e+00  0.000000e+00
   outer loop
     vertex  4.445000e+02  2.425700e+03  1.054100e+03
     vertex  4.445000e+02  2.362200e+03  7.429500e+02
     vertex  4.445000e+02  2.425700e+03  7.429500e+02
   endloop
 endfacet
 facet normal  1.000000e+00  0.000000e+00  0.000000e+00
   outer loop
     vertex  4.445000e+02  2.425700e+03  1.054100e+03
     vertex  4.445000e+02  2.362200e+03  1.054100e+03
     vertex  4.445000e+02  2.362200e+03  7.429500e+02
   endloop
 endfacet
 facet normal  0.000000e+00  0.000000e+00  1.000000e+00
   outer loop
     vertex  4.445000e+02  2.425700e+03  1.054100e+03
     vertex  4.318000e+02  2.362200e+03  1.054100e+03
     vertex  4.445000e+02  2.362200e+03  1.054100e+03
   endloop
 endfacet
 facet normal -0.000000e+00  0.000000e+00  1.000000e+00
   outer loop
     vertex  4.318000e+02  2.425700e+03  1.054100e+03
     vertex  4.318000e+02  2.362200e+03  1.054100e+03
     vertex  4.445000e+02  2.425700e+03  1.054100e+03
   endloop
 endfacet
 facet normal -1.000000e+00  0.000000e+00 -0.000000e+00
   outer loop
     vertex  4.318000e+02  2.425700e+03  1.054100e+03
     vertex  4.318000e+02  2.425700e+03  6.413500e+02
     vertex  4.318000e+02  2.362200e+03  6.413500e+02
   endloop
 endfacet
 facet normal -1.000000e+00 -0.000000e+00  0.000000e+00
   outer loop
     vertex  4.318000e+02  2.425700e+03  1.054100e+03
     vertex  4.318000e+02  2.362200e+03  6.413500e+02
     vertex  4.318000e+02  2.362200e+03  1.054100e+03
   endloop
 endfacet
 facet normal -0.000000e+00  0.000000e+00 -1.000000e+00
   outer loop
     vertex  4.445000e+02  2.425700e+03  6.413500e+02
     vertex  4.318000e+02  2.362200e+03  6.413500e+02
     vertex  4.318000e+02  2.425700e+03  6.413500e+02
   endloop
 endfacet
 facet normal  0.000000e+00 -0.000000e+00 -1.000000e+00
   outer loop
     vertex  4.445000e+02  2.425700e+03  6.413500e+02
     vertex  4.445000e+02  2.362200e+03  6.413500e+02
     vertex  4.318000e+02  2.362200e+03  6.413500e+02
   endloop
 endfacet
 facet normal  1.000000e+00  0.000000e+00 -6.394085e-16
   outer loop
     vertex  4.445000e+02  2.425700e+03  6.413500e+02
     vertex  4.445000e+02  2.425700e+03  7.302500e+02
     vertex  4.445000e+02  2.362200e+03  7.302500e+02
   endloop
 endfacet
 facet normal  1.000000e+00  0.000000e+00 -6.394085e-16
   outer loop
     vertex  4.445000e+02  2.425700e+03  6.413500e+02
     vertex  4.445000e+02  2.362200e+03  7.302500e+02
     vertex  4.445000e+02  2.362200e+03  6.413500e+02
   endloop
 endfacet
 facet normal  0.000000e+00 -1.000000e+00  0.000000e+00
   outer loop
     vertex  4.445000e+02  2.362200e+03  7.429500e+02
     vertex  4.445000e+02  2.362200e+03  1.054100e+03
     vertex  4.318000e+02  2.362200e+03  1.054100e+03
   endloop
 endfacet
 facet normal  0.000000e+00 -1.000000e+00  0.000000e+00
   outer loop
     vertex  4.445000e+02  2.362200e+03  7.302500e+02
     vertex  4.572000e+02  2.362200e+03  7.429500e+02
     vertex  4.445000e+02  2.362200e+03  7.429500e+02
   endloop
 endfacet
 facet normal  0.000000e+00 -1.000000e+00  0.000000e+00
   outer loop
     vertex  4.572000e+02  2.362200e+03  7.302500e+02
     vertex  4.671240e+02  2.362200e+03  7.420818e+02
     vertex  4.572000e+02  2.362200e+03  7.429500e+02
   endloop
 endfacet
 facet normal -0.000000e+00 -1.000000e+00  0.000000e+00
   outer loop
     vertex  4.572000e+02  2.362200e+03  7.302500e+02
     vertex  4.572000e+02  2.362200e+03  7.429500e+02
     vertex  4.445000e+02  2.362200e+03  7.302500e+02
   endloop
 endfacet
 facet normal  0.000000e+00 -1.000000e+00  0.000000e+00
   outer loop
     vertex  4.658718e+02  2.362200e+03  7.293959e+02
     vertex  4.671240e+02  2.362200e+03  7.420818e+02
     vertex  4.572000e+02  2.362200e+03  7.302500e+02
   endloop
 endfacet
 facet normal -0.000000e+00 -1.000000e+00  0.000000e+00
   outer loop
     vertex  4.767465e+02  2.362200e+03  7.395034e+02
     vertex  4.671240e+02  2.362200e+03  7.420818e+02
     vertex  4.658718e+02  2.362200e+03  7.293959e+02
   endloop
 endfacet
 facet normal  0.000000e+00 -1.000000e+00  0.000000e+00
   outer loop
     vertex  4.742103e+02  2.362200e+03  7.268664e+02
     vertex  4.767465e+02  2.362200e+03  7.395034e+02
     vertex  4.658718e+02  2.362200e+03  7.293959e+02
   endloop
 endfacet
 facet normal -0.000000e+00 -1.000000e+00  0.000000e+00
   outer loop
     vertex  4.857750e+02  2.362200e+03  7.352934e+02
     vertex  4.767465e+02  2.362200e+03  7.395034e+02
     vertex  4.742103e+02  2.362200e+03  7.268664e+02
   endloop
 endfacet
 facet normal  0.000000e+00 -1.000000e+00  0.000000e+00
   outer loop
     vertex  4.818951e+02  2.362200e+03  7.227588e+02
     vertex  4.857750e+02  2.362200e+03  7.352934e+02
     vertex  4.742103e+02  2.362200e+03  7.268664e+02
   endloop
 endfacet
 facet normal -0.000000e+00 -1.000000e+00  0.000000e+00
   outer loop
     vertex  4.939353e+02  2.362200e+03  7.295794e+02
     vertex  4.857750e+02  2.362200e+03  7.352934e+02
     vertex  4.818951e+02  2.362200e+03  7.227588e+02
   endloop
 endfacet
 facet normal  0.000000e+00 -1.000000e+00  0.000000e+00
   outer loop
     vertex  4.886309e+02  2.362200e+03  7.172309e+02
     vertex  4.939353e+02  2.362200e+03  7.295794e+02
     vertex  4.818951e+02  2.362200e+03  7.227588e+02
   endloop
 endfacet
 facet normal -0.000000e+00 -1.000000e+00  0.000000e+00
   outer loop
     vertex  5.009794e+02  2.362200e+03  7.225353e+02
     vertex  4.939353e+02  2.362200e+03  7.295794e+02
     vertex  4.886309e+02  2.362200e+03  7.172309e+02
   endloop
 endfacet
 facet normal  0.000000e+00 -1.000000e+00  0.000000e+00
   outer loop
     vertex  4.941588e+02  2.362200e+03  7.104951e+02
     vertex  5.009794e+02  2.362200e+03  7.225353e+02
     vertex  4.886309e+02  2.362200e+03  7.172309e+02
   endloop
 endfacet
 facet normal  0.000000e+00 -1.000000e+00  0.000000e+00
   outer loop
     vertex  4.318000e+02  2.362200e+03  6.413500e+02
     vertex  4.445000e+02  2.362200e+03  7.302500e+02
     vertex  4.445000e+02  2.362200e+03  7.429500e+02
   endloop
 endfacet
 facet normal -0.000000e+00 -1.000000e+00  0.000000e+00
   outer loop
     vertex  5.066934e+02  2.362200e+03  7.143750e+02
     vertex  5.009794e+02  2.362200e+03  7.225353e+02
     vertex  4.941588e+02  2.362200e+03  7.104951e+02
   endloop
 endfacet
 facet normal  0.000000e+00 -1.000000e+00  0.000000e+00
   outer loop
     vertex  4.982664e+02  2.362200e+03  7.028103e+02
     vertex  5.066934e+02  2.362200e+03  7.143750e+02
     vertex  4.941588e+02  2.362200e+03  7.104951e+02
   endloop
 endfacet
 facet normal  0.000000e+00 -1.000000e+00  0.000000e+00
   outer loop
     vertex  4.445000e+02  2.362200e+03  6.413500e+02
     vertex  4.445000e+02  2.362200e+03  7.302500e+02
     vertex  4.318000e+02  2.362200e+03  6.413500e+02
   endloop
 endfacet
 facet normal -0.000000e+00 -1.000000e+00  0.000000e+00
   outer loop
     vertex  5.109034e+02  2.362200e+03  7.053465e+02
     vertex  5.066934e+02  2.362200e+03  7.143750e+02
     vertex  4.982664e+02  2.362200e+03  7.028103e+02
   endloop
 endfacet
 facet normal  0.000000e+00 -1.000000e+00  0.000000e+00
   outer loop
     vertex  5.007959e+02  2.362200e+03  6.944718e+02
     vertex  5.109034e+02  2.362200e+03  7.053465e+02
     vertex  4.982664e+02  2.362200e+03  7.028103e+02
   endloop
 endfacet
 facet normal  0.000000e+00 -1.000000e+00  0.000000e+00
   outer loop
     vertex  5.134818e+02  2.362200e+03  6.957240e+02
     vertex  5.007959e+02  2.362200e+03  6.944718e+02
     vertex  5.016500e+02  2.362200e+03  6.858000e+02
   endloop
 endfacet
 facet normal -0.000000e+00 -1.000000e+00  0.000000e+00
   outer loop
     vertex  5.134818e+02  2.362200e+03  6.957240e+02
     vertex  5.109034e+02  2.362200e+03  7.053465e+02
     vertex  5.007959e+02  2.362200e+03  6.944718e+02
   endloop
 endfacet
 facet normal  0.000000e+00 -1.000000e+00  0.000000e+00
   outer loop
     vertex  5.143500e+02  2.362200e+03  6.858000e+02
     vertex  5.134818e+02  2.362200e+03  6.957240e+02
     vertex  5.016500e+02  2.362200e+03  6.858000e+02
   endloop
 endfacet
 facet normal  0.000000e+00 -1.000000e+00  0.000000e+00
   outer loop
     vertex  5.143500e+02  2.362200e+03  6.413500e+02
     vertex  5.016500e+02  2.362200e+03  6.858000e+02
     vertex  5.016500e+02  2.362200e+03  6.413500e+02
   endloop
 endfacet
 facet normal  0.000000e+00 -1.000000e+00  0.000000e+00
   outer loop
     vertex  5.143500e+02  2.362200e+03  6.413500e+02
     vertex  5.143500e+02  2.362200e+03  6.858000e+02
     vertex  5.016500e+02  2.362200e+03  6.858000e+02
   endloop
 endfacet
 facet normal  0.000000e+00 -1.000000e+00  0.000000e+00
   outer loop
     vertex  4.318000e+02  2.362200e+03  6.413500e+02
     vertex  4.445000e+02  2.362200e+03  7.429500e+02
     vertex  4.318000e+02  2.362200e+03  1.054100e+03
   endloop
 endfacet
 facet normal  0.000000e+00  1.000000e+00  0.000000e+00
   outer loop
     vertex -3.302000e+02  2.425700e+03  1.231900e+03
     vertex -3.683000e+02  2.425700e+03  1.219200e+03
     vertex -3.683000e+02  2.425700e+03  1.231900e+03
   endloop
 endfacet
 facet normal  0.000000e+00  1.000000e+00  0.000000e+00
   outer loop
     vertex -3.302000e+02  2.425700e+03  1.231900e+03
     vertex -3.302000e+02  2.425700e+03  1.263650e+03
     vertex -3.175000e+02  2.425700e+03  1.263650e+03
   endloop
 endfacet
 facet normal  0.000000e+00  1.000000e+00 -0.000000e+00
   outer loop
     vertex -3.175000e+02  2.425700e+03  1.219200e+03
     vertex -3.302000e+02  2.425700e+03  1.231900e+03
     vertex -3.175000e+02  2.425700e+03  1.263650e+03
   endloop
 endfacet
 facet normal  0.000000e+00  1.000000e+00  0.000000e+00
   outer loop
     vertex -3.175000e+02  2.425700e+03  1.219200e+03
     vertex -3.683000e+02  2.425700e+03  1.219200e+03
     vertex -3.302000e+02  2.425700e+03  1.231900e+03
   endloop
 endfacet
 facet normal -1.000000e+00  0.000000e+00  0.000000e+00
   outer loop
     vertex -3.683000e+02  2.425700e+03  1.219200e+03
     vertex -3.683000e+02  1.270000e+02  1.231900e+03
     vertex -3.683000e+02  2.425700e+03  1.231900e+03
   endloop
 endfacet
 facet normal -1.000000e+00  0.000000e+00  0.000000e+00
   outer loop
     vertex -3.683000e+02  2.425700e+03  1.219200e+03
     vertex -3.683000e+02  1.270000e+02  1.219200e+03
     vertex -3.683000e+02  1.270000e+02  1.231900e+03
   endloop
 endfacet
 facet normal -0.000000e+00  0.000000e+00  1.000000e+00
   outer loop
     vertex -3.683000e+02  2.425700e+03  1.231900e+03
     vertex -3.302000e+02  1.270000e+02  1.231900e+03
     vertex -3.302000e+02  2.425700e+03  1.231900e+03
   endloop
 endfacet
 facet normal  0.000000e+00  0.000000e+00  1.000000e+00
   outer loop
     vertex -3.683000e+02  2.425700e+03  1.231900e+03
     vertex -3.683000e+02  1.270000e+02  1.231900e+03
     vertex -3.302000e+02  1.270000e+02  1.231900e+03
   endloop
 endfacet
 facet normal -1.000000e+00  0.000000e+00  0.000000e+00
   outer loop
     vertex -3.302000e+02  2.425700e+03  1.231900e+03
     vertex -3.302000e+02  1.270000e+02  1.263650e+03
     vertex -3.302000e+02  2.425700e+03  1.263650e+03
   endloop
 endfacet
 facet normal -1.000000e+00  0.000000e+00  0.000000e+00
   outer loop
     vertex -3.302000e+02  2.425700e+03  1.231900e+03
     vertex -3.302000e+02  1.270000e+02  1.231900e+03
     vertex -3.302000e+02  1.270000e+02  1.263650e+03
   endloop
 endfacet
 facet normal -0.000000e+00  0.000000e+00  1.000000e+00
   outer loop
     vertex -3.302000e+02  2.425700e+03  1.263650e+03
     vertex -3.175000e+02  1.270000e+02  1.263650e+03
     vertex -3.175000e+02  2.425700e+03  1.263650e+03
   endloop
 endfacet
 facet normal  0.000000e+00  0.000000e+00  1.000000e+00
   outer loop
     vertex -3.302000e+02  2.425700e+03  1.263650e+03
     vertex -3.302000e+02  1.270000e+02  1.263650e+03
     vertex -3.175000e+02  1.270000e+02  1.263650e+03
   endloop
 endfacet
 facet normal  1.000000e+00  0.000000e+00  0.000000e+00
   outer loop
     vertex -3.175000e+02  2.425700e+03  1.219200e+03
     vertex -3.175000e+02  1.270000e+02  1.263650e+03
     vertex -3.175000e+02  1.270000e+02  1.219200e+03
   endloop
 endfacet
 facet normal  1.000000e+00  0.000000e+00 -0.000000e+00
   outer loop
     vertex -3.175000e+02  2.425700e+03  1.219200e+03
     vertex -3.175000e+02  2.425700e+03  1.263650e+03
     vertex -3.175000e+02  1.270000e+02  1.263650e+03
   endloop
 endfacet
 facet normal  0.000000e+00  0.000000e+00 -1.000000e+00
   outer loop
     vertex -3.683000e+02  2.425700e+03  1.219200e+03
     vertex -3.175000e+02  1.270000e+02  1.219200e+03
     vertex -3.683000e+02  1.270000e+02  1.219200e+03
   endloop
 endfacet
 facet normal  0.000000e+00  0.000000e+00 -1.000000e+00
   outer loop
     vertex -3.683000e+02  2.425700e+03  1.219200e+03
     vertex -3.175000e+02  2.425700e+03  1.219200e+03
     vertex -3.175000e+02  1.270000e+02  1.219200e+03
   endloop
 endfacet
 facet normal -0.000000e+00 -1.000000e+00  0.000000e+00
   outer loop
     vertex -3.302000e+02  1.270000e+02  1.231900e+03
     vertex -3.683000e+02  1.270000e+02  1.231900e+03
     vertex -3.683000e+02  1.270000e+02  1.219200e+03
   endloop
 endfacet
 facet normal  0.000000e+00 -1.000000e+00 -0.000000e+00
   outer loop
     vertex -3.302000e+02  1.270000e+02  1.231900e+03
     vertex -3.683000e+02  1.270000e+02  1.219200e+03
     vertex -3.175000e+02  1.270000e+02  1.219200e+03
   endloop
 endfacet
 facet normal -0.000000e+00 -1.000000e+00  0.000000e+00
   outer loop
     vertex -3.175000e+02  1.270000e+02  1.263650e+03
     vertex -3.302000e+02  1.270000e+02  1.263650e+03
     vertex -3.302000e+02  1.270000e+02  1.231900e+03
   endloop
 endfacet
 facet normal  0.000000e+00 -1.000000e+00 -0.000000e+00
   outer loop
     vertex -3.175000e+02  1.270000e+02  1.263650e+03
     vertex -3.302000e+02  1.270000e+02  1.231900e+03
     vertex -3.175000e+02  1.270000e+02  1.219200e+03
   endloop
 endfacet
 facet normal  0.000000e+00  1.000000e+00  0.000000e+00
   outer loop
     vertex -3.429000e+02  2.425700e+03  1.117600e+03
     vertex -3.429000e+02  2.425700e+03  1.225550e+03
     vertex -3.302000e+02  2.425700e+03  1.225550e+03
   endloop
 endfacet
 facet normal  0.000000e+00  1.000000e+00  0.000000e+00
   outer loop
     vertex -3.429000e+02  2.425700e+03  1.117600e+03
     vertex -3.302000e+02  2.425700e+03  1.225550e+03
     vertex -3.302000e+02  2.425700e+03  1.117600e+03
   endloop
 endfacet
 facet normal -0.000000e+00  0.000000e+00 -1.000000e+00
   outer loop
     vertex -3.302000e+02  2.425700e+03  1.117600e+03
     vertex -3.429000e+02  1.270000e+02  1.117600e+03
     vertex -3.429000e+02  2.425700e+03  1.117600e+03
   endloop
 endfacet
 facet normal  0.000000e+00 -0.000000e+00 -1.000000e+00
   outer loop
     vertex -3.302000e+02  2.425700e+03  1.117600e+03
     vertex -3.302000e+02  1.270000e+02  1.117600e+03
     vertex -3.429000e+02  1.270000e+02  1.117600e+03
   endloop
 endfacet
 facet normal -1.000000e+00 -0.000000e+00  0.000000e+00
   outer loop
     vertex -3.429000e+02  2.425700e+03  1.225550e+03
     vertex -3.429000e+02  1.270000e+02  1.117600e+03
     vertex -3.429000e+02  1.270000e+02  1.225550e+03
   endloop
 endfacet
 facet normal -1.000000e+00  0.000000e+00  0.000000e+00
   outer loop
     vertex -3.429000e+02  2.425700e+03  1.117600e+03
     vertex -3.429000e+02  1.270000e+02  1.117600e+03
     vertex -3.429000e+02  2.425700e+03  1.225550e+03
   endloop
 endfacet
 facet normal -0.000000e+00  0.000000e+00  1.000000e+00
   outer loop
     vertex -3.429000e+02  2.425700e+03  1.225550e+03
     vertex -3.302000e+02  1.270000e+02  1.225550e+03
     vertex -3.302000e+02  2.425700e+03  1.225550e+03
   endloop
 endfacet
 facet normal  0.000000e+00  0.000000e+00  1.000000e+00
   outer loop
     vertex -3.429000e+02  2.425700e+03  1.225550e+03
     vertex -3.429000e+02  1.270000e+02  1.225550e+03
     vertex -3.302000e+02  1.270000e+02  1.225550e+03
   endloop
 endfacet
 facet normal  1.000000e+00  0.000000e+00  0.000000e+00
   outer loop
     vertex -3.302000e+02  2.425700e+03  1.225550e+03
     vertex -3.302000e+02  1.270000e+02  1.225550e+03
     vertex -3.302000e+02  1.270000e+02  1.117600e+03
   endloop
 endfacet
 facet normal  1.000000e+00  0.000000e+00 -0.000000e+00
   outer loop
     vertex -3.302000e+02  2.425700e+03  1.117600e+03
     vertex -3.302000e+02  2.425700e+03  1.225550e+03
     vertex -3.302000e+02  1.270000e+02  1.117600e+03
   endloop
 endfacet
 facet normal  0.000000e+00 -1.000000e+00 -0.000000e+00
   outer loop
     vertex -3.302000e+02  1.270000e+02  1.225550e+03
     vertex -3.429000e+02  1.270000e+02  1.117600e+03
     vertex -3.302000e+02  1.270000e+02  1.117600e+03
   endloop
 endfacet
 facet normal -0.000000e+00 -1.000000e+00  0.000000e+00
   outer loop
     vertex -3.302000e+02  1.270000e+02  1.225550e+03
     vertex -3.429000e+02  1.270000e+02  1.225550e+03
     vertex -3.429000e+02  1.270000e+02  1.117600e+03
   endloop
 endfacet
 facet normal  0.000000e+00  1.000000e+00  0.000000e+00
   outer loop
     vertex  3.302000e+02  2.425700e+03  1.117600e+03
     vertex  3.302000e+02  2.425700e+03  1.225550e+03
     vertex  3.429000e+02  2.425700e+03  1.225550e+03
   endloop
 endfacet
 facet normal  0.000000e+00  1.000000e+00  0.000000e+00
   outer loop
     vertex  3.302000e+02  2.425700e+03  1.117600e+03
     vertex  3.429000e+02  2.425700e+03  1.225550e+03
     vertex  3.429000e+02  2.425700e+03  1.117600e+03
   endloop
 endfacet
 facet normal -0.000000e+00  0.000000e+00 -1.000000e+00
   outer loop
     vertex  3.429000e+02  2.425700e+03  1.117600e+03
     vertex  3.302000e+02  1.270000e+02  1.117600e+03
     vertex  3.302000e+02  2.425700e+03  1.117600e+03
   endloop
 endfacet
 facet normal  0.000000e+00 -0.000000e+00 -1.000000e+00
   outer loop
     vertex  3.429000e+02  2.425700e+03  1.117600e+03
     vertex  3.429000e+02  1.270000e+02  1.117600e+03
     vertex  3.302000e+02  1.270000e+02  1.117600e+03
   endloop
 endfacet
 facet normal -1.000000e+00 -0.000000e+00  0.000000e+00
   outer loop
     vertex  3.302000e+02  2.425700e+03  1.225550e+03
     vertex  3.302000e+02  1.270000e+02  1.117600e+03
     vertex  3.302000e+02  1.270000e+02  1.225550e+03
   endloop
 endfacet
 facet normal -1.000000e+00  0.000000e+00  0.000000e+00
   outer loop
     vertex  3.302000e+02  2.425700e+03  1.117600e+03
     vertex  3.302000e+02  1.270000e+02  1.117600e+03
     vertex  3.302000e+02  2.425700e+03  1.225550e+03
   endloop
 endfacet
 facet normal -0.000000e+00  0.000000e+00  1.000000e+00
   outer loop
     vertex  3.302000e+02  2.425700e+03  1.225550e+03
     vertex  3.429000e+02  1.270000e+02  1.225550e+03
     vertex  3.429000e+02  2.425700e+03  1.225550e+03
   endloop
 endfacet
 facet normal  0.000000e+00  0.000000e+00  1.000000e+00
   outer loop
     vertex  3.302000e+02  2.425700e+03  1.225550e+03
     vertex  3.302000e+02  1.270000e+02  1.225550e+03
     vertex  3.429000e+02  1.270000e+02  1.225550e+03
   endloop
 endfacet
 facet normal  1.000000e+00  0.000000e+00  0.000000e+00
   outer loop
     vertex  3.429000e+02  2.425700e+03  1.225550e+03
     vertex  3.429000e+02  1.270000e+02  1.225550e+03
     vertex  3.429000e+02  1.270000e+02  1.117600e+03
   endloop
 endfacet
 facet normal  1.000000e+00  0.000000e+00 -0.000000e+00
   outer loop
     vertex  3.429000e+02  2.425700e+03  1.117600e+03
     vertex  3.429000e+02  2.425700e+03  1.225550e+03
     vertex  3.429000e+02  1.270000e+02  1.117600e+03
   endloop
 endfacet
 facet normal  0.000000e+00 -1.000000e+00 -0.000000e+00
   outer loop
     vertex  3.429000e+02  1.270000e+02  1.225550e+03
     vertex  3.302000e+02  1.270000e+02  1.117600e+03
     vertex  3.429000e+02  1.270000e+02  1.117600e+03
   endloop
 endfacet
 facet normal -0.000000e+00 -1.000000e+00  0.000000e+00
   outer loop
     vertex  3.429000e+02  1.270000e+02  1.225550e+03
     vertex  3.302000e+02  1.270000e+02  1.225550e+03
     vertex  3.302000e+02  1.270000e+02  1.117600e+03
   endloop
 endfacet
 facet normal  0.000000e+00  1.000000e+00 -0.000000e+00
   outer loop
     vertex  3.302000e+02  2.425700e+03  1.231900e+03
     vertex  3.175000e+02  2.425700e+03  1.263650e+03
     vertex  3.302000e+02  2.425700e+03  1.263650e+03
   endloop
 endfacet
 facet normal -0.000000e+00  1.000000e+00  0.000000e+00
   outer loop
     vertex  3.302000e+02  2.425700e+03  1.231900e+03
     vertex  3.683000e+02  2.425700e+03  1.231900e+03
     vertex  3.683000e+02  2.425700e+03  1.219200e+03
   endloop
 endfacet
 facet normal  0.000000e+00  1.000000e+00  0.000000e+00
   outer loop
     vertex  3.175000e+02  2.425700e+03  1.219200e+03
     vertex  3.302000e+02  2.425700e+03  1.231900e+03
     vertex  3.683000e+02  2.425700e+03  1.219200e+03
   endloop
 endfacet
 facet normal  0.000000e+00  1.000000e+00  0.000000e+00
   outer loop
     vertex  3.175000e+02  2.425700e+03  1.219200e+03
     vertex  3.175000e+02  2.425700e+03  1.263650e+03
     vertex  3.302000e+02  2.425700e+03  1.231900e+03
   endloop
 endfacet
 facet normal  1.000000e+00  0.000000e+00  0.000000e+00
   outer loop
     vertex  3.683000e+02  2.425700e+03  1.231900e+03
     vertex  3.683000e+02  1.270000e+02  1.219200e+03
     vertex  3.683000e+02  2.425700e+03  1.219200e+03
   endloop
 endfacet
 facet normal  1.000000e+00  0.000000e+00  0.000000e+00
   outer loop
     vertex  3.683000e+02  2.425700e+03  1.231900e+03
     vertex  3.683000e+02  1.270000e+02  1.231900e+03
     vertex  3.683000e+02  1.270000e+02  1.219200e+03
   endloop
 endfacet
 facet normal -0.000000e+00  0.000000e+00 -1.000000e+00
   outer loop
     vertex  3.683000e+02  2.425700e+03  1.219200e+03
     vertex  3.175000e+02  1.270000e+02  1.219200e+03
     vertex  3.175000e+02  2.425700e+03  1.219200e+03
   endloop
 endfacet
 facet normal  0.000000e+00 -0.000000e+00 -1.000000e+00
   outer loop
     vertex  3.683000e+02  2.425700e+03  1.219200e+03
     vertex  3.683000e+02  1.270000e+02  1.219200e+03
     vertex  3.175000e+02  1.270000e+02  1.219200e+03
   endloop
 endfacet
 facet normal -1.000000e+00  0.000000e+00  0.000000e+00
   outer loop
     vertex  3.175000e+02  2.425700e+03  1.219200e+03
     vertex  3.175000e+02  1.270000e+02  1.263650e+03
     vertex  3.175000e+02  2.425700e+03  1.263650e+03
   endloop
 endfacet
 facet normal -1.000000e+00  0.000000e+00  0.000000e+00
   outer loop
     vertex  3.175000e+02  2.425700e+03  1.219200e+03
     vertex  3.175000e+02  1.270000e+02  1.219200e+03
     vertex  3.175000e+02  1.270000e+02  1.263650e+03
   endloop
 endfacet
 facet normal -0.000000e+00  0.000000e+00  1.000000e+00
   outer loop
     vertex  3.175000e+02  2.425700e+03  1.263650e+03
     vertex  3.302000e+02  1.270000e+02  1.263650e+03
     vertex  3.302000e+02  2.425700e+03  1.263650e+03
   endloop
 endfacet
 facet normal  0.000000e+00  0.000000e+00  1.000000e+00
   outer loop
     vertex  3.175000e+02  2.425700e+03  1.263650e+03
     vertex  3.175000e+02  1.270000e+02  1.263650e+03
     vertex  3.302000e+02  1.270000e+02  1.263650e+03
   endloop
 endfacet
 facet normal  1.000000e+00  0.000000e+00  0.000000e+00
   outer loop
     vertex  3.302000e+02  2.425700e+03  1.231900e+03
     vertex  3.302000e+02  1.270000e+02  1.263650e+03
     vertex  3.302000e+02  1.270000e+02  1.231900e+03
   endloop
 endfacet
 facet normal  1.000000e+00  0.000000e+00 -0.000000e+00
   outer loop
     vertex  3.302000e+02  2.425700e+03  1.231900e+03
     vertex  3.302000e+02  2.425700e+03  1.263650e+03
     vertex  3.302000e+02  1.270000e+02  1.263650e+03
   endloop
 endfacet
 facet normal  0.000000e+00  0.000000e+00  1.000000e+00
   outer loop
     vertex  3.683000e+02  2.425700e+03  1.231900e+03
     vertex  3.302000e+02  1.270000e+02  1.231900e+03
     vertex  3.683000e+02  1.270000e+02  1.231900e+03
   endloop
 endfacet
 facet normal  0.000000e+00  0.000000e+00  1.000000e+00
   outer loop
     vertex  3.683000e+02  2.425700e+03  1.231900e+03
     vertex  3.302000e+02  2.425700e+03  1.231900e+03
     vertex  3.302000e+02  1.270000e+02  1.231900e+03
   endloop
 endfacet
 facet normal  0.000000e+00 -1.000000e+00  0.000000e+00
   outer loop
     vertex  3.175000e+02  1.270000e+02  1.263650e+03
     vertex  3.175000e+02  1.270000e+02  1.219200e+03
     vertex  3.302000e+02  1.270000e+02  1.231900e+03
   endloop
 endfacet
 facet normal  0.000000e+00 -1.000000e+00  0.000000e+00
   outer loop
     vertex  3.683000e+02  1.270000e+02  1.219200e+03
     vertex  3.302000e+02  1.270000e+02  1.231900e+03
     vertex  3.175000e+02  1.270000e+02  1.219200e+03
   endloop
 endfacet
 facet normal -0.000000e+00 -1.000000e+00 -0.000000e+00
   outer loop
     vertex  3.302000e+02  1.270000e+02  1.263650e+03
     vertex  3.175000e+02  1.270000e+02  1.263650e+03
     vertex  3.302000e+02  1.270000e+02  1.231900e+03
   endloop
 endfacet
 facet normal -0.000000e+00 -1.000000e+00 -0.000000e+00
   outer loop
     vertex  3.683000e+02  1.270000e+02  1.231900e+03
     vertex  3.302000e+02  1.270000e+02  1.231900e+03
     vertex  3.683000e+02  1.270000e+02  1.219200e+03
   endloop
 endfacet
 facet normal  3.580688e-14  0.000000e+00  1.000000e+00
   outer loop
     vertex  4.191000e+02  2.425700e+03  1.098550e+03
     vertex  3.937000e+02  2.425700e+03  1.098550e+03
     vertex  3.937000e+02  1.270000e+02  1.098550e+03
   endloop
 endfacet
 facet normal  3.580688e-14  0.000000e+00  1.000000e+00
   outer loop
     vertex  4.191000e+02  2.425700e+03  1.098550e+03
     vertex  3.937000e+02  1.270000e+02  1.098550e+03
     vertex  4.191000e+02  1.270000e+02  1.098550e+03
   endloop
 endfacet
 facet normal  1.790344e-14  0.000000e+00  1.000000e+00
   outer loop
     vertex -3.810000e+02  2.425700e+03  1.098550e+03
     vertex -3.810000e+02  1.270000e+02  1.098550e+03
     vertex -3.556000e+02  1.270000e+02  1.098550e+03
   endloop
 endfacet
 facet normal  0.000000e+00 -1.978281e-16  1.000000e+00
   outer loop
     vertex -3.556000e+02  2.425700e+03  1.098550e+03
     vertex -3.810000e+02  2.425700e+03  1.098550e+03
     vertex -3.556000e+02  1.270000e+02  1.098550e+03
   endloop
 endfacet
 facet normal  1.432275e-15 -7.618485e-17  1.000000e+00
   outer loop
     vertex -2.540000e+02  1.320800e+03  1.054100e+03
     vertex -3.175000e+02  1.270000e+02  1.054100e+03
     vertex  3.175000e+02  1.270000e+02  1.054100e+03
   endloop
 endfacet
 facet normal  1.790344e-15  9.523106e-17  1.000000e+00
   outer loop
     vertex  2.540000e+02  1.320800e+03  1.054100e+03
     vertex -2.540000e+02  1.320800e+03  1.054100e+03
     vertex  3.175000e+02  1.270000e+02  1.054100e+03
   endloop
 endfacet
 facet normal  4.450283e-15  2.557634e-16  1.000000e+00
   outer loop
     vertex -3.175000e+02  2.425700e+03  1.054100e+03
     vertex -2.540000e+02  1.320800e+03  1.054100e+03
     vertex -2.540000e+02  2.209800e+03  1.054100e+03
   endloop
 endfacet
 facet normal  1.342758e-15 -3.949288e-16  1.000000e+00
   outer loop
     vertex  3.175000e+02  2.425700e+03  1.054100e+03
     vertex -2.540000e+02  2.209800e+03  1.054100e+03
     vertex  2.540000e+02  2.209800e+03  1.054100e+03
   endloop
 endfacet
 facet normal  0.000000e+00  0.000000e+00  1.000000e+00
   outer loop
     vertex  3.175000e+02  2.425700e+03  1.054100e+03
     vertex  2.540000e+02  2.209800e+03  1.054100e+03
     vertex  2.540000e+02  1.320800e+03  1.054100e+03
   endloop
 endfacet
 facet normal  1.432275e-15 -6.318861e-16  1.000000e+00
   outer loop
     vertex  3.175000e+02  2.425700e+03  1.054100e+03
     vertex -3.175000e+02  2.425700e+03  1.054100e+03
     vertex -2.540000e+02  2.209800e+03  1.054100e+03
   endloop
 endfacet
 facet normal  0.000000e+00 -0.000000e+00  1.000000e+00
   outer loop
     vertex  3.175000e+02  1.270000e+02  1.054100e+03
     vertex  3.175000e+02  2.425700e+03  1.054100e+03
     vertex  2.540000e+02  1.320800e+03  1.054100e+03
   endloop
 endfacet
 facet normal  0.000000e+00  0.000000e+00  1.000000e+00
   outer loop
     vertex -3.175000e+02  2.425700e+03  1.054100e+03
     vertex -3.175000e+02  1.270000e+02  1.054100e+03
     vertex -2.540000e+02  1.320800e+03  1.054100e+03
   endloop
 endfacet
 facet normal  1.000000e+00 -4.945701e-17  0.000000e+00
   outer loop
     vertex -3.175000e+02  2.425700e+03  1.060450e+03
     vertex -3.175000e+02  1.270000e+02  1.060450e+03
     vertex -3.175000e+02  1.270000e+02  1.054100e+03
   endloop
 endfacet
 facet normal  1.000000e+00  0.000000e+00 -1.790344e-14
   outer loop
     vertex -3.175000e+02  2.425700e+03  1.054100e+03
     vertex -3.175000e+02  2.425700e+03  1.060450e+03
     vertex -3.175000e+02  1.270000e+02  1.054100e+03
   endloop
 endfacet
 facet normal  1.119645e-01 -8.721722e-17  9.937122e-01
   outer loop
     vertex -3.471220e+02  2.425700e+03  1.097595e+03
     vertex -3.556000e+02  1.270000e+02  1.098550e+03
     vertex -3.471220e+02  1.270000e+02  1.097595e+03
   endloop
 endfacet
 facet normal  1.119645e-01 -1.993576e-16  9.937122e-01
   outer loop
     vertex -3.471220e+02  2.425700e+03  1.097595e+03
     vertex -3.556000e+02  2.425700e+03  1.098550e+03
     vertex -3.556000e+02  1.270000e+02  1.098550e+03
   endloop
 endfacet
 facet normal  3.302791e-01  2.450192e-17  9.438833e-01
   outer loop
     vertex -3.390690e+02  2.425700e+03  1.094777e+03
     vertex -3.471220e+02  1.270000e+02  1.097595e+03
     vertex -3.390690e+02  1.270000e+02  1.094777e+03
   endloop
 endfacet
 facet normal  3.302791e-01 -6.068586e-17  9.438833e-01
   outer loop
     vertex -3.390690e+02  2.425700e+03  1.094777e+03
     vertex -3.471220e+02  2.425700e+03  1.097595e+03
     vertex -3.471220e+02  1.270000e+02  1.097595e+03
   endloop
 endfacet
 facet normal  5.320321e-01 -4.428382e-17  8.467242e-01
   outer loop
     vertex -3.318450e+02  2.425700e+03  1.090238e+03
     vertex -3.390690e+02  1.270000e+02  1.094777e+03
     vertex -3.318450e+02  1.270000e+02  1.090238e+03
   endloop
 endfacet
 facet normal  5.320321e-01  3.949110e-17  8.467242e-01
   outer loop
     vertex -3.318450e+02  2.425700e+03  1.090238e+03
     vertex -3.390690e+02  2.425700e+03  1.094777e+03
     vertex -3.390690e+02  1.270000e+02  1.094777e+03
   endloop
 endfacet
 facet normal  7.071068e-01  1.748569e-17  7.071068e-01
   outer loop
     vertex -3.258122e+02  2.425700e+03  1.084205e+03
     vertex -3.318450e+02  1.270000e+02  1.090238e+03
     vertex -3.258122e+02  1.270000e+02  1.084205e+03
   endloop
 endfacet
 facet normal  7.071068e-01 -1.739057e-17  7.071068e-01
   outer loop
     vertex -3.258122e+02  2.425700e+03  1.084205e+03
     vertex -3.318450e+02  2.425700e+03  1.090238e+03
     vertex -3.318450e+02  1.270000e+02  1.090238e+03
   endloop
 endfacet
 facet normal  8.467242e-01  2.093823e-17  5.320321e-01
   outer loop
     vertex -3.212731e+02  2.425700e+03  1.076981e+03
     vertex -3.258122e+02  1.270000e+02  1.084205e+03
     vertex -3.212731e+02  1.270000e+02  1.076981e+03
   endloop
 endfacet
 facet normal  8.467242e-01  2.101361e-17  5.320321e-01
   outer loop
     vertex -3.212731e+02  2.425700e+03  1.076981e+03
     vertex -3.258122e+02  2.425700e+03  1.084205e+03
     vertex -3.258122e+02  1.270000e+02  1.084205e+03
   endloop
 endfacet
 facet normal  9.438833e-01  0.000000e+00  3.302791e-01
   outer loop
     vertex -3.184552e+02  2.425700e+03  1.068928e+03
     vertex -3.212731e+02  1.270000e+02  1.076981e+03
     vertex -3.184552e+02  1.270000e+02  1.068928e+03
   endloop
 endfacet
 facet normal  9.438833e-01  2.318743e-17  3.302791e-01
   outer loop
     vertex -3.184552e+02  2.425700e+03  1.068928e+03
     vertex -3.212731e+02  2.425700e+03  1.076981e+03
     vertex -3.212731e+02  1.270000e+02  1.076981e+03
   endloop
 endfacet
 facet normal  9.937122e-01 -4.914604e-17  1.119645e-01
   outer loop
     vertex -3.175000e+02  2.425700e+03  1.060450e+03
     vertex -3.184552e+02  1.270000e+02  1.068928e+03
     vertex -3.175000e+02  1.270000e+02  1.060450e+03
   endloop
 endfacet
 facet normal  9.937122e-01  0.000000e+00  1.119645e-01
   outer loop
     vertex -3.175000e+02  2.425700e+03  1.060450e+03
     vertex -3.184552e+02  2.425700e+03  1.068928e+03
     vertex -3.184552e+02  1.270000e+02  1.068928e+03
   endloop
 endfacet
 facet normal  0.000000e+00  0.000000e+00  1.000000e+00
   outer loop
     vertex -3.937000e+02  2.425700e+03  1.098550e+03
     vertex -4.191000e+02  2.425700e+03  1.098550e+03
     vertex -4.191000e+02  1.270000e+02  1.098550e+03
   endloop
 endfacet
 facet normal  0.000000e+00  0.000000e+00  1.000000e+00
   outer loop
     vertex -3.937000e+02  2.425700e+03  1.098550e+03
     vertex -4.191000e+02  1.270000e+02  1.098550e+03
     vertex -3.937000e+02  1.270000e+02  1.098550e+03
   endloop
 endfacet
 facet normal -1.000000e+00 -2.472851e-17  0.000000e+00
   outer loop
     vertex -4.191000e+02  2.425700e+03  1.022350e+03
     vertex -4.191000e+02  1.270000e+02  1.022350e+03
     vertex -4.191000e+02  1.270000e+02  1.098550e+03
   endloop
 endfacet
 facet normal -1.000000e+00  0.000000e+00  7.459766e-16
   outer loop
     vertex -4.191000e+02  2.425700e+03  1.098550e+03
     vertex -4.191000e+02  2.425700e+03  1.022350e+03
     vertex -4.191000e+02  1.270000e+02  1.098550e+03
   endloop
 endfacet
 facet normal -7.071068e-01 -0.000000e+00 -7.071068e-01
   outer loop
     vertex -3.683000e+02  2.425700e+03  9.715500e+02
     vertex -3.683000e+02  1.270000e+02  9.715500e+02
     vertex -4.191000e+02  1.270000e+02  1.022350e+03
   endloop
 endfacet
 facet normal -7.071068e-01 -1.748569e-17 -7.071068e-01
   outer loop
     vertex -4.191000e+02  2.425700e+03  1.022350e+03
     vertex -3.683000e+02  2.425700e+03  9.715500e+02
     vertex -4.191000e+02  1.270000e+02  1.022350e+03
   endloop
 endfacet
 facet normal  0.000000e+00  0.000000e+00 -1.000000e+00
   outer loop
     vertex -3.683000e+02  2.425700e+03  9.715500e+02
     vertex -3.175000e+02  1.270000e+02  9.715500e+02
     vertex -3.683000e+02  1.270000e+02  9.715500e+02
   endloop
 endfacet
 facet normal  0.000000e+00  0.000000e+00 -1.000000e+00
   outer loop
     vertex -3.683000e+02  2.425700e+03  9.715500e+02
     vertex -3.175000e+02  2.425700e+03  9.715500e+02
     vertex -3.175000e+02  1.270000e+02  9.715500e+02
   endloop
 endfacet
 facet normal  1.000000e+00  4.945701e-17 -1.790344e-14
   outer loop
     vertex -3.175000e+02  2.425700e+03  9.779000e+02
     vertex -3.175000e+02  1.270000e+02  9.779000e+02
     vertex -3.175000e+02  1.270000e+02  9.715500e+02
   endloop
 endfacet
 facet normal  1.000000e+00  0.000000e+00 -0.000000e+00
   outer loop
     vertex -3.175000e+02  2.425700e+03  9.715500e+02
     vertex -3.175000e+02  2.425700e+03  9.779000e+02
     vertex -3.175000e+02  1.270000e+02  9.715500e+02
   endloop
 endfacet
 facet normal -5.371032e-16  2.856932e-17 -1.000000e+00
   outer loop
     vertex -2.540000e+02  1.320800e+03  9.779000e+02
     vertex  3.175000e+02  1.270000e+02  9.779000e+02
     vertex -3.175000e+02  1.270000e+02  9.779000e+02
   endloop
 endfacet
 facet normal -6.713790e-16 -3.571165e-17 -1.000000e+00
   outer loop
     vertex -2.540000e+02  1.320800e+03  9.779000e+02
     vertex  2.540000e+02  1.320800e+03  9.779000e+02
     vertex  3.175000e+02  1.270000e+02  9.779000e+02
   endloop
 endfacet
 facet normal  0.000000e+00  0.000000e+00 -1.000000e+00
   outer loop
     vertex  3.175000e+02  2.425700e+03  9.779000e+02
     vertex  2.540000e+02  1.320800e+03  9.779000e+02
     vertex  2.540000e+02  2.209800e+03  9.779000e+02
   endloop
 endfacet
 facet normal -6.713790e-16  1.974644e-16 -1.000000e+00
   outer loop
     vertex -2.540000e+02  2.209800e+03  9.779000e+02
     vertex  3.175000e+02  2.425700e+03  9.779000e+02
     vertex  2.540000e+02  2.209800e+03  9.779000e+02
   endloop
 endfacet
 facet normal  0.000000e+00  0.000000e+00 -1.000000e+00
   outer loop
     vertex -3.175000e+02  2.425700e+03  9.779000e+02
     vertex -2.540000e+02  2.209800e+03  9.779000e+02
     vertex -2.540000e+02  1.320800e+03  9.779000e+02
   endloop
 endfacet
 facet normal -5.371032e-16 -1.579715e-16 -1.000000e+00
   outer loop
     vertex -3.175000e+02  2.425700e+03  9.779000e+02
     vertex  3.175000e+02  2.425700e+03  9.779000e+02
     vertex -2.540000e+02  2.209800e+03  9.779000e+02
   endloop
 endfacet
 facet normal  0.000000e+00  0.000000e+00 -1.000000e+00
   outer loop
     vertex -3.175000e+02  1.270000e+02  9.779000e+02
     vertex -3.175000e+02  2.425700e+03  9.779000e+02
     vertex -2.540000e+02  1.320800e+03  9.779000e+02
   endloop
 endfacet
 facet normal  0.000000e+00 -0.000000e+00 -1.000000e+00
   outer loop
     vertex  3.175000e+02  2.425700e+03  9.779000e+02
     vertex  3.175000e+02  1.270000e+02  9.779000e+02
     vertex  2.540000e+02  1.320800e+03  9.779000e+02
   endloop
 endfacet
 facet normal -1.000000e+00  0.000000e+00  0.000000e+00
   outer loop
     vertex  3.175000e+02  2.425700e+03  9.715500e+02
     vertex  3.175000e+02  1.270000e+02  9.715500e+02
     vertex  3.175000e+02  1.270000e+02  9.779000e+02
   endloop
 endfacet
 facet normal -1.000000e+00 -0.000000e+00 -0.000000e+00
   outer loop
     vertex  3.175000e+02  2.425700e+03  9.779000e+02
     vertex  3.175000e+02  2.425700e+03  9.715500e+02
     vertex  3.175000e+02  1.270000e+02  9.779000e+02
   endloop
 endfacet
 facet normal  0.000000e+00  0.000000e+00 -1.000000e+00
   outer loop
     vertex  3.175000e+02  2.425700e+03  9.715500e+02
     vertex  3.683000e+02  1.270000e+02  9.715500e+02
     vertex  3.175000e+02  1.270000e+02  9.715500e+02
   endloop
 endfacet
 facet normal  0.000000e+00  0.000000e+00 -1.000000e+00
   outer loop
     vertex  3.175000e+02  2.425700e+03  9.715500e+02
     vertex  3.683000e+02  2.425700e+03  9.715500e+02
     vertex  3.683000e+02  1.270000e+02  9.715500e+02
   endloop
 endfacet
 facet normal  7.071068e-01  0.000000e+00 -7.071068e-01
   outer loop
     vertex  4.191000e+02  2.425700e+03  1.022350e+03
     vertex  4.191000e+02  1.270000e+02  1.022350e+03
     vertex  3.683000e+02  1.270000e+02  9.715500e+02
   endloop
 endfacet
 facet normal  7.071068e-01  0.000000e+00 -7.071068e-01
   outer loop
     vertex  3.683000e+02  2.425700e+03  9.715500e+02
     vertex  4.191000e+02  2.425700e+03  1.022350e+03
     vertex  3.683000e+02  1.270000e+02  9.715500e+02
   endloop
 endfacet
 facet normal  1.000000e+00  0.000000e+00  0.000000e+00
   outer loop
     vertex  4.191000e+02  2.425700e+03  1.098550e+03
     vertex  4.191000e+02  1.270000e+02  1.098550e+03
     vertex  4.191000e+02  1.270000e+02  1.022350e+03
   endloop
 endfacet
 facet normal  1.000000e+00  0.000000e+00 -0.000000e+00
   outer loop
     vertex  4.191000e+02  2.425700e+03  1.022350e+03
     vertex  4.191000e+02  2.425700e+03  1.098550e+03
     vertex  4.191000e+02  1.270000e+02  1.022350e+03
   endloop
 endfacet
 facet normal  8.951720e-15  9.891403e-17  1.000000e+00
   outer loop
     vertex  3.556000e+02  2.425700e+03  1.098550e+03
     vertex  3.556000e+02  1.270000e+02  1.098550e+03
     vertex  3.810000e+02  1.270000e+02  1.098550e+03
   endloop
 endfacet
 facet normal -4.475860e-14 -4.945701e-16  1.000000e+00
   outer loop
     vertex  3.810000e+02  2.425700e+03  1.098550e+03
     vertex  3.556000e+02  2.425700e+03  1.098550e+03
     vertex  3.810000e+02  1.270000e+02  1.098550e+03
   endloop
 endfacet
 facet normal -9.937122e-01  0.000000e+00  1.119645e-01
   outer loop
     vertex  3.184552e+02  2.425700e+03  1.068928e+03
     vertex  3.175000e+02  1.270000e+02  1.060450e+03
     vertex  3.184552e+02  1.270000e+02  1.068928e+03
   endloop
 endfacet
 facet normal -9.937122e-01  0.000000e+00  1.119645e-01
   outer loop
     vertex  3.184552e+02  2.425700e+03  1.068928e+03
     vertex  3.175000e+02  2.425700e+03  1.060450e+03
     vertex  3.175000e+02  1.270000e+02  1.060450e+03
   endloop
 endfacet
 facet normal -8.467242e-01  0.000000e+00  5.320321e-01
   outer loop
     vertex  3.212731e+02  2.425700e+03  1.076981e+03
     vertex  3.212731e+02  1.270000e+02  1.076981e+03
     vertex  3.258122e+02  1.270000e+02  1.084205e+03
   endloop
 endfacet
 facet normal -9.438833e-01  0.000000e+00  3.302791e-01
   outer loop
     vertex  3.212731e+02  2.425700e+03  1.076981e+03
     vertex  3.184552e+02  1.270000e+02  1.068928e+03
     vertex  3.212731e+02  1.270000e+02  1.076981e+03
   endloop
 endfacet
 facet normal -9.438833e-01  0.000000e+00  3.302791e-01
   outer loop
     vertex  3.212731e+02  2.425700e+03  1.076981e+03
     vertex  3.184552e+02  2.425700e+03  1.068928e+03
     vertex  3.184552e+02  1.270000e+02  1.068928e+03
   endloop
 endfacet
 facet normal -8.467242e-01  0.000000e+00  5.320321e-01
   outer loop
     vertex  3.258122e+02  2.425700e+03  1.084205e+03
     vertex  3.212731e+02  2.425700e+03  1.076981e+03
     vertex  3.258122e+02  1.270000e+02  1.084205e+03
   endloop
 endfacet
 facet normal -7.071068e-01  0.000000e+00  7.071068e-01
   outer loop
     vertex  3.318450e+02  2.425700e+03  1.090238e+03
     vertex  3.258122e+02  1.270000e+02  1.084205e+03
     vertex  3.318450e+02  1.270000e+02  1.090238e+03
   endloop
 endfacet
 facet normal -7.071068e-01  0.000000e+00  7.071068e-01
   outer loop
     vertex  3.318450e+02  2.425700e+03  1.090238e+03
     vertex  3.258122e+02  2.425700e+03  1.084205e+03
     vertex  3.258122e+02  1.270000e+02  1.084205e+03
   endloop
 endfacet
 facet normal -5.320321e-01  0.000000e+00  8.467242e-01
   outer loop
     vertex  3.390690e+02  2.425700e+03  1.094777e+03
     vertex  3.318450e+02  1.270000e+02  1.090238e+03
     vertex  3.390690e+02  1.270000e+02  1.094777e+03
   endloop
 endfacet
 facet normal -5.320321e-01  0.000000e+00  8.467242e-01
   outer loop
     vertex  3.390690e+02  2.425700e+03  1.094777e+03
     vertex  3.318450e+02  2.425700e+03  1.090238e+03
     vertex  3.318450e+02  1.270000e+02  1.090238e+03
   endloop
 endfacet
 facet normal -3.302791e-01  0.000000e+00  9.438833e-01
   outer loop
     vertex  3.471220e+02  2.425700e+03  1.097595e+03
     vertex  3.390690e+02  1.270000e+02  1.094777e+03
     vertex  3.471220e+02  1.270000e+02  1.097595e+03
   endloop
 endfacet
 facet normal -3.302791e-01  0.000000e+00  9.438833e-01
   outer loop
     vertex  3.471220e+02  2.425700e+03  1.097595e+03
     vertex  3.390690e+02  2.425700e+03  1.094777e+03
     vertex  3.390690e+02  1.270000e+02  1.094777e+03
   endloop
 endfacet
 facet normal -1.119645e-01  9.829208e-17  9.937122e-01
   outer loop
     vertex  3.556000e+02  2.425700e+03  1.098550e+03
     vertex  3.471220e+02  1.270000e+02  1.097595e+03
     vertex  3.556000e+02  1.270000e+02  1.098550e+03
   endloop
 endfacet
 facet normal -1.119645e-01  0.000000e+00  9.937122e-01
   outer loop
     vertex  3.556000e+02  2.425700e+03  1.098550e+03
     vertex  3.471220e+02  2.425700e+03  1.097595e+03
     vertex  3.471220e+02  1.270000e+02  1.097595e+03
   endloop
 endfacet
 facet normal -1.000000e+00  0.000000e+00  0.000000e+00
   outer loop
     vertex  3.175000e+02  2.425700e+03  1.054100e+03
     vertex  3.175000e+02  1.270000e+02  1.054100e+03
     vertex  3.175000e+02  1.270000e+02  1.060450e+03
   endloop
 endfacet
 facet normal -1.000000e+00 -0.000000e+00 -0.000000e+00
   outer loop
     vertex  3.175000e+02  2.425700e+03  1.060450e+03
     vertex  3.175000e+02  2.425700e+03  1.054100e+03
     vertex  3.175000e+02  1.270000e+02  1.060450e+03
   endloop
 endfacet
 facet normal  0.000000e+00  1.000000e+00 -0.000000e+00
   outer loop
     vertex -3.937000e+02  2.425700e+03  1.193800e+03
     vertex -4.254500e+02  2.425700e+03  1.206500e+03
     vertex -3.810000e+02  2.425700e+03  1.206500e+03
   endloop
 endfacet
 facet normal  0.000000e+00  1.000000e+00  0.000000e+00
   outer loop
     vertex -3.937000e+02  2.425700e+03  1.193800e+03
     vertex -4.254500e+02  2.425700e+03  1.193800e+03
     vertex -4.254500e+02  2.425700e+03  1.206500e+03
   endloop
 endfacet
 facet normal  0.000000e+00  1.000000e+00  0.000000e+00
   outer loop
     vertex -3.810000e+02  2.425700e+03  1.098550e+03
     vertex -3.937000e+02  2.425700e+03  1.098550e+03
     vertex -3.937000e+02  2.425700e+03  1.193800e+03
   endloop
 endfacet
 facet normal  0.000000e+00  1.000000e+00  0.000000e+00
   outer loop
     vertex -4.191000e+02  2.425700e+03  1.022350e+03
     vertex -4.191000e+02  2.425700e+03  1.098550e+03
     vertex -3.937000e+02  2.425700e+03  1.098550e+03
   endloop
 endfacet
 facet normal  0.000000e+00  1.000000e+00  0.000000e+00
   outer loop
     vertex -4.191000e+02  2.425700e+03  1.022350e+03
     vertex -3.937000e+02  2.425700e+03  1.098550e+03
     vertex -3.810000e+02  2.425700e+03  1.098550e+03
   endloop
 endfacet
 facet normal  0.000000e+00  1.000000e+00  0.000000e+00
   outer loop
     vertex -3.390690e+02  2.425700e+03  1.094777e+03
     vertex -3.556000e+02  2.425700e+03  1.098550e+03
     vertex -3.471220e+02  2.425700e+03  1.097595e+03
   endloop
 endfacet
 facet normal  0.000000e+00  1.000000e+00  0.000000e+00
   outer loop
     vertex -3.258122e+02  2.425700e+03  1.084205e+03
     vertex -3.390690e+02  2.425700e+03  1.094777e+03
     vertex -3.318450e+02  2.425700e+03  1.090238e+03
   endloop
 endfacet
 facet normal  0.000000e+00  1.000000e+00  0.000000e+00
   outer loop
     vertex -3.258122e+02  2.425700e+03  1.084205e+03
     vertex -3.556000e+02  2.425700e+03  1.098550e+03
     vertex -3.390690e+02  2.425700e+03  1.094777e+03
   endloop
 endfacet
 facet normal  0.000000e+00  1.000000e+00  0.000000e+00
   outer loop
     vertex -3.212731e+02  2.425700e+03  1.076981e+03
     vertex -3.556000e+02  2.425700e+03  1.098550e+03
     vertex -3.258122e+02  2.425700e+03  1.084205e+03
   endloop
 endfacet
 facet normal  0.000000e+00  1.000000e+00  0.000000e+00
   outer loop
     vertex -3.175000e+02  2.425700e+03  1.060450e+03
     vertex -3.212731e+02  2.425700e+03  1.076981e+03
     vertex -3.184552e+02  2.425700e+03  1.068928e+03
   endloop
 endfacet
 facet normal  0.000000e+00  1.000000e+00  0.000000e+00
   outer loop
     vertex -3.175000e+02  2.425700e+03  1.060450e+03
     vertex -3.556000e+02  2.425700e+03  1.098550e+03
     vertex -3.212731e+02  2.425700e+03  1.076981e+03
   endloop
 endfacet
 facet normal  0.000000e+00  1.000000e+00  0.000000e+00
   outer loop
     vertex -3.175000e+02  2.425700e+03  1.054100e+03
     vertex -3.810000e+02  2.425700e+03  1.098550e+03
     vertex -3.556000e+02  2.425700e+03  1.098550e+03
   endloop
 endfacet
 facet normal  0.000000e+00  1.000000e+00  0.000000e+00
   outer loop
     vertex -3.175000e+02  2.425700e+03  1.054100e+03
     vertex -4.191000e+02  2.425700e+03  1.022350e+03
     vertex -3.810000e+02  2.425700e+03  1.098550e+03
   endloop
 endfacet
 facet normal  0.000000e+00  1.000000e+00 -0.000000e+00
   outer loop
     vertex -3.175000e+02  2.425700e+03  1.054100e+03
     vertex -3.556000e+02  2.425700e+03  1.098550e+03
     vertex -3.175000e+02  2.425700e+03  1.060450e+03
   endloop
 endfacet
 facet normal  0.000000e+00  1.000000e+00 -0.000000e+00
   outer loop
     vertex -3.683000e+02  2.425700e+03  9.715500e+02
     vertex -4.191000e+02  2.425700e+03  1.022350e+03
     vertex -3.175000e+02  2.425700e+03  1.054100e+03
   endloop
 endfacet
 facet normal  0.000000e+00  1.000000e+00 -0.000000e+00
   outer loop
     vertex -3.175000e+02  2.425700e+03  9.779000e+02
     vertex -3.683000e+02  2.425700e+03  9.715500e+02
     vertex -3.175000e+02  2.425700e+03  1.054100e+03
   endloop
 endfacet
 facet normal  0.000000e+00  1.000000e+00 -0.000000e+00
   outer loop
     vertex -3.175000e+02  2.425700e+03  9.715500e+02
     vertex -3.683000e+02  2.425700e+03  9.715500e+02
     vertex -3.175000e+02  2.425700e+03  9.779000e+02
   endloop
 endfacet
 facet normal  0.000000e+00  1.000000e+00  0.000000e+00
   outer loop
     vertex  4.254500e+02  2.425700e+03  1.206500e+03
     vertex  3.937000e+02  2.425700e+03  1.193800e+03
     vertex  3.810000e+02  2.425700e+03  1.206500e+03
   endloop
 endfacet
 facet normal  0.000000e+00  1.000000e+00 -0.000000e+00
   outer loop
     vertex  4.254500e+02  2.425700e+03  1.193800e+03
     vertex  3.937000e+02  2.425700e+03  1.193800e+03
     vertex  4.254500e+02  2.425700e+03  1.206500e+03
   endloop
 endfacet
 facet normal  0.000000e+00  1.000000e+00  0.000000e+00
   outer loop
     vertex  3.212731e+02  2.425700e+03  1.076981e+03
     vertex  3.258122e+02  2.425700e+03  1.084205e+03
     vertex  3.318450e+02  2.425700e+03  1.090238e+03
   endloop
 endfacet
 facet normal  0.000000e+00  1.000000e+00  0.000000e+00
   outer loop
     vertex  3.184552e+02  2.425700e+03  1.068928e+03
     vertex  3.212731e+02  2.425700e+03  1.076981e+03
     vertex  3.318450e+02  2.425700e+03  1.090238e+03
   endloop
 endfacet
 facet normal  0.000000e+00  1.000000e+00  0.000000e+00
   outer loop
     vertex  3.184552e+02  2.425700e+03  1.068928e+03
     vertex  3.318450e+02  2.425700e+03  1.090238e+03
     vertex  3.390690e+02  2.425700e+03  1.094777e+03
   endloop
 endfacet
 facet normal  0.000000e+00  1.000000e+00  0.000000e+00
   outer loop
     vertex  3.556000e+02  2.425700e+03  1.098550e+03
     vertex  3.390690e+02  2.425700e+03  1.094777e+03
     vertex  3.471220e+02  2.425700e+03  1.097595e+03
   endloop
 endfacet
 facet normal  0.000000e+00  1.000000e+00  0.000000e+00
   outer loop
     vertex  3.175000e+02  2.425700e+03  1.060450e+03
     vertex  3.390690e+02  2.425700e+03  1.094777e+03
     vertex  3.556000e+02  2.425700e+03  1.098550e+03
   endloop
 endfacet
 facet normal  0.000000e+00  1.000000e+00  0.000000e+00
   outer loop
     vertex  3.175000e+02  2.425700e+03  1.060450e+03
     vertex  3.184552e+02  2.425700e+03  1.068928e+03
     vertex  3.390690e+02  2.425700e+03  1.094777e+03
   endloop
 endfacet
 facet normal  0.000000e+00  1.000000e+00  0.000000e+00
   outer loop
     vertex  3.175000e+02  2.425700e+03  1.054100e+03
     vertex  3.175000e+02  2.425700e+03  1.060450e+03
     vertex  3.556000e+02  2.425700e+03  1.098550e+03
   endloop
 endfacet
 facet normal  0.000000e+00  1.000000e+00  0.000000e+00
   outer loop
     vertex  3.175000e+02  2.425700e+03  1.054100e+03
     vertex -3.175000e+02  2.425700e+03  9.779000e+02
     vertex -3.175000e+02  2.425700e+03  1.054100e+03
   endloop
 endfacet
 facet normal  0.000000e+00  1.000000e+00  0.000000e+00
   outer loop
     vertex  3.810000e+02  2.425700e+03  1.098550e+03
     vertex  3.175000e+02  2.425700e+03  1.054100e+03
     vertex  3.556000e+02  2.425700e+03  1.098550e+03
   endloop
 endfacet
 facet normal  0.000000e+00  1.000000e+00 -0.000000e+00
   outer loop
     vertex  3.937000e+02  2.425700e+03  1.098550e+03
     vertex  3.810000e+02  2.425700e+03  1.098550e+03
     vertex  3.937000e+02  2.425700e+03  1.193800e+03
   endloop
 endfacet
 facet normal  0.000000e+00  1.000000e+00 -0.000000e+00
   outer loop
     vertex  3.175000e+02  2.425700e+03  9.779000e+02
     vertex -3.175000e+02  2.425700e+03  9.779000e+02
     vertex  3.175000e+02  2.425700e+03  1.054100e+03
   endloop
 endfacet
 facet normal  0.000000e+00  1.000000e+00  0.000000e+00
   outer loop
     vertex  4.191000e+02  2.425700e+03  1.022350e+03
     vertex  3.175000e+02  2.425700e+03  1.054100e+03
     vertex  3.810000e+02  2.425700e+03  1.098550e+03
   endloop
 endfacet
 facet normal  0.000000e+00  1.000000e+00  0.000000e+00
   outer loop
     vertex  4.191000e+02  2.425700e+03  1.022350e+03
     vertex  3.810000e+02  2.425700e+03  1.098550e+03
     vertex  3.937000e+02  2.425700e+03  1.098550e+03
   endloop
 endfacet
 facet normal  0.000000e+00  1.000000e+00 -0.000000e+00
   outer loop
     vertex  4.191000e+02  2.425700e+03  1.022350e+03
     vertex  3.937000e+02  2.425700e+03  1.098550e+03
     vertex  4.191000e+02  2.425700e+03  1.098550e+03
   endloop
 endfacet
 facet normal  0.000000e+00  1.000000e+00  0.000000e+00
   outer loop
     vertex  3.683000e+02  2.425700e+03  9.715500e+02
     vertex  3.175000e+02  2.425700e+03  9.715500e+02
     vertex  3.175000e+02  2.425700e+03  9.779000e+02
   endloop
 endfacet
 facet normal  0.000000e+00  1.000000e+00 -0.000000e+00
   outer loop
     vertex  3.683000e+02  2.425700e+03  9.715500e+02
     vertex  3.175000e+02  2.425700e+03  1.054100e+03
     vertex  4.191000e+02  2.425700e+03  1.022350e+03
   endloop
 endfacet
 facet normal  0.000000e+00  1.000000e+00  0.000000e+00
   outer loop
     vertex  3.683000e+02  2.425700e+03  9.715500e+02
     vertex  3.175000e+02  2.425700e+03  9.779000e+02
     vertex  3.175000e+02  2.425700e+03  1.054100e+03
   endloop
 endfacet
 facet normal  0.000000e+00  1.000000e+00 -0.000000e+00
   outer loop
     vertex -3.810000e+02  2.425700e+03  1.098550e+03
     vertex -3.937000e+02  2.425700e+03  1.193800e+03
     vertex -3.810000e+02  2.425700e+03  1.206500e+03
   endloop
 endfacet
 facet normal  0.000000e+00  1.000000e+00  0.000000e+00
   outer loop
     vertex  3.810000e+02  2.425700e+03  1.206500e+03
     vertex  3.937000e+02  2.425700e+03  1.193800e+03
     vertex  3.810000e+02  2.425700e+03  1.098550e+03
   endloop
 endfacet
 facet normal  0.000000e+00 -1.000000e+00  0.000000e+00
   outer loop
     vertex -3.175000e+02  1.270000e+02  9.779000e+02
     vertex -3.683000e+02  1.270000e+02  9.715500e+02
     vertex -3.175000e+02  1.270000e+02  9.715500e+02
   endloop
 endfacet
 facet normal -0.000000e+00 -1.000000e+00  0.000000e+00
   outer loop
     vertex -3.937000e+02  1.270000e+02  1.098550e+03
     vertex -4.191000e+02  1.270000e+02  1.098550e+03
     vertex -4.191000e+02  1.270000e+02  1.022350e+03
   endloop
 endfacet
 facet normal -0.000000e+00 -1.000000e+00  0.000000e+00
   outer loop
     vertex -3.810000e+02  1.270000e+02  1.098550e+03
     vertex -3.937000e+02  1.270000e+02  1.098550e+03
     vertex -4.191000e+02  1.270000e+02  1.022350e+03
   endloop
 endfacet
 facet normal  0.000000e+00 -1.000000e+00  0.000000e+00
   outer loop
     vertex -3.175000e+02  1.270000e+02  1.054100e+03
     vertex -4.191000e+02  1.270000e+02  1.022350e+03
     vertex -3.683000e+02  1.270000e+02  9.715500e+02
   endloop
 endfacet
 facet normal  0.000000e+00 -1.000000e+00 -0.000000e+00
   outer loop
     vertex -3.175000e+02  1.270000e+02  1.054100e+03
     vertex -3.683000e+02  1.270000e+02  9.715500e+02
     vertex -3.175000e+02  1.270000e+02  9.779000e+02
   endloop
 endfacet
 facet normal -0.000000e+00 -1.000000e+00  0.000000e+00
   outer loop
     vertex -3.175000e+02  1.270000e+02  1.054100e+03
     vertex -3.810000e+02  1.270000e+02  1.098550e+03
     vertex -4.191000e+02  1.270000e+02  1.022350e+03
   endloop
 endfacet
 facet normal  0.000000e+00 -1.000000e+00  0.000000e+00
   outer loop
     vertex -3.556000e+02  1.270000e+02  1.098550e+03
     vertex -3.175000e+02  1.270000e+02  1.054100e+03
     vertex -3.175000e+02  1.270000e+02  1.060450e+03
   endloop
 endfacet
 facet normal -0.000000e+00 -1.000000e+00 -0.000000e+00
   outer loop
     vertex -3.556000e+02  1.270000e+02  1.098550e+03
     vertex -3.810000e+02  1.270000e+02  1.098550e+03
     vertex -3.175000e+02  1.270000e+02  1.054100e+03
   endloop
 endfacet
 facet normal  0.000000e+00 -1.000000e+00  0.000000e+00
   outer loop
     vertex -3.390690e+02  1.270000e+02  1.094777e+03
     vertex -3.471220e+02  1.270000e+02  1.097595e+03
     vertex -3.556000e+02  1.270000e+02  1.098550e+03
   endloop
 endfacet
 facet normal -0.000000e+00 -1.000000e+00 -0.000000e+00
   outer loop
     vertex -3.390690e+02  1.270000e+02  1.094777e+03
     vertex -3.556000e+02  1.270000e+02  1.098550e+03
     vertex -3.175000e+02  1.270000e+02  1.060450e+03
   endloop
 endfacet
 facet normal  0.000000e+00 -1.000000e+00  0.000000e+00
   outer loop
     vertex -3.318450e+02  1.270000e+02  1.090238e+03
     vertex -3.175000e+02  1.270000e+02  1.060450e+03
     vertex -3.184552e+02  1.270000e+02  1.068928e+03
   endloop
 endfacet
 facet normal  0.000000e+00 -1.000000e+00  0.000000e+00
   outer loop
     vertex -3.318450e+02  1.270000e+02  1.090238e+03
     vertex -3.184552e+02  1.270000e+02  1.068928e+03
     vertex -3.212731e+02  1.270000e+02  1.076981e+03
   endloop
 endfacet
 facet normal  0.000000e+00 -1.000000e+00  0.000000e+00
   outer loop
     vertex -3.318450e+02  1.270000e+02  1.090238e+03
     vertex -3.212731e+02  1.270000e+02  1.076981e+03
     vertex -3.258122e+02  1.270000e+02  1.084205e+03
   endloop
 endfacet
 facet normal -0.000000e+00 -1.000000e+00 -0.000000e+00
   outer loop
     vertex -3.318450e+02  1.270000e+02  1.090238e+03
     vertex -3.390690e+02  1.270000e+02  1.094777e+03
     vertex -3.175000e+02  1.270000e+02  1.060450e+03
   endloop
 endfacet
 facet normal  0.000000e+00 -1.000000e+00  0.000000e+00
   outer loop
     vertex -3.937000e+02  1.270000e+02  1.193800e+03
     vertex -4.254500e+02  1.270000e+02  1.206500e+03
     vertex -4.254500e+02  1.270000e+02  1.193800e+03
   endloop
 endfacet
 facet normal  0.000000e+00 -1.000000e+00  0.000000e+00
   outer loop
     vertex -3.937000e+02  1.270000e+02  1.193800e+03
     vertex -3.937000e+02  1.270000e+02  1.098550e+03
     vertex -3.810000e+02  1.270000e+02  1.098550e+03
   endloop
 endfacet
 facet normal -0.000000e+00 -1.000000e+00  0.000000e+00
   outer loop
     vertex -3.810000e+02  1.270000e+02  1.206500e+03
     vertex -4.254500e+02  1.270000e+02  1.206500e+03
     vertex -3.937000e+02  1.270000e+02  1.193800e+03
   endloop
 endfacet
 facet normal  0.000000e+00 -1.000000e+00  0.000000e+00
   outer loop
     vertex  3.683000e+02  1.270000e+02  9.715500e+02
     vertex  3.175000e+02  1.270000e+02  9.779000e+02
     vertex  3.175000e+02  1.270000e+02  9.715500e+02
   endloop
 endfacet
 facet normal  0.000000e+00 -1.000000e+00 -0.000000e+00
   outer loop
     vertex  3.175000e+02  1.270000e+02  1.054100e+03
     vertex -3.175000e+02  1.270000e+02  9.779000e+02
     vertex  3.175000e+02  1.270000e+02  9.779000e+02
   endloop
 endfacet
 facet normal -0.000000e+00 -1.000000e+00  0.000000e+00
   outer loop
     vertex  3.175000e+02  1.270000e+02  1.054100e+03
     vertex -3.175000e+02  1.270000e+02  1.054100e+03
     vertex -3.175000e+02  1.270000e+02  9.779000e+02
   endloop
 endfacet
 facet normal  0.000000e+00 -1.000000e+00  0.000000e+00
   outer loop
     vertex  3.175000e+02  1.270000e+02  1.054100e+03
     vertex  3.175000e+02  1.270000e+02  9.779000e+02
     vertex  3.683000e+02  1.270000e+02  9.715500e+02
   endloop
 endfacet
 facet normal  0.000000e+00 -1.000000e+00  0.000000e+00
   outer loop
     vertex  3.212731e+02  1.270000e+02  1.076981e+03
     vertex  3.184552e+02  1.270000e+02  1.068928e+03
     vertex  3.175000e+02  1.270000e+02  1.060450e+03
   endloop
 endfacet
 facet normal  0.000000e+00 -1.000000e+00  0.000000e+00
   outer loop
     vertex  3.258122e+02  1.270000e+02  1.084205e+03
     vertex  3.212731e+02  1.270000e+02  1.076981e+03
     vertex  3.175000e+02  1.270000e+02  1.060450e+03
   endloop
 endfacet
 facet normal -0.000000e+00 -1.000000e+00  0.000000e+00
   outer loop
     vertex  4.191000e+02  1.270000e+02  1.022350e+03
     vertex  3.175000e+02  1.270000e+02  1.054100e+03
     vertex  3.683000e+02  1.270000e+02  9.715500e+02
   endloop
 endfacet
 facet normal  0.000000e+00 -1.000000e+00  0.000000e+00
   outer loop
     vertex  3.471220e+02  1.270000e+02  1.097595e+03
     vertex  3.390690e+02  1.270000e+02  1.094777e+03
     vertex  3.318450e+02  1.270000e+02  1.090238e+03
   endloop
 endfacet
 facet normal  0.000000e+00 -1.000000e+00  0.000000e+00
   outer loop
     vertex  3.556000e+02  1.270000e+02  1.098550e+03
     vertex  3.471220e+02  1.270000e+02  1.097595e+03
     vertex  3.318450e+02  1.270000e+02  1.090238e+03
   endloop
 endfacet
 facet normal  0.000000e+00 -1.000000e+00  0.000000e+00
   outer loop
     vertex  3.556000e+02  1.270000e+02  1.098550e+03
     vertex  3.175000e+02  1.270000e+02  1.060450e+03
     vertex  3.175000e+02  1.270000e+02  1.054100e+03
   endloop
 endfacet
 facet normal  0.000000e+00 -1.000000e+00  0.000000e+00
   outer loop
     vertex  3.556000e+02  1.270000e+02  1.098550e+03
     vertex  3.318450e+02  1.270000e+02  1.090238e+03
     vertex  3.258122e+02  1.270000e+02  1.084205e+03
   endloop
 endfacet
 facet normal  0.000000e+00 -1.000000e+00  0.000000e+00
   outer loop
     vertex  3.556000e+02  1.270000e+02  1.098550e+03
     vertex  3.258122e+02  1.270000e+02  1.084205e+03
     vertex  3.175000e+02  1.270000e+02  1.060450e+03
   endloop
 endfacet
 facet normal  0.000000e+00 -1.000000e+00 -0.000000e+00
   outer loop
     vertex  3.810000e+02  1.270000e+02  1.098550e+03
     vertex  3.175000e+02  1.270000e+02  1.054100e+03
     vertex  4.191000e+02  1.270000e+02  1.022350e+03
   endloop
 endfacet
 facet normal -0.000000e+00 -1.000000e+00  0.000000e+00
   outer loop
     vertex  3.810000e+02  1.270000e+02  1.098550e+03
     vertex  3.556000e+02  1.270000e+02  1.098550e+03
     vertex  3.175000e+02  1.270000e+02  1.054100e+03
   endloop
 endfacet
 facet normal  0.000000e+00 -1.000000e+00 -0.000000e+00
   outer loop
     vertex  3.937000e+02  1.270000e+02  1.098550e+03
     vertex  3.810000e+02  1.270000e+02  1.098550e+03
     vertex  4.191000e+02  1.270000e+02  1.022350e+03
   endloop
 endfacet
 facet normal -0.000000e+00 -1.000000e+00 -0.000000e+00
   outer loop
     vertex  4.191000e+02  1.270000e+02  1.098550e+03
     vertex  3.937000e+02  1.270000e+02  1.098550e+03
     vertex  4.191000e+02  1.270000e+02  1.022350e+03
   endloop
 endfacet
 facet normal  0.000000e+00 -1.000000e+00 -0.000000e+00
   outer loop
     vertex  3.937000e+02  1.270000e+02  1.193800e+03
     vertex  3.810000e+02  1.270000e+02  1.098550e+03
     vertex  3.937000e+02  1.270000e+02  1.098550e+03
   endloop
 endfacet
 facet normal -0.000000e+00 -1.000000e+00  0.000000e+00
   outer loop
     vertex  4.254500e+02  1.270000e+02  1.206500e+03
     vertex  3.810000e+02  1.270000e+02  1.206500e+03
     vertex  3.937000e+02  1.270000e+02  1.193800e+03
   endloop
 endfacet
 facet normal  0.000000e+00 -1.000000e+00 -0.000000e+00
   outer loop
     vertex  4.254500e+02  1.270000e+02  1.206500e+03
     vertex  3.937000e+02  1.270000e+02  1.193800e+03
     vertex  4.254500e+02  1.270000e+02  1.193800e+03
   endloop
 endfacet
 facet normal  0.000000e+00 -1.000000e+00  0.000000e+00
   outer loop
     vertex  3.810000e+02  1.270000e+02  1.098550e+03
     vertex  3.937000e+02  1.270000e+02  1.193800e+03
     vertex  3.810000e+02  1.270000e+02  1.206500e+03
   endloop
 endfacet
 facet normal  0.000000e+00 -1.000000e+00 -0.000000e+00
   outer loop
     vertex -3.810000e+02  1.270000e+02  1.206500e+03
     vertex -3.937000e+02  1.270000e+02  1.193800e+03
     vertex -3.810000e+02  1.270000e+02  1.098550e+03
   endloop
 endfacet
 facet normal -1.000000e+00  0.000000e+00  0.000000e+00
   outer loop
     vertex -4.254500e+02  2.425700e+03  1.193800e+03
     vertex -4.254500e+02  1.270000e+02  1.206500e+03
     vertex -4.254500e+02  2.425700e+03  1.206500e+03
   endloop
 endfacet
 facet normal -1.000000e+00  0.000000e+00  0.000000e+00
   outer loop
     vertex -4.254500e+02  2.425700e+03  1.193800e+03
     vertex -4.254500e+02  1.270000e+02  1.193800e+03
     vertex -4.254500e+02  1.270000e+02  1.206500e+03
   endloop
 endfacet
 facet normal -0.000000e+00  0.000000e+00  1.000000e+00
   outer loop
     vertex -4.254500e+02  2.425700e+03  1.206500e+03
     vertex -3.810000e+02  1.270000e+02  1.206500e+03
     vertex -3.810000e+02  2.425700e+03  1.206500e+03
   endloop
 endfacet
 facet normal  0.000000e+00  0.000000e+00  1.000000e+00
   outer loop
     vertex -4.254500e+02  2.425700e+03  1.206500e+03
     vertex -4.254500e+02  1.270000e+02  1.206500e+03
     vertex -3.810000e+02  1.270000e+02  1.206500e+03
   endloop
 endfacet
 facet normal  1.000000e+00  0.000000e+00  0.000000e+00
   outer loop
     vertex -3.810000e+02  2.425700e+03  1.206500e+03
     vertex -3.810000e+02  1.270000e+02  1.098550e+03
     vertex -3.810000e+02  2.425700e+03  1.098550e+03
   endloop
 endfacet
 facet normal  1.000000e+00  0.000000e+00  0.000000e+00
   outer loop
     vertex -3.810000e+02  2.425700e+03  1.206500e+03
     vertex -3.810000e+02  1.270000e+02  1.206500e+03
     vertex -3.810000e+02  1.270000e+02  1.098550e+03
   endloop
 endfacet
 facet normal -1.000000e+00 -0.000000e+00  0.000000e+00
   outer loop
     vertex -3.937000e+02  2.425700e+03  1.193800e+03
     vertex -3.937000e+02  1.270000e+02  1.098550e+03
     vertex -3.937000e+02  1.270000e+02  1.193800e+03
   endloop
 endfacet
 facet normal -1.000000e+00  0.000000e+00 -0.000000e+00
   outer loop
     vertex -3.937000e+02  2.425700e+03  1.193800e+03
     vertex -3.937000e+02  2.425700e+03  1.098550e+03
     vertex -3.937000e+02  1.270000e+02  1.098550e+03
   endloop
 endfacet
 facet normal  0.000000e+00  0.000000e+00 -1.000000e+00
   outer loop
     vertex -4.254500e+02  2.425700e+03  1.193800e+03
     vertex -3.937000e+02  1.270000e+02  1.193800e+03
     vertex -4.254500e+02  1.270000e+02  1.193800e+03
   endloop
 endfacet
 facet normal  0.000000e+00  0.000000e+00 -1.000000e+00
   outer loop
     vertex -4.254500e+02  2.425700e+03  1.193800e+03
     vertex -3.937000e+02  2.425700e+03  1.193800e+03
     vertex -3.937000e+02  1.270000e+02  1.193800e+03
   endloop
 endfacet
 facet normal  1.000000e+00  0.000000e+00  0.000000e+00
   outer loop
     vertex  4.254500e+02  2.425700e+03  1.206500e+03
     vertex  4.254500e+02  1.270000e+02  1.193800e+03
     vertex  4.254500e+02  2.425700e+03  1.193800e+03
   endloop
 endfacet
 facet normal  1.000000e+00  0.000000e+00  0.000000e+00
   outer loop
     vertex  4.254500e+02  2.425700e+03  1.206500e+03
     vertex  4.254500e+02  1.270000e+02  1.206500e+03
     vertex  4.254500e+02  1.270000e+02  1.193800e+03
   endloop
 endfacet
 facet normal -0.000000e+00  0.000000e+00 -1.000000e+00
   outer loop
     vertex  4.254500e+02  2.425700e+03  1.193800e+03
     vertex  3.937000e+02  1.270000e+02  1.193800e+03
     vertex  3.937000e+02  2.425700e+03  1.193800e+03
   endloop
 endfacet
 facet normal  0.000000e+00 -0.000000e+00 -1.000000e+00
   outer loop
     vertex  4.254500e+02  2.425700e+03  1.193800e+03
     vertex  4.254500e+02  1.270000e+02  1.193800e+03
     vertex  3.937000e+02  1.270000e+02  1.193800e+03
   endloop
 endfacet
 facet normal  1.000000e+00  0.000000e+00  0.000000e+00
   outer loop
     vertex  3.937000e+02  2.425700e+03  1.193800e+03
     vertex  3.937000e+02  1.270000e+02  1.098550e+03
     vertex  3.937000e+02  2.425700e+03  1.098550e+03
   endloop
 endfacet
 facet normal  1.000000e+00  0.000000e+00  0.000000e+00
   outer loop
     vertex  3.937000e+02  2.425700e+03  1.193800e+03
     vertex  3.937000e+02  1.270000e+02  1.193800e+03
     vertex  3.937000e+02  1.270000e+02  1.098550e+03
   endloop
 endfacet
 facet normal -1.000000e+00 -0.000000e+00  0.000000e+00
   outer loop
     vertex  3.810000e+02  2.425700e+03  1.206500e+03
     vertex  3.810000e+02  1.270000e+02  1.098550e+03
     vertex  3.810000e+02  1.270000e+02  1.206500e+03
   endloop
 endfacet
 facet normal -1.000000e+00  0.000000e+00 -0.000000e+00
   outer loop
     vertex  3.810000e+02  2.425700e+03  1.206500e+03
     vertex  3.810000e+02  2.425700e+03  1.098550e+03
     vertex  3.810000e+02  1.270000e+02  1.098550e+03
   endloop
 endfacet
 facet normal  0.000000e+00  0.000000e+00  1.000000e+00
   outer loop
     vertex  4.254500e+02  2.425700e+03  1.206500e+03
     vertex  3.810000e+02  1.270000e+02  1.206500e+03
     vertex  4.254500e+02  1.270000e+02  1.206500e+03
   endloop
 endfacet
 facet normal  0.000000e+00  0.000000e+00  1.000000e+00
   outer loop
     vertex  4.254500e+02  2.425700e+03  1.206500e+03
     vertex  3.810000e+02  2.425700e+03  1.206500e+03
     vertex  3.810000e+02  1.270000e+02  1.206500e+03
   endloop
 endfacet
 facet normal -4.475860e-16  1.000000e+00  6.677774e-31
   outer loop
     vertex  2.540000e+02  1.320800e+03  1.054100e+03
     vertex -2.540000e+02  1.320800e+03  9.779000e+02
     vertex -2.540000e+02  1.320800e+03  1.054100e+03
   endloop
 endfacet
 facet normal -2.003332e-30  1.000000e+00 -2.983907e-15
   outer loop
     vertex  2.540000e+02  1.320800e+03  9.779000e+02
     vertex -2.540000e+02  1.320800e+03  9.779000e+02
     vertex  2.540000e+02  1.320800e+03  1.054100e+03
   endloop
 endfacet
 facet normal  1.000000e+00 -9.591128e-17 -7.459766e-16
   outer loop
     vertex -2.540000e+02  2.209800e+03  1.054100e+03
     vertex -2.540000e+02  1.320800e+03  9.779000e+02
     vertex -2.540000e+02  2.209800e+03  9.779000e+02
   endloop
 endfacet
 facet normal  1.000000e+00 -6.394085e-17 -1.118965e-15
   outer loop
     vertex -2.540000e+02  2.209800e+03  1.054100e+03
     vertex -2.540000e+02  1.320800e+03  1.054100e+03
     vertex -2.540000e+02  1.320800e+03  9.779000e+02
   endloop
 endfacet
 facet normal  0.000000e+00 -1.000000e+00  0.000000e+00
   outer loop
     vertex  2.540000e+02  2.209800e+03  1.054100e+03
     vertex -2.540000e+02  2.209800e+03  9.779000e+02
     vertex  2.540000e+02  2.209800e+03  9.779000e+02
   endloop
 endfacet
 facet normal -0.000000e+00 -1.000000e+00  0.000000e+00
   outer loop
     vertex  2.540000e+02  2.209800e+03  1.054100e+03
     vertex -2.540000e+02  2.209800e+03  1.054100e+03
     vertex -2.540000e+02  2.209800e+03  9.779000e+02
   endloop
 endfacet
 facet normal -1.000000e+00  1.918226e-16  1.118965e-15
   outer loop
     vertex  2.540000e+02  2.209800e+03  9.779000e+02
     vertex  2.540000e+02  1.320800e+03  9.779000e+02
     vertex  2.540000e+02  1.320800e+03  1.054100e+03
   endloop
 endfacet
 facet normal -1.000000e+00  1.598521e-16  7.459766e-16
   outer loop
     vertex  2.540000e+02  2.209800e+03  9.779000e+02
     vertex  2.540000e+02  1.320800e+03  1.054100e+03
     vertex  2.540000e+02  2.209800e+03  1.054100e+03
   endloop
 endfacet
 facet normal  0.000000e+00  1.000000e+00  0.000000e+00
   outer loop
     vertex -3.683000e+02  2.425700e+03  1.111250e+03
     vertex  3.683000e+02  2.425700e+03  1.123950e+03
     vertex  3.683000e+02  2.425700e+03  1.111250e+03
   endloop
 endfacet
 facet normal  0.000000e+00  1.000000e+00  0.000000e+00
   outer loop
     vertex -3.683000e+02  2.425700e+03  1.111250e+03
     vertex -3.683000e+02  2.425700e+03  1.123950e+03
     vertex  3.683000e+02  2.425700e+03  1.123950e+03
   endloop
 endfacet
 facet normal  1.000000e+00  0.000000e+00  0.000000e+00
   outer loop
     vertex  3.683000e+02  2.425700e+03  1.123950e+03
     vertex  3.683000e+02  1.270000e+02  1.111250e+03
     vertex  3.683000e+02  2.425700e+03  1.111250e+03
   endloop
 endfacet
 facet normal  1.000000e+00  0.000000e+00  0.000000e+00
   outer loop
     vertex  3.683000e+02  2.425700e+03  1.123950e+03
     vertex  3.683000e+02  1.270000e+02  1.123950e+03
     vertex  3.683000e+02  1.270000e+02  1.111250e+03
   endloop
 endfacet
 facet normal  0.000000e+00 -0.000000e+00 -1.000000e+00
   outer loop
     vertex -2.540000e+02  1.320800e+03  1.111250e+03
     vertex  3.683000e+02  1.270000e+02  1.111250e+03
     vertex -3.683000e+02  1.270000e+02  1.111250e+03
   endloop
 endfacet
 facet normal -0.000000e+00 -0.000000e+00 -1.000000e+00
   outer loop
     vertex  2.540000e+02  1.320800e+03  1.111250e+03
     vertex  3.683000e+02  1.270000e+02  1.111250e+03
     vertex -2.540000e+02  1.320800e+03  1.111250e+03
   endloop
 endfacet
 facet normal  0.000000e+00  0.000000e+00 -1.000000e+00
   outer loop
     vertex -3.683000e+02  2.425700e+03  1.111250e+03
     vertex -2.540000e+02  2.209800e+03  1.111250e+03
     vertex -2.540000e+02  1.320800e+03  1.111250e+03
   endloop
 endfacet
 facet normal  0.000000e+00  0.000000e+00 -1.000000e+00
   outer loop
     vertex  3.683000e+02  2.425700e+03  1.111250e+03
     vertex  2.540000e+02  2.209800e+03  1.111250e+03
     vertex -2.540000e+02  2.209800e+03  1.111250e+03
   endloop
 endfacet
 facet normal  0.000000e+00  0.000000e+00 -1.000000e+00
   outer loop
     vertex  3.683000e+02  2.425700e+03  1.111250e+03
     vertex  2.540000e+02  1.320800e+03  1.111250e+03
     vertex  2.540000e+02  2.209800e+03  1.111250e+03
   endloop
 endfacet
 facet normal -0.000000e+00  0.000000e+00 -1.000000e+00
   outer loop
     vertex  3.683000e+02  2.425700e+03  1.111250e+03
     vertex -2.540000e+02  2.209800e+03  1.111250e+03
     vertex -3.683000e+02  2.425700e+03  1.111250e+03
   endloop
 endfacet
 facet normal  0.000000e+00  0.000000e+00 -1.000000e+00
   outer loop
     vertex -3.683000e+02  2.425700e+03  1.111250e+03
     vertex -2.540000e+02  1.320800e+03  1.111250e+03
     vertex -3.683000e+02  1.270000e+02  1.111250e+03
   endloop
 endfacet
 facet normal  0.000000e+00  0.000000e+00 -1.000000e+00
   outer loop
     vertex  3.683000e+02  1.270000e+02  1.111250e+03
     vertex  2.540000e+02  1.320800e+03  1.111250e+03
     vertex  3.683000e+02  2.425700e+03  1.111250e+03
   endloop
 endfacet
 facet normal -1.000000e+00  0.000000e+00  0.000000e+00
   outer loop
     vertex -3.683000e+02  2.425700e+03  1.111250e+03
     vertex -3.683000e+02  1.270000e+02  1.123950e+03
     vertex -3.683000e+02  2.425700e+03  1.123950e+03
   endloop
 endfacet
 facet normal -1.000000e+00  0.000000e+00  0.000000e+00
   outer loop
     vertex -3.683000e+02  2.425700e+03  1.111250e+03
     vertex -3.683000e+02  1.270000e+02  1.111250e+03
     vertex -3.683000e+02  1.270000e+02  1.123950e+03
   endloop
 endfacet
 facet normal  0.000000e+00  0.000000e+00  1.000000e+00
   outer loop
     vertex -2.540000e+02  1.320800e+03  1.123950e+03
     vertex -3.683000e+02  1.270000e+02  1.123950e+03
     vertex  3.683000e+02  1.270000e+02  1.123950e+03
   endloop
 endfacet
 facet normal  0.000000e+00  0.000000e+00  1.000000e+00
   outer loop
     vertex  2.540000e+02  1.320800e+03  1.123950e+03
     vertex -2.540000e+02  1.320800e+03  1.123950e+03
     vertex  3.683000e+02  1.270000e+02  1.123950e+03
   endloop
 endfacet
 facet normal  0.000000e+00  0.000000e+00  1.000000e+00
   outer loop
     vertex -3.683000e+02  2.425700e+03  1.123950e+03
     vertex -2.540000e+02  1.320800e+03  1.123950e+03
     vertex -2.540000e+02  2.209800e+03  1.123950e+03
   endloop
 endfacet
 facet normal  0.000000e+00  0.000000e+00  1.000000e+00
   outer loop
     vertex  3.683000e+02  2.425700e+03  1.123950e+03
     vertex -2.540000e+02  2.209800e+03  1.123950e+03
     vertex  2.540000e+02  2.209800e+03  1.123950e+03
   endloop
 endfacet
 facet normal  0.000000e+00  0.000000e+00  1.000000e+00
   outer loop
     vertex  3.683000e+02  2.425700e+03  1.123950e+03
     vertex  2.540000e+02  2.209800e+03  1.123950e+03
     vertex  2.540000e+02  1.320800e+03  1.123950e+03
   endloop
 endfacet
 facet normal  0.000000e+00  0.000000e+00  1.000000e+00
   outer loop
     vertex  3.683000e+02  2.425700e+03  1.123950e+03
     vertex -3.683000e+02  2.425700e+03  1.123950e+03
     vertex -2.540000e+02  2.209800e+03  1.123950e+03
   endloop
 endfacet
 facet normal  0.000000e+00 -0.000000e+00  1.000000e+00
   outer loop
     vertex  3.683000e+02  1.270000e+02  1.123950e+03
     vertex  3.683000e+02  2.425700e+03  1.123950e+03
     vertex  2.540000e+02  1.320800e+03  1.123950e+03
   endloop
 endfacet
 facet normal  0.000000e+00  0.000000e+00  1.000000e+00
   outer loop
     vertex -3.683000e+02  2.425700e+03  1.123950e+03
     vertex -3.683000e+02  1.270000e+02  1.123950e+03
     vertex -2.540000e+02  1.320800e+03  1.123950e+03
   endloop
 endfacet
 facet normal  0.000000e+00 -1.000000e+00 -0.000000e+00
   outer loop
     vertex  3.683000e+02  1.270000e+02  1.123950e+03
     vertex -3.683000e+02  1.270000e+02  1.111250e+03
     vertex  3.683000e+02  1.270000e+02  1.111250e+03
   endloop
 endfacet
 facet normal -0.000000e+00 -1.000000e+00  0.000000e+00
   outer loop
     vertex  3.683000e+02  1.270000e+02  1.123950e+03
     vertex -3.683000e+02  1.270000e+02  1.123950e+03
     vertex -3.683000e+02  1.270000e+02  1.111250e+03
   endloop
 endfacet
 facet normal  4.475860e-16  1.000000e+00  1.790344e-14
   outer loop
     vertex  2.540000e+02  1.320800e+03  1.111250e+03
     vertex -2.540000e+02  1.320800e+03  1.123950e+03
     vertex  2.540000e+02  1.320800e+03  1.123950e+03
   endloop
 endfacet
 facet normal  0.000000e+00  1.000000e+00  0.000000e+00
   outer loop
     vertex  2.540000e+02  1.320800e+03  1.111250e+03
     vertex -2.540000e+02  1.320800e+03  1.111250e+03
     vertex -2.540000e+02  1.320800e+03  1.123950e+03
   endloop
 endfacet
 facet normal  1.000000e+00 -3.197043e-17  0.000000e+00
   outer loop
     vertex -2.540000e+02  2.209800e+03  1.123950e+03
     vertex -2.540000e+02  1.320800e+03  1.111250e+03
     vertex -2.540000e+02  2.209800e+03  1.111250e+03
   endloop
 endfacet
 facet normal  1.000000e+00 -3.197043e-17  0.000000e+00
   outer loop
     vertex -2.540000e+02  2.209800e+03  1.123950e+03
     vertex -2.540000e+02  1.320800e+03  1.123950e+03
     vertex -2.540000e+02  1.320800e+03  1.111250e+03
   endloop
 endfacet
 facet normal  0.000000e+00 -1.000000e+00  0.000000e+00
   outer loop
     vertex  2.540000e+02  2.209800e+03  1.111250e+03
     vertex -2.540000e+02  2.209800e+03  1.123950e+03
     vertex -2.540000e+02  2.209800e+03  1.111250e+03
   endloop
 endfacet
 facet normal -0.000000e+00 -1.000000e+00  0.000000e+00
   outer loop
     vertex  2.540000e+02  2.209800e+03  1.123950e+03
     vertex -2.540000e+02  2.209800e+03  1.123950e+03
     vertex  2.540000e+02  2.209800e+03  1.111250e+03
   endloop
 endfacet
 facet normal -1.000000e+00  9.271424e-16  6.042411e-14
   outer loop
     vertex  2.540000e+02  2.209800e+03  1.111250e+03
     vertex  2.540000e+02  1.320800e+03  1.123950e+03
     vertex  2.540000e+02  2.209800e+03  1.123950e+03
   endloop
 endfacet
 facet normal -1.000000e+00  9.591128e-17  2.237930e-15
   outer loop
     vertex  2.540000e+02  2.209800e+03  1.111250e+03
     vertex  2.540000e+02  1.320800e+03  1.111250e+03
     vertex  2.540000e+02  1.320800e+03  1.123950e+03
   endloop
 endfacet
 facet normal -1.000000e+00  0.000000e+00  0.000000e+00
   outer loop
     vertex -5.397500e+02 -2.540000e+01  9.652000e+02
     vertex -5.397500e+02 -2.540000e+01  1.676400e+03
     vertex -5.397500e+02  5.080000e+01  1.676400e+03
   endloop
 endfacet
 facet normal -1.000000e+00  0.000000e+00  0.000000e+00
   outer loop
     vertex -5.397500e+02  5.080000e+01  9.652000e+02
     vertex -5.397500e+02 -2.540000e+01  9.652000e+02
     vertex -5.397500e+02  5.080000e+01  1.676400e+03
   endloop
 endfacet
 facet normal -0.000000e+00 -1.000000e+00  0.000000e+00
   outer loop
     vertex -4.381500e+02 -2.540000e+01  1.676400e+03
     vertex -5.397500e+02 -2.540000e+01  1.676400e+03
     vertex -5.397500e+02 -2.540000e+01  9.652000e+02
   endloop
 endfacet
 facet normal  0.000000e+00 -1.000000e+00 -0.000000e+00
   outer loop
     vertex -4.381500e+02 -2.540000e+01  1.676400e+03
     vertex -5.397500e+02 -2.540000e+01  9.652000e+02
     vertex -4.381500e+02 -2.540000e+01  9.652000e+02
   endloop
 endfacet
 facet normal  1.000000e+00  0.000000e+00  0.000000e+00
   outer loop
     vertex -4.381500e+02 -2.540000e+01  1.676400e+03
     vertex -4.381500e+02 -2.540000e+01  9.652000e+02
     vertex -4.381500e+02  5.080000e+01  9.652000e+02
   endloop
 endfacet
 facet normal  1.000000e+00  0.000000e+00  0.000000e+00
   outer loop
     vertex -4.381500e+02  5.080000e+01  1.676400e+03
     vertex -4.381500e+02 -2.540000e+01  1.676400e+03
     vertex -4.381500e+02  5.080000e+01  9.652000e+02
   endloop
 endfacet
 facet normal  0.000000e+00  1.000000e+00 -0.000000e+00
   outer loop
     vertex -4.381500e+02  5.080000e+01  9.652000e+02
     vertex -5.397500e+02  5.080000e+01  1.676400e+03
     vertex -4.381500e+02  5.080000e+01  1.676400e+03
   endloop
 endfacet
 facet normal  0.000000e+00  1.000000e+00  0.000000e+00
   outer loop
     vertex -4.381500e+02  5.080000e+01  9.652000e+02
     vertex -5.397500e+02  5.080000e+01  9.652000e+02
     vertex -5.397500e+02  5.080000e+01  1.676400e+03
   endloop
 endfacet
 facet normal -0.000000e+00  0.000000e+00  1.000000e+00
   outer loop
     vertex -5.397500e+02  5.080000e+01  1.676400e+03
     vertex -4.381500e+02 -2.540000e+01  1.676400e+03
     vertex -4.381500e+02  5.080000e+01  1.676400e+03
   endloop
 endfacet
 facet normal  0.000000e+00  0.000000e+00  1.000000e+00
   outer loop
     vertex -5.397500e+02  5.080000e+01  1.676400e+03
     vertex -5.397500e+02 -2.540000e+01  1.676400e+03
     vertex -4.381500e+02 -2.540000e+01  1.676400e+03
   endloop
 endfacet
 facet normal  0.000000e+00  0.000000e+00 -1.000000e+00
   outer loop
     vertex -5.397500e+02  5.080000e+01  9.652000e+02
     vertex -4.381500e+02  5.080000e+01  9.652000e+02
     vertex -4.381500e+02 -2.540000e+01  9.652000e+02
   endloop
 endfacet
 facet normal  0.000000e+00  0.000000e+00 -1.000000e+00
   outer loop
     vertex -5.397500e+02  5.080000e+01  9.652000e+02
     vertex -4.381500e+02 -2.540000e+01  9.652000e+02
     vertex -5.397500e+02 -2.540000e+01  9.652000e+02
   endloop
 endfacet
 facet normal -0.000000e+00 -1.000000e+00  0.000000e+00
   outer loop
     vertex  5.397500e+02 -2.540000e+01  1.676400e+03
     vertex  4.381500e+02 -2.540000e+01  1.676400e+03
     vertex  4.381500e+02 -2.540000e+01  9.652000e+02
   endloop
 endfacet
 facet normal  0.000000e+00 -1.000000e+00 -0.000000e+00
   outer loop
     vertex  5.397500e+02 -2.540000e+01  1.676400e+03
     vertex  4.381500e+02 -2.540000e+01  9.652000e+02
     vertex  5.397500e+02 -2.540000e+01  9.652000e+02
   endloop
 endfacet
 facet normal  1.000000e+00  0.000000e+00  0.000000e+00
   outer loop
     vertex  5.397500e+02 -2.540000e+01  1.676400e+03
     vertex  5.397500e+02 -2.540000e+01  9.652000e+02
     vertex  5.397500e+02  5.080000e+01  9.652000e+02
   endloop
 endfacet
 facet normal  1.000000e+00  0.000000e+00  0.000000e+00
   outer loop
     vertex  5.397500e+02  5.080000e+01  1.676400e+03
     vertex  5.397500e+02 -2.540000e+01  1.676400e+03
     vertex  5.397500e+02  5.080000e+01  9.652000e+02
   endloop
 endfacet
 facet normal  0.000000e+00  1.000000e+00 -0.000000e+00
   outer loop
     vertex  5.397500e+02  5.080000e+01  9.652000e+02
     vertex  4.381500e+02  5.080000e+01  1.676400e+03
     vertex  5.397500e+02  5.080000e+01  1.676400e+03
   endloop
 endfacet
 facet normal  0.000000e+00  1.000000e+00  0.000000e+00
   outer loop
     vertex  5.397500e+02  5.080000e+01  9.652000e+02
     vertex  4.381500e+02  5.080000e+01  9.652000e+02
     vertex  4.381500e+02  5.080000e+01  1.676400e+03
   endloop
 endfacet
 facet normal -1.000000e+00  0.000000e+00  0.000000e+00
   outer loop
     vertex  4.381500e+02 -2.540000e+01  9.652000e+02
     vertex  4.381500e+02 -2.540000e+01  1.676400e+03
     vertex  4.381500e+02  5.080000e+01  1.676400e+03
   endloop
 endfacet
 facet normal -1.000000e+00  0.000000e+00  0.000000e+00
   outer loop
     vertex  4.381500e+02  5.080000e+01  9.652000e+02
     vertex  4.381500e+02 -2.540000e+01  9.652000e+02
     vertex  4.381500e+02  5.080000e+01  1.676400e+03
   endloop
 endfacet
 facet normal -0.000000e+00  0.000000e+00  1.000000e+00
   outer loop
     vertex  4.381500e+02  5.080000e+01  1.676400e+03
     vertex  5.397500e+02 -2.540000e+01  1.676400e+03
     vertex  5.397500e+02  5.080000e+01  1.676400e+03
   endloop
 endfacet
 facet normal  0.000000e+00  0.000000e+00  1.000000e+00
   outer loop
     vertex  4.381500e+02  5.080000e+01  1.676400e+03
     vertex  4.381500e+02 -2.540000e+01  1.676400e+03
     vertex  5.397500e+02 -2.540000e+01  1.676400e+03
   endloop
 endfacet
 facet normal  0.000000e+00  0.000000e+00 -1.000000e+00
   outer loop
     vertex  4.381500e+02  5.080000e+01  9.652000e+02
     vertex  5.397500e+02 -2.540000e+01  9.652000e+02
     vertex  4.381500e+02 -2.540000e+01  9.652000e+02
   endloop
 endfacet
 facet normal  0.000000e+00  0.000000e+00 -1.000000e+00
   outer loop
     vertex  4.381500e+02  5.080000e+01  9.652000e+02
     vertex  5.397500e+02  5.080000e+01  9.652000e+02
     vertex  5.397500e+02 -2.540000e+01  9.652000e+02
   endloop
 endfacet
 facet normal -0.000000e+00  0.000000e+00 -1.000000e+00
   outer loop
     vertex -5.397500e+02  5.080000e+01  1.492250e+03
     vertex -5.651500e+02 -2.540000e+01  1.492250e+03
     vertex -5.651500e+02  5.080000e+01  1.492250e+03
   endloop
 endfacet
 facet normal  0.000000e+00 -0.000000e+00 -1.000000e+00
   outer loop
     vertex -5.397500e+02  5.080000e+01  1.492250e+03
     vertex -5.397500e+02 -2.540000e+01  1.492250e+03
     vertex -5.651500e+02 -2.540000e+01  1.492250e+03
   endloop
 endfacet
 facet normal  0.000000e+00 -1.000000e+00  4.303711e-17
   outer loop
     vertex -5.651500e+02 -2.540000e+01  1.657350e+03
     vertex -5.651500e+02 -2.540000e+01  1.492250e+03
     vertex -5.397500e+02 -2.540000e+01  1.492250e+03
   endloop
 endfacet
 facet normal  0.000000e+00 -1.000000e+00  4.303711e-17
   outer loop
     vertex -5.397500e+02 -2.540000e+01  1.657350e+03
     vertex -5.651500e+02 -2.540000e+01  1.657350e+03
     vertex -5.397500e+02 -2.540000e+01  1.492250e+03
   endloop
 endfacet
 facet normal  0.000000e+00 -7.071068e-01 -7.071068e-01
   outer loop
     vertex -5.397500e+02 -5.715000e+01  1.689100e+03
     vertex -5.651500e+02 -2.540000e+01  1.657350e+03
     vertex -5.397500e+02 -2.540000e+01  1.657350e+03
   endloop
 endfacet
 facet normal -0.000000e+00 -7.071068e-01 -7.071068e-01
   outer loop
     vertex -5.397500e+02 -5.715000e+01  1.689100e+03
     vertex -5.651500e+02 -5.715000e+01  1.689100e+03
     vertex -5.651500e+02 -2.540000e+01  1.657350e+03
   endloop
 endfacet
 facet normal  0.000000e+00 -1.000000e+00 -0.000000e+00
   outer loop
     vertex -5.397500e+02 -5.715000e+01  1.962150e+03
     vertex -5.651500e+02 -5.715000e+01  1.689100e+03
     vertex -5.397500e+02 -5.715000e+01  1.689100e+03
   endloop
 endfacet
 facet normal -0.000000e+00 -1.000000e+00  0.000000e+00
   outer loop
     vertex -5.397500e+02 -5.715000e+01  1.962150e+03
     vertex -5.651500e+02 -5.715000e+01  1.962150e+03
     vertex -5.651500e+02 -5.715000e+01  1.689100e+03
   endloop
 endfacet
 facet normal  0.000000e+00  0.000000e+00  1.000000e+00
   outer loop
     vertex -5.651500e+02  1.270000e+01  1.962150e+03
     vertex -5.651500e+02 -5.715000e+01  1.962150e+03
     vertex -5.397500e+02 -5.715000e+01  1.962150e+03
   endloop
 endfacet
 facet normal -0.000000e+00  0.000000e+00  1.000000e+00
   outer loop
     vertex -5.651500e+02  1.270000e+01  1.962150e+03
     vertex -5.397500e+02 -5.715000e+01  1.962150e+03
     vertex -5.397500e+02  1.270000e+01  1.962150e+03
   endloop
 endfacet
 facet normal  0.000000e+00  7.071068e-01  7.071068e-01
   outer loop
     vertex -5.651500e+02  5.080000e+01  1.924050e+03
     vertex -5.651500e+02  1.270000e+01  1.962150e+03
     vertex -5.397500e+02  1.270000e+01  1.962150e+03
   endloop
 endfacet
 facet normal  0.000000e+00  7.071068e-01  7.071068e-01
   outer loop
     vertex -5.397500e+02  5.080000e+01  1.924050e+03
     vertex -5.651500e+02  5.080000e+01  1.924050e+03
     vertex -5.397500e+02  1.270000e+01  1.962150e+03
   endloop
 endfacet
 facet normal  0.000000e+00  1.000000e+00 -0.000000e+00
   outer loop
     vertex -5.397500e+02  5.080000e+01  1.492250e+03
     vertex -5.651500e+02  5.080000e+01  1.924050e+03
     vertex -5.397500e+02  5.080000e+01  1.924050e+03
   endloop
 endfacet
 facet normal  0.000000e+00  1.000000e+00  0.000000e+00
   outer loop
     vertex -5.397500e+02  5.080000e+01  1.492250e+03
     vertex -5.651500e+02  5.080000e+01  1.492250e+03
     vertex -5.651500e+02  5.080000e+01  1.924050e+03
   endloop
 endfacet
 facet normal -1.000000e+00  0.000000e+00 -0.000000e+00
   outer loop
     vertex -5.651500e+02 -2.540000e+01  1.657350e+03
     vertex -5.651500e+02  5.080000e+01  1.492250e+03
     vertex -5.651500e+02 -2.540000e+01  1.492250e+03
   endloop
 endfacet
 facet normal -1.000000e+00  0.000000e+00  0.000000e+00
   outer loop
     vertex -5.651500e+02  5.080000e+01  1.924050e+03
     vertex -5.651500e+02 -2.540000e+01  1.657350e+03
     vertex -5.651500e+02 -5.715000e+01  1.689100e+03
   endloop
 endfacet
 facet normal -1.000000e+00 -0.000000e+00  0.000000e+00
   outer loop
     vertex -5.651500e+02  5.080000e+01  1.924050e+03
     vertex -5.651500e+02 -5.715000e+01  1.689100e+03
     vertex -5.651500e+02 -5.715000e+01  1.962150e+03
   endloop
 endfacet
 facet normal -1.000000e+00  0.000000e+00  0.000000e+00
   outer loop
     vertex -5.651500e+02  5.080000e+01  1.924050e+03
     vertex -5.651500e+02 -5.715000e+01  1.962150e+03
     vertex -5.651500e+02  1.270000e+01  1.962150e+03
   endloop
 endfacet
 facet normal -1.000000e+00  0.000000e+00 -0.000000e+00
   outer loop
     vertex -5.651500e+02  5.080000e+01  1.924050e+03
     vertex -5.651500e+02  5.080000e+01  1.492250e+03
     vertex -5.651500e+02 -2.540000e+01  1.657350e+03
   endloop
 endfacet
 facet normal  1.000000e+00  0.000000e+00  0.000000e+00
   outer loop
     vertex -5.397500e+02 -2.540000e+01  1.657350e+03
     vertex -5.397500e+02 -2.540000e+01  1.492250e+03
     vertex -5.397500e+02  5.080000e+01  1.492250e+03
   endloop
 endfacet
 facet normal  1.000000e+00  0.000000e+00  0.000000e+00
   outer loop
     vertex -5.397500e+02  5.080000e+01  1.924050e+03
     vertex -5.397500e+02 -5.715000e+01  1.689100e+03
     vertex -5.397500e+02 -2.540000e+01  1.657350e+03
   endloop
 endfacet
 facet normal  1.000000e+00  0.000000e+00  0.000000e+00
   outer loop
     vertex -5.397500e+02  5.080000e+01  1.924050e+03
     vertex -5.397500e+02 -5.715000e+01  1.962150e+03
     vertex -5.397500e+02 -5.715000e+01  1.689100e+03
   endloop
 endfacet
 facet normal  1.000000e+00  0.000000e+00  0.000000e+00
   outer loop
     vertex -5.397500e+02  5.080000e+01  1.924050e+03
     vertex -5.397500e+02  1.270000e+01  1.962150e+03
     vertex -5.397500e+02 -5.715000e+01  1.962150e+03
   endloop
 endfacet
 facet normal  1.000000e+00  0.000000e+00  0.000000e+00
   outer loop
     vertex -5.397500e+02  5.080000e+01  1.924050e+03
     vertex -5.397500e+02 -2.540000e+01  1.657350e+03
     vertex -5.397500e+02  5.080000e+01  1.492250e+03
   endloop
 endfacet
 facet normal  0.000000e+00  0.000000e+00 -1.000000e+00
   outer loop
     vertex -4.381500e+02 -2.540000e+01  1.492250e+03
     vertex -4.127500e+02  5.080000e+01  1.492250e+03
     vertex -4.127500e+02 -2.540000e+01  1.492250e+03
   endloop
 endfacet
 facet normal  0.000000e+00  0.000000e+00 -1.000000e+00
   outer loop
     vertex -4.381500e+02 -2.540000e+01  1.492250e+03
     vertex -4.381500e+02  5.080000e+01  1.492250e+03
     vertex -4.127500e+02  5.080000e+01  1.492250e+03
   endloop
 endfacet
 facet normal  0.000000e+00 -1.000000e+00  4.303711e-17
   outer loop
     vertex -4.381500e+02 -2.540000e+01  1.657350e+03
     vertex -4.381500e+02 -2.540000e+01  1.492250e+03
     vertex -4.127500e+02 -2.540000e+01  1.492250e+03
   endloop
 endfacet
 facet normal  0.000000e+00 -1.000000e+00  4.303711e-17
   outer loop
     vertex -4.127500e+02 -2.540000e+01  1.657350e+03
     vertex -4.381500e+02 -2.540000e+01  1.657350e+03
     vertex -4.127500e+02 -2.540000e+01  1.492250e+03
   endloop
 endfacet
 facet normal  0.000000e+00 -7.071068e-01 -7.071068e-01
   outer loop
     vertex -4.127500e+02 -5.715000e+01  1.689100e+03
     vertex -4.381500e+02 -2.540000e+01  1.657350e+03
     vertex -4.127500e+02 -2.540000e+01  1.657350e+03
   endloop
 endfacet
 facet normal -0.000000e+00 -7.071068e-01 -7.071068e-01
   outer loop
     vertex -4.127500e+02 -5.715000e+01  1.689100e+03
     vertex -4.381500e+02 -5.715000e+01  1.689100e+03
     vertex -4.381500e+02 -2.540000e+01  1.657350e+03
   endloop
 endfacet
 facet normal  0.000000e+00 -1.000000e+00 -0.000000e+00
   outer loop
     vertex -4.127500e+02 -5.715000e+01  1.962150e+03
     vertex -4.381500e+02 -5.715000e+01  1.689100e+03
     vertex -4.127500e+02 -5.715000e+01  1.689100e+03
   endloop
 endfacet
 facet normal -0.000000e+00 -1.000000e+00  0.000000e+00
   outer loop
     vertex -4.127500e+02 -5.715000e+01  1.962150e+03
     vertex -4.381500e+02 -5.715000e+01  1.962150e+03
     vertex -4.381500e+02 -5.715000e+01  1.689100e+03
   endloop
 endfacet
 facet normal  0.000000e+00 -0.000000e+00  1.000000e+00
   outer loop
     vertex -4.127500e+02 -5.715000e+01  1.962150e+03
     vertex -4.127500e+02  1.270000e+01  1.962150e+03
     vertex -4.381500e+02  1.270000e+01  1.962150e+03
   endloop
 endfacet
 facet normal  0.000000e+00  0.000000e+00  1.000000e+00
   outer loop
     vertex -4.127500e+02 -5.715000e+01  1.962150e+03
     vertex -4.381500e+02  1.270000e+01  1.962150e+03
     vertex -4.381500e+02 -5.715000e+01  1.962150e+03
   endloop
 endfacet
 facet normal  0.000000e+00  7.071068e-01  7.071068e-01
   outer loop
     vertex -4.381500e+02  5.080000e+01  1.924050e+03
     vertex -4.381500e+02  1.270000e+01  1.962150e+03
     vertex -4.127500e+02  1.270000e+01  1.962150e+03
   endloop
 endfacet
 facet normal  0.000000e+00  7.071068e-01  7.071068e-01
   outer loop
     vertex -4.127500e+02  5.080000e+01  1.924050e+03
     vertex -4.381500e+02  5.080000e+01  1.924050e+03
     vertex -4.127500e+02  1.270000e+01  1.962150e+03
   endloop
 endfacet
 facet normal  0.000000e+00  1.000000e+00 -0.000000e+00
   outer loop
     vertex -4.127500e+02  5.080000e+01  1.492250e+03
     vertex -4.381500e+02  5.080000e+01  1.924050e+03
     vertex -4.127500e+02  5.080000e+01  1.924050e+03
   endloop
 endfacet
 facet normal  0.000000e+00  1.000000e+00  0.000000e+00
   outer loop
     vertex -4.127500e+02  5.080000e+01  1.492250e+03
     vertex -4.381500e+02  5.080000e+01  1.492250e+03
     vertex -4.381500e+02  5.080000e+01  1.924050e+03
   endloop
 endfacet
 facet normal  1.000000e+00  0.000000e+00  0.000000e+00
   outer loop
     vertex -4.127500e+02 -2.540000e+01  1.657350e+03
     vertex -4.127500e+02 -2.540000e+01  1.492250e+03
     vertex -4.127500e+02  5.080000e+01  1.492250e+03
   endloop
 endfacet
 facet normal  1.000000e+00  0.000000e+00  0.000000e+00
   outer loop
     vertex -4.127500e+02  5.080000e+01  1.924050e+03
     vertex -4.127500e+02 -5.715000e+01  1.689100e+03
     vertex -4.127500e+02 -2.540000e+01  1.657350e+03
   endloop
 endfacet
 facet normal  1.000000e+00  0.000000e+00  0.000000e+00
   outer loop
     vertex -4.127500e+02  5.080000e+01  1.924050e+03
     vertex -4.127500e+02 -2.540000e+01  1.657350e+03
     vertex -4.127500e+02  5.080000e+01  1.492250e+03
   endloop
 endfacet
 facet normal  1.000000e+00 -0.000000e+00  0.000000e+00
   outer loop
     vertex -4.127500e+02 -5.715000e+01  1.962150e+03
     vertex -4.127500e+02  5.080000e+01  1.924050e+03
     vertex -4.127500e+02  1.270000e+01  1.962150e+03
   endloop
 endfacet
 facet normal  1.000000e+00  0.000000e+00  0.000000e+00
   outer loop
     vertex -4.127500e+02 -5.715000e+01  1.962150e+03
     vertex -4.127500e+02 -5.715000e+01  1.689100e+03
     vertex -4.127500e+02  5.080000e+01  1.924050e+03
   endloop
 endfacet
 facet normal -1.000000e+00  0.000000e+00 -0.000000e+00
   outer loop
     vertex -4.381500e+02 -2.540000e+01  1.657350e+03
     vertex -4.381500e+02  5.080000e+01  1.492250e+03
     vertex -4.381500e+02 -2.540000e+01  1.492250e+03
   endloop
 endfacet
 facet normal -1.000000e+00  0.000000e+00  0.000000e+00
   outer loop
     vertex -4.381500e+02  5.080000e+01  1.924050e+03
     vertex -4.381500e+02 -2.540000e+01  1.657350e+03
     vertex -4.381500e+02 -5.715000e+01  1.689100e+03
   endloop
 endfacet
 facet normal -1.000000e+00  0.000000e+00 -0.000000e+00
   outer loop
     vertex -4.381500e+02  5.080000e+01  1.924050e+03
     vertex -4.381500e+02  5.080000e+01  1.492250e+03
     vertex -4.381500e+02 -2.540000e+01  1.657350e+03
   endloop
 endfacet
 facet normal -1.000000e+00  0.000000e+00  0.000000e+00
   outer loop
     vertex -4.381500e+02 -5.715000e+01  1.962150e+03
     vertex -4.381500e+02  1.270000e+01  1.962150e+03
     vertex -4.381500e+02  5.080000e+01  1.924050e+03
   endloop
 endfacet
 facet normal -1.000000e+00  0.000000e+00  0.000000e+00
   outer loop
     vertex -4.381500e+02 -5.715000e+01  1.962150e+03
     vertex -4.381500e+02  5.080000e+01  1.924050e+03
     vertex -4.381500e+02 -5.715000e+01  1.689100e+03
   endloop
 endfacet
 facet normal  0.000000e+00  8.715574e-02 -9.961947e-01
   outer loop
     vertex -4.381500e+02 -1.673341e+00  1.832940e+03
     vertex -5.397500e+02 -1.270000e+01  1.831975e+03
     vertex -5.397500e+02 -1.673341e+00  1.832940e+03
   endloop
 endfacet
 facet normal  0.000000e+00  8.715574e-02 -9.961947e-01
   outer loop
     vertex -4.381500e+02 -1.673341e+00  1.832940e+03
     vertex -4.381500e+02 -1.270000e+01  1.831975e+03
     vertex -5.397500e+02 -1.270000e+01  1.831975e+03
   endloop
 endfacet
 facet normal  0.000000e+00  2.588190e-01 -9.659258e-01
   outer loop
     vertex -4.381500e+02  9.018279e+00  1.835805e+03
     vertex -5.397500e+02 -1.673341e+00  1.832940e+03
     vertex -5.397500e+02  9.018279e+00  1.835805e+03
   endloop
 endfacet
 facet normal  0.000000e+00  2.588190e-01 -9.659258e-01
   outer loop
     vertex -4.381500e+02  9.018279e+00  1.835805e+03
     vertex -4.381500e+02 -1.673341e+00  1.832940e+03
     vertex -5.397500e+02 -1.673341e+00  1.832940e+03
   endloop
 endfacet
 facet normal  0.000000e+00  4.226183e-01 -9.063078e-01
   outer loop
     vertex -4.381500e+02  1.905000e+01  1.840482e+03
     vertex -5.397500e+02  9.018279e+00  1.835805e+03
     vertex -5.397500e+02  1.905000e+01  1.840482e+03
   endloop
 endfacet
 facet normal  0.000000e+00  4.226183e-01 -9.063078e-01
   outer loop
     vertex -4.381500e+02  1.905000e+01  1.840482e+03
     vertex -4.381500e+02  9.018279e+00  1.835805e+03
     vertex -5.397500e+02  9.018279e+00  1.835805e+03
   endloop
 endfacet
 facet normal  0.000000e+00  5.735764e-01 -8.191520e-01
   outer loop
     vertex -4.381500e+02  2.811701e+01  1.846831e+03
     vertex -5.397500e+02  1.905000e+01  1.840482e+03
     vertex -5.397500e+02  2.811701e+01  1.846831e+03
   endloop
 endfacet
 facet normal  0.000000e+00  5.735764e-01 -8.191520e-01
   outer loop
     vertex -4.381500e+02  2.811701e+01  1.846831e+03
     vertex -4.381500e+02  1.905000e+01  1.840482e+03
     vertex -5.397500e+02  1.905000e+01  1.840482e+03
   endloop
 endfacet
 facet normal  0.000000e+00  7.071068e-01 -7.071068e-01
   outer loop
     vertex -4.381500e+02  3.594382e+01  1.854658e+03
     vertex -5.397500e+02  2.811701e+01  1.846831e+03
     vertex -5.397500e+02  3.594382e+01  1.854658e+03
   endloop
 endfacet
 facet normal  0.000000e+00  7.071068e-01 -7.071068e-01
   outer loop
     vertex -4.381500e+02  3.594382e+01  1.854658e+03
     vertex -4.381500e+02  2.811701e+01  1.846831e+03
     vertex -5.397500e+02  2.811701e+01  1.846831e+03
   endloop
 endfacet
 facet normal  0.000000e+00  8.191520e-01 -5.735764e-01
   outer loop
     vertex -4.381500e+02  4.229261e+01  1.863725e+03
     vertex -5.397500e+02  3.594382e+01  1.854658e+03
     vertex -5.397500e+02  4.229261e+01  1.863725e+03
   endloop
 endfacet
 facet normal  0.000000e+00  8.191520e-01 -5.735764e-01
   outer loop
     vertex -4.381500e+02  4.229261e+01  1.863725e+03
     vertex -4.381500e+02  3.594382e+01  1.854658e+03
     vertex -5.397500e+02  3.594382e+01  1.854658e+03
   endloop
 endfacet
 facet normal  0.000000e+00  9.063078e-01 -4.226183e-01
   outer loop
     vertex -4.381500e+02  4.697048e+01  1.873757e+03
     vertex -5.397500e+02  4.229261e+01  1.863725e+03
     vertex -5.397500e+02  4.697048e+01  1.873757e+03
   endloop
 endfacet
 facet normal  0.000000e+00  9.063078e-01 -4.226183e-01
   outer loop
     vertex -4.381500e+02  4.697048e+01  1.873757e+03
     vertex -4.381500e+02  4.229261e+01  1.863725e+03
     vertex -5.397500e+02  4.229261e+01  1.863725e+03
   endloop
 endfacet
 facet normal  0.000000e+00  9.659258e-01 -2.588190e-01
   outer loop
     vertex -4.381500e+02  4.983529e+01  1.884448e+03
     vertex -5.397500e+02  4.697048e+01  1.873757e+03
     vertex -5.397500e+02  4.983529e+01  1.884448e+03
   endloop
 endfacet
 facet normal  0.000000e+00  9.659258e-01 -2.588190e-01
   outer loop
     vertex -4.381500e+02  4.983529e+01  1.884448e+03
     vertex -4.381500e+02  4.697048e+01  1.873757e+03
     vertex -5.397500e+02  4.697048e+01  1.873757e+03
   endloop
 endfacet
 facet normal  0.000000e+00  9.961947e-01 -8.715574e-02
   outer loop
     vertex -4.381500e+02  5.080000e+01  1.895475e+03
     vertex -5.397500e+02  4.983529e+01  1.884448e+03
     vertex -5.397500e+02  5.080000e+01  1.895475e+03
   endloop
 endfacet
 facet normal  0.000000e+00  9.961947e-01 -8.715574e-02
   outer loop
     vertex -4.381500e+02  5.080000e+01  1.895475e+03
     vertex -4.381500e+02  4.983529e+01  1.884448e+03
     vertex -5.397500e+02  4.983529e+01  1.884448e+03
   endloop
 endfacet
 facet normal  0.000000e+00  9.961947e-01  8.715574e-02
   outer loop
     vertex -4.381500e+02  4.983529e+01  1.906502e+03
     vertex -5.397500e+02  5.080000e+01  1.895475e+03
     vertex -5.397500e+02  4.983529e+01  1.906502e+03
   endloop
 endfacet
 facet normal  0.000000e+00  9.961947e-01  8.715574e-02
   outer loop
     vertex -4.381500e+02  4.983529e+01  1.906502e+03
     vertex -4.381500e+02  5.080000e+01  1.895475e+03
     vertex -5.397500e+02  5.080000e+01  1.895475e+03
   endloop
 endfacet
 facet normal  0.000000e+00  9.659258e-01  2.588190e-01
   outer loop
     vertex -4.381500e+02  4.697048e+01  1.917193e+03
     vertex -5.397500e+02  4.983529e+01  1.906502e+03
     vertex -5.397500e+02  4.697048e+01  1.917193e+03
   endloop
 endfacet
 facet normal  0.000000e+00  9.659258e-01  2.588190e-01
   outer loop
     vertex -4.381500e+02  4.697048e+01  1.917193e+03
     vertex -4.381500e+02  4.983529e+01  1.906502e+03
     vertex -5.397500e+02  4.983529e+01  1.906502e+03
   endloop
 endfacet
 facet normal  0.000000e+00  8.191520e-01  5.735764e-01
   outer loop
     vertex -4.381500e+02  4.229261e+01  1.927225e+03
     vertex -5.397500e+02  4.229261e+01  1.927225e+03
     vertex -5.397500e+02  3.594382e+01  1.936292e+03
   endloop
 endfacet
 facet normal  0.000000e+00  9.063078e-01  4.226183e-01
   outer loop
     vertex -4.381500e+02  4.229261e+01  1.927225e+03
     vertex -5.397500e+02  4.697048e+01  1.917193e+03
     vertex -5.397500e+02  4.229261e+01  1.927225e+03
   endloop
 endfacet
 facet normal  0.000000e+00  9.063078e-01  4.226183e-01
   outer loop
     vertex -4.381500e+02  4.229261e+01  1.927225e+03
     vertex -4.381500e+02  4.697048e+01  1.917193e+03
     vertex -5.397500e+02  4.697048e+01  1.917193e+03
   endloop
 endfacet
 facet normal  0.000000e+00  8.191520e-01  5.735764e-01
   outer loop
     vertex -4.381500e+02  3.594382e+01  1.936292e+03
     vertex -4.381500e+02  4.229261e+01  1.927225e+03
     vertex -5.397500e+02  3.594382e+01  1.936292e+03
   endloop
 endfacet
 facet normal  0.000000e+00  7.071068e-01  7.071068e-01
   outer loop
     vertex -4.381500e+02  2.811701e+01  1.944119e+03
     vertex -5.397500e+02  3.594382e+01  1.936292e+03
     vertex -5.397500e+02  2.811701e+01  1.944119e+03
   endloop
 endfacet
 facet normal  0.000000e+00  7.071068e-01  7.071068e-01
   outer loop
     vertex -4.381500e+02  2.811701e+01  1.944119e+03
     vertex -4.381500e+02  3.594382e+01  1.936292e+03
     vertex -5.397500e+02  3.594382e+01  1.936292e+03
   endloop
 endfacet
 facet normal  0.000000e+00  5.735764e-01  8.191520e-01
   outer loop
     vertex -4.381500e+02  1.905000e+01  1.950468e+03
     vertex -4.381500e+02  2.811701e+01  1.944119e+03
     vertex -5.397500e+02  2.811701e+01  1.944119e+03
   endloop
 endfacet
 facet normal  0.000000e+00  5.735764e-01  8.191520e-01
   outer loop
     vertex -4.381500e+02  1.905000e+01  1.950468e+03
     vertex -5.397500e+02  2.811701e+01  1.944119e+03
     vertex -5.397500e+02  1.905000e+01  1.950468e+03
   endloop
 endfacet
 facet normal  0.000000e+00  4.226183e-01  9.063078e-01
   outer loop
     vertex -4.381500e+02  9.018279e+00  1.955145e+03
     vertex -4.381500e+02  1.905000e+01  1.950468e+03
     vertex -5.397500e+02  1.905000e+01  1.950468e+03
   endloop
 endfacet
 facet normal  0.000000e+00  2.588190e-01  9.659258e-01
   outer loop
     vertex -4.381500e+02  9.018279e+00  1.955145e+03
     vertex -5.397500e+02  9.018279e+00  1.955145e+03
     vertex -5.397500e+02 -1.673341e+00  1.958010e+03
   endloop
 endfacet
 facet normal  0.000000e+00  4.226183e-01  9.063078e-01
   outer loop
     vertex -4.381500e+02  9.018279e+00  1.955145e+03
     vertex -5.397500e+02  1.905000e+01  1.950468e+03
     vertex -5.397500e+02  9.018279e+00  1.955145e+03
   endloop
 endfacet
 facet normal  0.000000e+00  2.588190e-01  9.659258e-01
   outer loop
     vertex -4.381500e+02 -1.673341e+00  1.958010e+03
     vertex -4.381500e+02  9.018279e+00  1.955145e+03
     vertex -5.397500e+02 -1.673341e+00  1.958010e+03
   endloop
 endfacet
 facet normal  0.000000e+00  8.715574e-02  9.961947e-01
   outer loop
     vertex -4.381500e+02 -1.270000e+01  1.958975e+03
     vertex -5.397500e+02 -1.673341e+00  1.958010e+03
     vertex -5.397500e+02 -1.270000e+01  1.958975e+03
   endloop
 endfacet
 facet normal  0.000000e+00  8.715574e-02  9.961947e-01
   outer loop
     vertex -4.381500e+02 -1.270000e+01  1.958975e+03
     vertex -4.381500e+02 -1.673341e+00  1.958010e+03
     vertex -5.397500e+02 -1.673341e+00  1.958010e+03
   endloop
 endfacet
 facet normal  0.000000e+00 -8.715574e-02  9.961947e-01
   outer loop
     vertex -4.381500e+02 -2.372666e+01  1.958010e+03
     vertex -4.381500e+02 -1.270000e+01  1.958975e+03
     vertex -5.397500e+02 -1.270000e+01  1.958975e+03
   endloop
 endfacet
 facet normal  0.000000e+00 -2.588190e-01  9.659258e-01
   outer loop
     vertex -4.381500e+02 -2.372666e+01  1.958010e+03
     vertex -5.397500e+02 -2.372666e+01  1.958010e+03
     vertex -5.397500e+02 -3.441828e+01  1.955145e+03
   endloop
 endfacet
 facet normal  0.000000e+00 -8.715574e-02  9.961947e-01
   outer loop
     vertex -4.381500e+02 -2.372666e+01  1.958010e+03
     vertex -5.397500e+02 -1.270000e+01  1.958975e+03
     vertex -5.397500e+02 -2.372666e+01  1.958010e+03
   endloop
 endfacet
 facet normal  0.000000e+00 -4.226183e-01  9.063078e-01
   outer loop
     vertex -4.381500e+02 -3.441828e+01  1.955145e+03
     vertex -5.397500e+02 -3.441828e+01  1.955145e+03
     vertex -5.397500e+02 -4.445000e+01  1.950468e+03
   endloop
 endfacet
 facet normal  0.000000e+00 -2.588190e-01  9.659258e-01
   outer loop
     vertex -4.381500e+02 -3.441828e+01  1.955145e+03
     vertex -4.381500e+02 -2.372666e+01  1.958010e+03
     vertex -5.397500e+02 -3.441828e+01  1.955145e+03
   endloop
 endfacet
 facet normal  0.000000e+00 -4.226183e-01  9.063078e-01
   outer loop
     vertex -4.381500e+02 -4.445000e+01  1.950468e+03
     vertex -4.381500e+02 -3.441828e+01  1.955145e+03
     vertex -5.397500e+02 -4.445000e+01  1.950468e+03
   endloop
 endfacet
 facet normal  0.000000e+00 -5.735764e-01  8.191520e-01
   outer loop
     vertex -4.381500e+02 -5.351701e+01  1.944119e+03
     vertex -5.397500e+02 -4.445000e+01  1.950468e+03
     vertex -5.397500e+02 -5.351701e+01  1.944119e+03
   endloop
 endfacet
 facet normal  0.000000e+00 -5.735764e-01  8.191520e-01
   outer loop
     vertex -4.381500e+02 -5.351701e+01  1.944119e+03
     vertex -4.381500e+02 -4.445000e+01  1.950468e+03
     vertex -5.397500e+02 -4.445000e+01  1.950468e+03
   endloop
 endfacet
 facet normal  0.000000e+00 -8.191520e-01  5.735764e-01
   outer loop
     vertex -4.381500e+02 -6.134382e+01  1.936292e+03
     vertex -5.397500e+02 -6.134382e+01  1.936292e+03
     vertex -5.397500e+02 -6.769261e+01  1.927225e+03
   endloop
 endfacet
 facet normal  0.000000e+00 -7.071068e-01  7.071068e-01
   outer loop
     vertex -4.381500e+02 -6.134382e+01  1.936292e+03
     vertex -5.397500e+02 -5.351701e+01  1.944119e+03
     vertex -5.397500e+02 -6.134382e+01  1.936292e+03
   endloop
 endfacet
 facet normal  0.000000e+00 -7.071068e-01  7.071068e-01
   outer loop
     vertex -4.381500e+02 -6.134382e+01  1.936292e+03
     vertex -4.381500e+02 -5.351701e+01  1.944119e+03
     vertex -5.397500e+02 -5.351701e+01  1.944119e+03
   endloop
 endfacet
 facet normal  0.000000e+00 -8.191520e-01  5.735764e-01
   outer loop
     vertex -4.381500e+02 -6.769261e+01  1.927225e+03
     vertex -4.381500e+02 -6.134382e+01  1.936292e+03
     vertex -5.397500e+02 -6.769261e+01  1.927225e+03
   endloop
 endfacet
 facet normal  0.000000e+00 -9.063078e-01  4.226183e-01
   outer loop
     vertex -4.381500e+02 -7.237048e+01  1.917193e+03
     vertex -5.397500e+02 -6.769261e+01  1.927225e+03
     vertex -5.397500e+02 -7.237048e+01  1.917193e+03
   endloop
 endfacet
 facet normal  0.000000e+00 -9.063078e-01  4.226183e-01
   outer loop
     vertex -4.381500e+02 -7.237048e+01  1.917193e+03
     vertex -4.381500e+02 -6.769261e+01  1.927225e+03
     vertex -5.397500e+02 -6.769261e+01  1.927225e+03
   endloop
 endfacet
 facet normal  0.000000e+00 -9.659258e-01  2.588190e-01
   outer loop
     vertex -4.381500e+02 -7.523529e+01  1.906502e+03
     vertex -5.397500e+02 -7.237048e+01  1.917193e+03
     vertex -5.397500e+02 -7.523529e+01  1.906502e+03
   endloop
 endfacet
 facet normal  0.000000e+00 -9.659258e-01  2.588190e-01
   outer loop
     vertex -4.381500e+02 -7.523529e+01  1.906502e+03
     vertex -4.381500e+02 -7.237048e+01  1.917193e+03
     vertex -5.397500e+02 -7.237048e+01  1.917193e+03
   endloop
 endfacet
 facet normal  0.000000e+00 -9.961947e-01  8.715574e-02
   outer loop
     vertex -4.381500e+02 -7.620000e+01  1.895475e+03
     vertex -5.397500e+02 -7.523529e+01  1.906502e+03
     vertex -5.397500e+02 -7.620000e+01  1.895475e+03
   endloop
 endfacet
 facet normal  0.000000e+00 -9.961947e-01  8.715574e-02
   outer loop
     vertex -4.381500e+02 -7.620000e+01  1.895475e+03
     vertex -4.381500e+02 -7.523529e+01  1.906502e+03
     vertex -5.397500e+02 -7.523529e+01  1.906502e+03
   endloop
 endfacet
 facet normal -0.000000e+00 -9.961947e-01 -8.715574e-02
   outer loop
     vertex -4.381500e+02 -7.523529e+01  1.884448e+03
     vertex -5.397500e+02 -7.620000e+01  1.895475e+03
     vertex -5.397500e+02 -7.523529e+01  1.884448e+03
   endloop
 endfacet
 facet normal  0.000000e+00 -9.961947e-01 -8.715574e-02
   outer loop
     vertex -4.381500e+02 -7.523529e+01  1.884448e+03
     vertex -4.381500e+02 -7.620000e+01  1.895475e+03
     vertex -5.397500e+02 -7.620000e+01  1.895475e+03
   endloop
 endfacet
 facet normal -0.000000e+00 -9.659258e-01 -2.588190e-01
   outer loop
     vertex -4.381500e+02 -7.237048e+01  1.873757e+03
     vertex -5.397500e+02 -7.523529e+01  1.884448e+03
     vertex -5.397500e+02 -7.237048e+01  1.873757e+03
   endloop
 endfacet
 facet normal  0.000000e+00 -9.659258e-01 -2.588190e-01
   outer loop
     vertex -4.381500e+02 -7.237048e+01  1.873757e+03
     vertex -4.381500e+02 -7.523529e+01  1.884448e+03
     vertex -5.397500e+02 -7.523529e+01  1.884448e+03
   endloop
 endfacet
 facet normal -0.000000e+00 -9.063078e-01 -4.226183e-01
   outer loop
     vertex -4.381500e+02 -6.769261e+01  1.863725e+03
     vertex -5.397500e+02 -7.237048e+01  1.873757e+03
     vertex -5.397500e+02 -6.769261e+01  1.863725e+03
   endloop
 endfacet
 facet normal  0.000000e+00 -9.063078e-01 -4.226183e-01
   outer loop
     vertex -4.381500e+02 -6.769261e+01  1.863725e+03
     vertex -4.381500e+02 -7.237048e+01  1.873757e+03
     vertex -5.397500e+02 -7.237048e+01  1.873757e+03
   endloop
 endfacet
 facet normal -0.000000e+00 -8.191520e-01 -5.735764e-01
   outer loop
     vertex -4.381500e+02 -6.134382e+01  1.854658e+03
     vertex -5.397500e+02 -6.769261e+01  1.863725e+03
     vertex -5.397500e+02 -6.134382e+01  1.854658e+03
   endloop
 endfacet
 facet normal  0.000000e+00 -8.191520e-01 -5.735764e-01
   outer loop
     vertex -4.381500e+02 -6.134382e+01  1.854658e+03
     vertex -4.381500e+02 -6.769261e+01  1.863725e+03
     vertex -5.397500e+02 -6.769261e+01  1.863725e+03
   endloop
 endfacet
 facet normal -0.000000e+00 -7.071068e-01 -7.071068e-01
   outer loop
     vertex -4.381500e+02 -5.351701e+01  1.846831e+03
     vertex -5.397500e+02 -6.134382e+01  1.854658e+03
     vertex -5.397500e+02 -5.351701e+01  1.846831e+03
   endloop
 endfacet
 facet normal  0.000000e+00 -7.071068e-01 -7.071068e-01
   outer loop
     vertex -4.381500e+02 -5.351701e+01  1.846831e+03
     vertex -4.381500e+02 -6.134382e+01  1.854658e+03
     vertex -5.397500e+02 -6.134382e+01  1.854658e+03
   endloop
 endfacet
 facet normal  0.000000e+00 -5.735764e-01 -8.191520e-01
   outer loop
     vertex -4.381500e+02 -4.445000e+01  1.840482e+03
     vertex -4.381500e+02 -5.351701e+01  1.846831e+03
     vertex -5.397500e+02 -5.351701e+01  1.846831e+03
   endloop
 endfacet
 facet normal -0.000000e+00 -5.735764e-01 -8.191520e-01
   outer loop
     vertex -4.381500e+02 -4.445000e+01  1.840482e+03
     vertex -5.397500e+02 -5.351701e+01  1.846831e+03
     vertex -5.397500e+02 -4.445000e+01  1.840482e+03
   endloop
 endfacet
 facet normal  0.000000e+00 -4.226183e-01 -9.063078e-01
   outer loop
     vertex -4.381500e+02 -3.441828e+01  1.835805e+03
     vertex -4.381500e+02 -4.445000e+01  1.840482e+03
     vertex -5.397500e+02 -4.445000e+01  1.840482e+03
   endloop
 endfacet
 facet normal -0.000000e+00 -2.588190e-01 -9.659258e-01
   outer loop
     vertex -4.381500e+02 -3.441828e+01  1.835805e+03
     vertex -5.397500e+02 -3.441828e+01  1.835805e+03
     vertex -5.397500e+02 -2.372666e+01  1.832940e+03
   endloop
 endfacet
 facet normal -0.000000e+00 -4.226183e-01 -9.063078e-01
   outer loop
     vertex -4.381500e+02 -3.441828e+01  1.835805e+03
     vertex -5.397500e+02 -4.445000e+01  1.840482e+03
     vertex -5.397500e+02 -3.441828e+01  1.835805e+03
   endloop
 endfacet
 facet normal -0.000000e+00 -2.588190e-01 -9.659258e-01
   outer loop
     vertex -4.381500e+02 -2.372666e+01  1.832940e+03
     vertex -4.381500e+02 -3.441828e+01  1.835805e+03
     vertex -5.397500e+02 -2.372666e+01  1.832940e+03
   endloop
 endfacet
 facet normal -0.000000e+00 -8.715574e-02 -9.961947e-01
   outer loop
     vertex -4.381500e+02 -1.270000e+01  1.831975e+03
     vertex -5.397500e+02 -2.372666e+01  1.832940e+03
     vertex -5.397500e+02 -1.270000e+01  1.831975e+03
   endloop
 endfacet
 facet normal  0.000000e+00 -8.715574e-02 -9.961947e-01
   outer loop
     vertex -4.381500e+02 -1.270000e+01  1.831975e+03
     vertex -4.381500e+02 -2.372666e+01  1.832940e+03
     vertex -5.397500e+02 -2.372666e+01  1.832940e+03
   endloop
 endfacet
 facet normal  1.000000e+00  0.000000e+00  0.000000e+00
   outer loop
     vertex -4.381500e+02 -3.441828e+01  1.835805e+03
     vertex -4.381500e+02 -5.351701e+01  1.846831e+03
     vertex -4.381500e+02 -4.445000e+01  1.840482e+03
   endloop
 endfacet
 facet normal  1.000000e+00  0.000000e+00  0.000000e+00
   outer loop
     vertex -4.381500e+02 -3.441828e+01  1.835805e+03
     vertex -4.381500e+02 -6.134382e+01  1.854658e+03
     vertex -4.381500e+02 -5.351701e+01  1.846831e+03
   endloop
 endfacet
 facet normal  1.000000e+00  0.000000e+00  0.000000e+00
   outer loop
     vertex -4.381500e+02 -3.441828e+01  1.835805e+03
     vertex -4.381500e+02 -6.769261e+01  1.863725e+03
     vertex -4.381500e+02 -6.134382e+01  1.854658e+03
   endloop
 endfacet
 facet normal  1.000000e+00  0.000000e+00  0.000000e+00
   outer loop
     vertex -4.381500e+02 -7.620000e+01  1.895475e+03
     vertex -4.381500e+02 -7.523529e+01  1.884448e+03
     vertex -4.381500e+02 -7.237048e+01  1.873757e+03
   endloop
 endfacet
 facet normal  1.000000e+00  0.000000e+00  0.000000e+00
   outer loop
     vertex -4.381500e+02 -1.270000e+01  1.831975e+03
     vertex -4.381500e+02 -3.441828e+01  1.835805e+03
     vertex -4.381500e+02 -2.372666e+01  1.832940e+03
   endloop
 endfacet
 facet normal  1.000000e+00  0.000000e+00  0.000000e+00
   outer loop
     vertex -4.381500e+02 -6.769261e+01  1.927225e+03
     vertex -4.381500e+02 -7.523529e+01  1.906502e+03
     vertex -4.381500e+02 -7.620000e+01  1.895475e+03
   endloop
 endfacet
 facet normal  1.000000e+00  0.000000e+00  0.000000e+00
   outer loop
     vertex -4.381500e+02 -6.769261e+01  1.927225e+03
     vertex -4.381500e+02 -7.237048e+01  1.917193e+03
     vertex -4.381500e+02 -7.523529e+01  1.906502e+03
   endloop
 endfacet
 facet normal  1.000000e+00  0.000000e+00  0.000000e+00
   outer loop
     vertex -4.381500e+02 -6.134382e+01  1.936292e+03
     vertex -4.381500e+02 -6.769261e+01  1.927225e+03
     vertex -4.381500e+02 -7.620000e+01  1.895475e+03
   endloop
 endfacet
 facet normal  1.000000e+00  0.000000e+00  0.000000e+00
   outer loop
     vertex -4.381500e+02  2.811701e+01  1.846831e+03
     vertex -4.381500e+02  9.018279e+00  1.835805e+03
     vertex -4.381500e+02  1.905000e+01  1.840482e+03
   endloop
 endfacet
 facet normal  1.000000e+00  0.000000e+00  0.000000e+00
   outer loop
     vertex -4.381500e+02  2.811701e+01  1.846831e+03
     vertex -4.381500e+02 -1.673341e+00  1.832940e+03
     vertex -4.381500e+02  9.018279e+00  1.835805e+03
   endloop
 endfacet
 facet normal  1.000000e+00  0.000000e+00  0.000000e+00
   outer loop
     vertex -4.381500e+02 -5.351701e+01  1.944119e+03
     vertex -4.381500e+02 -7.237048e+01  1.873757e+03
     vertex -4.381500e+02 -6.769261e+01  1.863725e+03
   endloop
 endfacet
 facet normal  1.000000e+00  0.000000e+00  0.000000e+00
   outer loop
     vertex -4.381500e+02 -5.351701e+01  1.944119e+03
     vertex -4.381500e+02 -7.620000e+01  1.895475e+03
     vertex -4.381500e+02 -7.237048e+01  1.873757e+03
   endloop
 endfacet
 facet normal  1.000000e+00  0.000000e+00  0.000000e+00
   outer loop
     vertex -4.381500e+02 -5.351701e+01  1.944119e+03
     vertex -4.381500e+02 -6.134382e+01  1.936292e+03
     vertex -4.381500e+02 -7.620000e+01  1.895475e+03
   endloop
 endfacet
 facet normal  1.000000e+00  0.000000e+00  0.000000e+00
   outer loop
     vertex -4.381500e+02 -3.441828e+01  1.955145e+03
     vertex -4.381500e+02 -4.445000e+01  1.950468e+03
     vertex -4.381500e+02 -5.351701e+01  1.944119e+03
   endloop
 endfacet
 facet normal  1.000000e+00  0.000000e+00  0.000000e+00
   outer loop
     vertex -4.381500e+02  4.983529e+01  1.884448e+03
     vertex -4.381500e+02  4.229261e+01  1.863725e+03
     vertex -4.381500e+02  4.697048e+01  1.873757e+03
   endloop
 endfacet
 facet normal  1.000000e+00  0.000000e+00  0.000000e+00
   outer loop
     vertex -4.381500e+02  4.983529e+01  1.884448e+03
     vertex -4.381500e+02  3.594382e+01  1.854658e+03
     vertex -4.381500e+02  4.229261e+01  1.863725e+03
   endloop
 endfacet
 facet normal  1.000000e+00  0.000000e+00  0.000000e+00
   outer loop
     vertex -4.381500e+02 -1.270000e+01  1.958975e+03
     vertex -4.381500e+02 -1.270000e+01  1.831975e+03
     vertex -4.381500e+02 -1.673341e+00  1.832940e+03
   endloop
 endfacet
 facet normal  1.000000e+00  0.000000e+00  0.000000e+00
   outer loop
     vertex -4.381500e+02 -1.270000e+01  1.958975e+03
     vertex -4.381500e+02 -2.372666e+01  1.958010e+03
     vertex -4.381500e+02 -3.441828e+01  1.955145e+03
   endloop
 endfacet
 facet normal  1.000000e+00  0.000000e+00  0.000000e+00
   outer loop
     vertex -4.381500e+02 -1.270000e+01  1.958975e+03
     vertex -4.381500e+02 -6.769261e+01  1.863725e+03
     vertex -4.381500e+02 -3.441828e+01  1.835805e+03
   endloop
 endfacet
 facet normal  1.000000e+00  0.000000e+00  0.000000e+00
   outer loop
     vertex -4.381500e+02 -1.270000e+01  1.958975e+03
     vertex -4.381500e+02 -3.441828e+01  1.835805e+03
     vertex -4.381500e+02 -1.270000e+01  1.831975e+03
   endloop
 endfacet
 facet normal  1.000000e+00  0.000000e+00  0.000000e+00
   outer loop
     vertex -4.381500e+02 -1.270000e+01  1.958975e+03
     vertex -4.381500e+02 -5.351701e+01  1.944119e+03
     vertex -4.381500e+02 -6.769261e+01  1.863725e+03
   endloop
 endfacet
 facet normal  1.000000e+00  0.000000e+00  0.000000e+00
   outer loop
     vertex -4.381500e+02 -1.270000e+01  1.958975e+03
     vertex -4.381500e+02 -3.441828e+01  1.955145e+03
     vertex -4.381500e+02 -5.351701e+01  1.944119e+03
   endloop
 endfacet
 facet normal  1.000000e+00  0.000000e+00  0.000000e+00
   outer loop
     vertex -4.381500e+02  5.080000e+01  1.895475e+03
     vertex -4.381500e+02  2.811701e+01  1.846831e+03
     vertex -4.381500e+02  3.594382e+01  1.854658e+03
   endloop
 endfacet
 facet normal  1.000000e+00  0.000000e+00  0.000000e+00
   outer loop
     vertex -4.381500e+02  5.080000e+01  1.895475e+03
     vertex -4.381500e+02 -1.673341e+00  1.832940e+03
     vertex -4.381500e+02  2.811701e+01  1.846831e+03
   endloop
 endfacet
 facet normal  1.000000e+00  0.000000e+00  0.000000e+00
   outer loop
     vertex -4.381500e+02  5.080000e+01  1.895475e+03
     vertex -4.381500e+02  3.594382e+01  1.854658e+03
     vertex -4.381500e+02  4.983529e+01  1.884448e+03
   endloop
 endfacet
 facet normal  1.000000e+00  0.000000e+00  0.000000e+00
   outer loop
     vertex -4.381500e+02  1.905000e+01  1.950468e+03
     vertex -4.381500e+02  9.018279e+00  1.955145e+03
     vertex -4.381500e+02 -1.673341e+00  1.958010e+03
   endloop
 endfacet
 facet normal  1.000000e+00  0.000000e+00  0.000000e+00
   outer loop
     vertex -4.381500e+02  2.811701e+01  1.944119e+03
     vertex -4.381500e+02 -1.673341e+00  1.958010e+03
     vertex -4.381500e+02 -1.270000e+01  1.958975e+03
   endloop
 endfacet
 facet normal  1.000000e+00  0.000000e+00  0.000000e+00
   outer loop
     vertex -4.381500e+02  2.811701e+01  1.944119e+03
     vertex -4.381500e+02  1.905000e+01  1.950468e+03
     vertex -4.381500e+02 -1.673341e+00  1.958010e+03
   endloop
 endfacet
 facet normal  1.000000e+00  0.000000e+00  0.000000e+00
   outer loop
     vertex -4.381500e+02  2.811701e+01  1.944119e+03
     vertex -4.381500e+02 -1.270000e+01  1.958975e+03
     vertex -4.381500e+02 -1.673341e+00  1.832940e+03
   endloop
 endfacet
 facet normal  1.000000e+00  0.000000e+00  0.000000e+00
   outer loop
     vertex -4.381500e+02  3.594382e+01  1.936292e+03
     vertex -4.381500e+02  4.697048e+01  1.917193e+03
     vertex -4.381500e+02  4.229261e+01  1.927225e+03
   endloop
 endfacet
 facet normal  1.000000e+00  0.000000e+00  0.000000e+00
   outer loop
     vertex -4.381500e+02  3.594382e+01  1.936292e+03
     vertex -4.381500e+02  4.983529e+01  1.906502e+03
     vertex -4.381500e+02  4.697048e+01  1.917193e+03
   endloop
 endfacet
 facet normal  1.000000e+00  0.000000e+00  0.000000e+00
   outer loop
     vertex -4.381500e+02  3.594382e+01  1.936292e+03
     vertex -4.381500e+02  2.811701e+01  1.944119e+03
     vertex -4.381500e+02 -1.673341e+00  1.832940e+03
   endloop
 endfacet
 facet normal  1.000000e+00  0.000000e+00  0.000000e+00
   outer loop
     vertex -4.381500e+02  3.594382e+01  1.936292e+03
     vertex -4.381500e+02  5.080000e+01  1.895475e+03
     vertex -4.381500e+02  4.983529e+01  1.906502e+03
   endloop
 endfacet
 facet normal  1.000000e+00  0.000000e+00  0.000000e+00
   outer loop
     vertex -4.381500e+02  3.594382e+01  1.936292e+03
     vertex -4.381500e+02 -1.673341e+00  1.832940e+03
     vertex -4.381500e+02  5.080000e+01  1.895475e+03
   endloop
 endfacet
 facet normal -1.000000e+00  0.000000e+00  0.000000e+00
   outer loop
     vertex -5.397500e+02 -6.769261e+01  1.863725e+03
     vertex -5.397500e+02 -5.351701e+01  1.846831e+03
     vertex -5.397500e+02 -6.134382e+01  1.854658e+03
   endloop
 endfacet
 facet normal -1.000000e+00  0.000000e+00  0.000000e+00
   outer loop
     vertex -5.397500e+02 -3.441828e+01  1.835805e+03
     vertex -5.397500e+02 -4.445000e+01  1.840482e+03
     vertex -5.397500e+02 -5.351701e+01  1.846831e+03
   endloop
 endfacet
 facet normal -1.000000e+00  0.000000e+00  0.000000e+00
   outer loop
     vertex -5.397500e+02 -7.523529e+01  1.884448e+03
     vertex -5.397500e+02 -6.769261e+01  1.863725e+03
     vertex -5.397500e+02 -7.237048e+01  1.873757e+03
   endloop
 endfacet
 facet normal -1.000000e+00  0.000000e+00  0.000000e+00
   outer loop
     vertex -5.397500e+02 -7.620000e+01  1.895475e+03
     vertex -5.397500e+02 -6.769261e+01  1.863725e+03
     vertex -5.397500e+02 -7.523529e+01  1.884448e+03
   endloop
 endfacet
 facet normal -1.000000e+00  0.000000e+00  0.000000e+00
   outer loop
     vertex -5.397500e+02 -6.769261e+01  1.927225e+03
     vertex -5.397500e+02 -7.620000e+01  1.895475e+03
     vertex -5.397500e+02 -7.523529e+01  1.906502e+03
   endloop
 endfacet
 facet normal -1.000000e+00  0.000000e+00  0.000000e+00
   outer loop
     vertex -5.397500e+02 -6.769261e+01  1.927225e+03
     vertex -5.397500e+02 -7.523529e+01  1.906502e+03
     vertex -5.397500e+02 -7.237048e+01  1.917193e+03
   endloop
 endfacet
 facet normal -1.000000e+00  0.000000e+00 -0.000000e+00
   outer loop
     vertex -5.397500e+02 -6.769261e+01  1.927225e+03
     vertex -5.397500e+02 -6.769261e+01  1.863725e+03
     vertex -5.397500e+02 -7.620000e+01  1.895475e+03
   endloop
 endfacet
 facet normal -1.000000e+00  0.000000e+00  0.000000e+00
   outer loop
     vertex -5.397500e+02  1.905000e+01  1.840482e+03
     vertex -5.397500e+02  9.018279e+00  1.835805e+03
     vertex -5.397500e+02 -1.673341e+00  1.832940e+03
   endloop
 endfacet
 facet normal -1.000000e+00  0.000000e+00  0.000000e+00
   outer loop
     vertex -5.397500e+02 -5.351701e+01  1.944119e+03
     vertex -5.397500e+02 -6.769261e+01  1.927225e+03
     vertex -5.397500e+02 -6.134382e+01  1.936292e+03
   endloop
 endfacet
 facet normal -1.000000e+00  0.000000e+00 -0.000000e+00
   outer loop
     vertex -5.397500e+02 -5.351701e+01  1.944119e+03
     vertex -5.397500e+02 -5.351701e+01  1.846831e+03
     vertex -5.397500e+02 -6.769261e+01  1.863725e+03
   endloop
 endfacet
 facet normal -1.000000e+00  0.000000e+00  0.000000e+00
   outer loop
     vertex -5.397500e+02 -5.351701e+01  1.944119e+03
     vertex -5.397500e+02 -3.441828e+01  1.835805e+03
     vertex -5.397500e+02 -5.351701e+01  1.846831e+03
   endloop
 endfacet
 facet normal -1.000000e+00  0.000000e+00  0.000000e+00
   outer loop
     vertex -5.397500e+02 -5.351701e+01  1.944119e+03
     vertex -5.397500e+02 -6.769261e+01  1.863725e+03
     vertex -5.397500e+02 -6.769261e+01  1.927225e+03
   endloop
 endfacet
 facet normal -1.000000e+00  0.000000e+00  0.000000e+00
   outer loop
     vertex -5.397500e+02  3.594382e+01  1.854658e+03
     vertex -5.397500e+02  2.811701e+01  1.846831e+03
     vertex -5.397500e+02  1.905000e+01  1.840482e+03
   endloop
 endfacet
 facet normal -1.000000e+00  0.000000e+00 -0.000000e+00
   outer loop
     vertex -5.397500e+02 -4.445000e+01  1.950468e+03
     vertex -5.397500e+02 -3.441828e+01  1.835805e+03
     vertex -5.397500e+02 -5.351701e+01  1.944119e+03
   endloop
 endfacet
 facet normal -1.000000e+00  0.000000e+00  0.000000e+00
   outer loop
     vertex -5.397500e+02  4.697048e+01  1.873757e+03
     vertex -5.397500e+02  4.229261e+01  1.863725e+03
     vertex -5.397500e+02  3.594382e+01  1.854658e+03
   endloop
 endfacet
 facet normal -1.000000e+00  0.000000e+00  0.000000e+00
   outer loop
     vertex -5.397500e+02 -1.270000e+01  1.958975e+03
     vertex -5.397500e+02 -1.270000e+01  1.831975e+03
     vertex -5.397500e+02 -2.372666e+01  1.832940e+03
   endloop
 endfacet
 facet normal -1.000000e+00  0.000000e+00  0.000000e+00
   outer loop
     vertex -5.397500e+02 -1.270000e+01  1.958975e+03
     vertex -5.397500e+02 -2.372666e+01  1.832940e+03
     vertex -5.397500e+02 -3.441828e+01  1.835805e+03
   endloop
 endfacet
 facet normal -1.000000e+00  0.000000e+00  0.000000e+00
   outer loop
     vertex -5.397500e+02 -1.270000e+01  1.958975e+03
     vertex -5.397500e+02 -4.445000e+01  1.950468e+03
     vertex -5.397500e+02 -3.441828e+01  1.955145e+03
   endloop
 endfacet
 facet normal -1.000000e+00  0.000000e+00  0.000000e+00
   outer loop
     vertex -5.397500e+02 -1.270000e+01  1.958975e+03
     vertex -5.397500e+02 -3.441828e+01  1.955145e+03
     vertex -5.397500e+02 -2.372666e+01  1.958010e+03
   endloop
 endfacet
 facet normal -1.000000e+00  0.000000e+00  0.000000e+00
   outer loop
     vertex -5.397500e+02 -1.270000e+01  1.958975e+03
     vertex -5.397500e+02 -3.441828e+01  1.835805e+03
     vertex -5.397500e+02 -4.445000e+01  1.950468e+03
   endloop
 endfacet
 facet normal -1.000000e+00  0.000000e+00 -0.000000e+00
   outer loop
     vertex -5.397500e+02 -1.673341e+00  1.958010e+03
     vertex -5.397500e+02 -1.673341e+00  1.832940e+03
     vertex -5.397500e+02 -1.270000e+01  1.831975e+03
   endloop
 endfacet
 facet normal -1.000000e+00  0.000000e+00  0.000000e+00
   outer loop
     vertex -5.397500e+02 -1.673341e+00  1.958010e+03
     vertex -5.397500e+02  1.905000e+01  1.840482e+03
     vertex -5.397500e+02 -1.673341e+00  1.832940e+03
   endloop
 endfacet
 facet normal -1.000000e+00 -0.000000e+00  0.000000e+00
   outer loop
     vertex -5.397500e+02 -1.673341e+00  1.958010e+03
     vertex -5.397500e+02 -1.270000e+01  1.831975e+03
     vertex -5.397500e+02 -1.270000e+01  1.958975e+03
   endloop
 endfacet
 facet normal -1.000000e+00 -0.000000e+00 -0.000000e+00
   outer loop
     vertex -5.397500e+02  9.018279e+00  1.955145e+03
     vertex -5.397500e+02  1.905000e+01  1.840482e+03
     vertex -5.397500e+02 -1.673341e+00  1.958010e+03
   endloop
 endfacet
 facet normal -1.000000e+00  0.000000e+00  0.000000e+00
   outer loop
     vertex -5.397500e+02  4.697048e+01  1.917193e+03
     vertex -5.397500e+02  4.983529e+01  1.906502e+03
     vertex -5.397500e+02  5.080000e+01  1.895475e+03
   endloop
 endfacet
 facet normal -1.000000e+00  0.000000e+00  0.000000e+00
   outer loop
     vertex -5.397500e+02  4.697048e+01  1.917193e+03
     vertex -5.397500e+02  5.080000e+01  1.895475e+03
     vertex -5.397500e+02  4.983529e+01  1.884448e+03
   endloop
 endfacet
 facet normal -1.000000e+00  0.000000e+00  0.000000e+00
   outer loop
     vertex -5.397500e+02  4.697048e+01  1.917193e+03
     vertex -5.397500e+02  4.983529e+01  1.884448e+03
     vertex -5.397500e+02  4.697048e+01  1.873757e+03
   endloop
 endfacet
 facet normal -1.000000e+00  0.000000e+00 -0.000000e+00
   outer loop
     vertex -5.397500e+02  4.697048e+01  1.917193e+03
     vertex -5.397500e+02  4.697048e+01  1.873757e+03
     vertex -5.397500e+02  3.594382e+01  1.854658e+03
   endloop
 endfacet
 facet normal -1.000000e+00 -0.000000e+00  0.000000e+00
   outer loop
     vertex -5.397500e+02  2.811701e+01  1.944119e+03
     vertex -5.397500e+02  1.905000e+01  1.840482e+03
     vertex -5.397500e+02  9.018279e+00  1.955145e+03
   endloop
 endfacet
 facet normal -1.000000e+00  0.000000e+00  0.000000e+00
   outer loop
     vertex -5.397500e+02  2.811701e+01  1.944119e+03
     vertex -5.397500e+02  9.018279e+00  1.955145e+03
     vertex -5.397500e+02  1.905000e+01  1.950468e+03
   endloop
 endfacet
 facet normal -1.000000e+00  0.000000e+00 -0.000000e+00
   outer loop
     vertex -5.397500e+02  2.811701e+01  1.944119e+03
     vertex -5.397500e+02  3.594382e+01  1.854658e+03
     vertex -5.397500e+02  1.905000e+01  1.840482e+03
   endloop
 endfacet
 facet normal -1.000000e+00  0.000000e+00  0.000000e+00
   outer loop
     vertex -5.397500e+02  2.811701e+01  1.944119e+03
     vertex -5.397500e+02  4.697048e+01  1.917193e+03
     vertex -5.397500e+02  3.594382e+01  1.854658e+03
   endloop
 endfacet
 facet normal -1.000000e+00 -0.000000e+00 -0.000000e+00
   outer loop
     vertex -5.397500e+02  3.594382e+01  1.936292e+03
     vertex -5.397500e+02  4.697048e+01  1.917193e+03
     vertex -5.397500e+02  2.811701e+01  1.944119e+03
   endloop
 endfacet
 facet normal -1.000000e+00  0.000000e+00  0.000000e+00
   outer loop
     vertex -5.397500e+02  3.594382e+01  1.936292e+03
     vertex -5.397500e+02  4.229261e+01  1.927225e+03
     vertex -5.397500e+02  4.697048e+01  1.917193e+03
   endloop
 endfacet
 facet normal  0.000000e+00  8.715574e-02 -9.961947e-01
   outer loop
     vertex -4.381500e+02 -1.673341e+00  1.680540e+03
     vertex -5.397500e+02 -1.270000e+01  1.679575e+03
     vertex -5.397500e+02 -1.673341e+00  1.680540e+03
   endloop
 endfacet
 facet normal  0.000000e+00  8.715574e-02 -9.961947e-01
   outer loop
     vertex -4.381500e+02 -1.673341e+00  1.680540e+03
     vertex -4.381500e+02 -1.270000e+01  1.679575e+03
     vertex -5.397500e+02 -1.270000e+01  1.679575e+03
   endloop
 endfacet
 facet normal  0.000000e+00  2.588190e-01 -9.659258e-01
   outer loop
     vertex -4.381500e+02  9.018279e+00  1.683405e+03
     vertex -5.397500e+02 -1.673341e+00  1.680540e+03
     vertex -5.397500e+02  9.018279e+00  1.683405e+03
   endloop
 endfacet
 facet normal  0.000000e+00  2.588190e-01 -9.659258e-01
   outer loop
     vertex -4.381500e+02  9.018279e+00  1.683405e+03
     vertex -4.381500e+02 -1.673341e+00  1.680540e+03
     vertex -5.397500e+02 -1.673341e+00  1.680540e+03
   endloop
 endfacet
 facet normal  0.000000e+00  4.226183e-01 -9.063078e-01
   outer loop
     vertex -4.381500e+02  1.905000e+01  1.688082e+03
     vertex -5.397500e+02  9.018279e+00  1.683405e+03
     vertex -5.397500e+02  1.905000e+01  1.688082e+03
   endloop
 endfacet
 facet normal  0.000000e+00  4.226183e-01 -9.063078e-01
   outer loop
     vertex -4.381500e+02  1.905000e+01  1.688082e+03
     vertex -4.381500e+02  9.018279e+00  1.683405e+03
     vertex -5.397500e+02  9.018279e+00  1.683405e+03
   endloop
 endfacet
 facet normal  0.000000e+00  5.735764e-01 -8.191520e-01
   outer loop
     vertex -4.381500e+02  2.811701e+01  1.694431e+03
     vertex -5.397500e+02  1.905000e+01  1.688082e+03
     vertex -5.397500e+02  2.811701e+01  1.694431e+03
   endloop
 endfacet
 facet normal  0.000000e+00  5.735764e-01 -8.191520e-01
   outer loop
     vertex -4.381500e+02  2.811701e+01  1.694431e+03
     vertex -4.381500e+02  1.905000e+01  1.688082e+03
     vertex -5.397500e+02  1.905000e+01  1.688082e+03
   endloop
 endfacet
 facet normal  0.000000e+00  7.071068e-01 -7.071068e-01
   outer loop
     vertex -4.381500e+02  3.594382e+01  1.702258e+03
     vertex -5.397500e+02  2.811701e+01  1.694431e+03
     vertex -5.397500e+02  3.594382e+01  1.702258e+03
   endloop
 endfacet
 facet normal  0.000000e+00  7.071068e-01 -7.071068e-01
   outer loop
     vertex -4.381500e+02  3.594382e+01  1.702258e+03
     vertex -4.381500e+02  2.811701e+01  1.694431e+03
     vertex -5.397500e+02  2.811701e+01  1.694431e+03
   endloop
 endfacet
 facet normal  0.000000e+00  8.191520e-01 -5.735764e-01
   outer loop
     vertex -4.381500e+02  4.229261e+01  1.711325e+03
     vertex -5.397500e+02  3.594382e+01  1.702258e+03
     vertex -5.397500e+02  4.229261e+01  1.711325e+03
   endloop
 endfacet
 facet normal  0.000000e+00  8.191520e-01 -5.735764e-01
   outer loop
     vertex -4.381500e+02  4.229261e+01  1.711325e+03
     vertex -4.381500e+02  3.594382e+01  1.702258e+03
     vertex -5.397500e+02  3.594382e+01  1.702258e+03
   endloop
 endfacet
 facet normal  0.000000e+00  9.063078e-01 -4.226183e-01
   outer loop
     vertex -4.381500e+02  4.697048e+01  1.721357e+03
     vertex -5.397500e+02  4.229261e+01  1.711325e+03
     vertex -5.397500e+02  4.697048e+01  1.721357e+03
   endloop
 endfacet
 facet normal  0.000000e+00  9.063078e-01 -4.226183e-01
   outer loop
     vertex -4.381500e+02  4.697048e+01  1.721357e+03
     vertex -4.381500e+02  4.229261e+01  1.711325e+03
     vertex -5.397500e+02  4.229261e+01  1.711325e+03
   endloop
 endfacet
 facet normal  0.000000e+00  9.659258e-01 -2.588190e-01
   outer loop
     vertex -4.381500e+02  4.983529e+01  1.732048e+03
     vertex -5.397500e+02  4.697048e+01  1.721357e+03
     vertex -5.397500e+02  4.983529e+01  1.732048e+03
   endloop
 endfacet
 facet normal  0.000000e+00  9.659258e-01 -2.588190e-01
   outer loop
     vertex -4.381500e+02  4.983529e+01  1.732048e+03
     vertex -4.381500e+02  4.697048e+01  1.721357e+03
     vertex -5.397500e+02  4.697048e+01  1.721357e+03
   endloop
 endfacet
 facet normal  0.000000e+00  9.961947e-01 -8.715574e-02
   outer loop
     vertex -4.381500e+02  5.080000e+01  1.743075e+03
     vertex -5.397500e+02  4.983529e+01  1.732048e+03
     vertex -5.397500e+02  5.080000e+01  1.743075e+03
   endloop
 endfacet
 facet normal  0.000000e+00  9.961947e-01 -8.715574e-02
   outer loop
     vertex -4.381500e+02  5.080000e+01  1.743075e+03
     vertex -4.381500e+02  4.983529e+01  1.732048e+03
     vertex -5.397500e+02  4.983529e+01  1.732048e+03
   endloop
 endfacet
 facet normal  0.000000e+00  9.961947e-01  8.715574e-02
   outer loop
     vertex -4.381500e+02  4.983529e+01  1.754102e+03
     vertex -5.397500e+02  5.080000e+01  1.743075e+03
     vertex -5.397500e+02  4.983529e+01  1.754102e+03
   endloop
 endfacet
 facet normal  0.000000e+00  9.961947e-01  8.715574e-02
   outer loop
     vertex -4.381500e+02  4.983529e+01  1.754102e+03
     vertex -4.381500e+02  5.080000e+01  1.743075e+03
     vertex -5.397500e+02  5.080000e+01  1.743075e+03
   endloop
 endfacet
 facet normal  0.000000e+00  9.659258e-01  2.588190e-01
   outer loop
     vertex -4.381500e+02  4.697048e+01  1.764793e+03
     vertex -5.397500e+02  4.983529e+01  1.754102e+03
     vertex -5.397500e+02  4.697048e+01  1.764793e+03
   endloop
 endfacet
 facet normal  0.000000e+00  9.659258e-01  2.588190e-01
   outer loop
     vertex -4.381500e+02  4.697048e+01  1.764793e+03
     vertex -4.381500e+02  4.983529e+01  1.754102e+03
     vertex -5.397500e+02  4.983529e+01  1.754102e+03
   endloop
 endfacet
 facet normal  0.000000e+00  8.191520e-01  5.735764e-01
   outer loop
     vertex -4.381500e+02  4.229261e+01  1.774825e+03
     vertex -5.397500e+02  4.229261e+01  1.774825e+03
     vertex -5.397500e+02  3.594382e+01  1.783892e+03
   endloop
 endfacet
 facet normal  0.000000e+00  9.063078e-01  4.226183e-01
   outer loop
     vertex -4.381500e+02  4.229261e+01  1.774825e+03
     vertex -5.397500e+02  4.697048e+01  1.764793e+03
     vertex -5.397500e+02  4.229261e+01  1.774825e+03
   endloop
 endfacet
 facet normal  0.000000e+00  9.063078e-01  4.226183e-01
   outer loop
     vertex -4.381500e+02  4.229261e+01  1.774825e+03
     vertex -4.381500e+02  4.697048e+01  1.764793e+03
     vertex -5.397500e+02  4.697048e+01  1.764793e+03
   endloop
 endfacet
 facet normal  0.000000e+00  8.191520e-01  5.735764e-01
   outer loop
     vertex -4.381500e+02  3.594382e+01  1.783892e+03
     vertex -4.381500e+02  4.229261e+01  1.774825e+03
     vertex -5.397500e+02  3.594382e+01  1.783892e+03
   endloop
 endfacet
 facet normal  0.000000e+00  7.071068e-01  7.071068e-01
   outer loop
     vertex -4.381500e+02  2.811701e+01  1.791719e+03
     vertex -5.397500e+02  3.594382e+01  1.783892e+03
     vertex -5.397500e+02  2.811701e+01  1.791719e+03
   endloop
 endfacet
 facet normal  0.000000e+00  7.071068e-01  7.071068e-01
   outer loop
     vertex -4.381500e+02  2.811701e+01  1.791719e+03
     vertex -4.381500e+02  3.594382e+01  1.783892e+03
     vertex -5.397500e+02  3.594382e+01  1.783892e+03
   endloop
 endfacet
 facet normal  0.000000e+00  5.735764e-01  8.191520e-01
   outer loop
     vertex -4.381500e+02  1.905000e+01  1.798068e+03
     vertex -4.381500e+02  2.811701e+01  1.791719e+03
     vertex -5.397500e+02  2.811701e+01  1.791719e+03
   endloop
 endfacet
 facet normal  0.000000e+00  5.735764e-01  8.191520e-01
   outer loop
     vertex -4.381500e+02  1.905000e+01  1.798068e+03
     vertex -5.397500e+02  2.811701e+01  1.791719e+03
     vertex -5.397500e+02  1.905000e+01  1.798068e+03
   endloop
 endfacet
 facet normal  0.000000e+00  4.226183e-01  9.063078e-01
   outer loop
     vertex -4.381500e+02  9.018279e+00  1.802745e+03
     vertex -4.381500e+02  1.905000e+01  1.798068e+03
     vertex -5.397500e+02  1.905000e+01  1.798068e+03
   endloop
 endfacet
 facet normal  0.000000e+00  2.588190e-01  9.659258e-01
   outer loop
     vertex -4.381500e+02  9.018279e+00  1.802745e+03
     vertex -5.397500e+02  9.018279e+00  1.802745e+03
     vertex -5.397500e+02 -1.673341e+00  1.805610e+03
   endloop
 endfacet
 facet normal  0.000000e+00  4.226183e-01  9.063078e-01
   outer loop
     vertex -4.381500e+02  9.018279e+00  1.802745e+03
     vertex -5.397500e+02  1.905000e+01  1.798068e+03
     vertex -5.397500e+02  9.018279e+00  1.802745e+03
   endloop
 endfacet
 facet normal  0.000000e+00  2.588190e-01  9.659258e-01
   outer loop
     vertex -4.381500e+02 -1.673341e+00  1.805610e+03
     vertex -4.381500e+02  9.018279e+00  1.802745e+03
     vertex -5.397500e+02 -1.673341e+00  1.805610e+03
   endloop
 endfacet
 facet normal  0.000000e+00  8.715574e-02  9.961947e-01
   outer loop
     vertex -4.381500e+02 -1.270000e+01  1.806575e+03
     vertex -5.397500e+02 -1.673341e+00  1.805610e+03
     vertex -5.397500e+02 -1.270000e+01  1.806575e+03
   endloop
 endfacet
 facet normal  0.000000e+00  8.715574e-02  9.961947e-01
   outer loop
     vertex -4.381500e+02 -1.270000e+01  1.806575e+03
     vertex -4.381500e+02 -1.673341e+00  1.805610e+03
     vertex -5.397500e+02 -1.673341e+00  1.805610e+03
   endloop
 endfacet
 facet normal  0.000000e+00 -8.715574e-02  9.961947e-01
   outer loop
     vertex -4.381500e+02 -2.372666e+01  1.805610e+03
     vertex -4.381500e+02 -1.270000e+01  1.806575e+03
     vertex -5.397500e+02 -1.270000e+01  1.806575e+03
   endloop
 endfacet
 facet normal  0.000000e+00 -2.588190e-01  9.659258e-01
   outer loop
     vertex -4.381500e+02 -2.372666e+01  1.805610e+03
     vertex -5.397500e+02 -2.372666e+01  1.805610e+03
     vertex -5.397500e+02 -3.441828e+01  1.802745e+03
   endloop
 endfacet
 facet normal  0.000000e+00 -8.715574e-02  9.961947e-01
   outer loop
     vertex -4.381500e+02 -2.372666e+01  1.805610e+03
     vertex -5.397500e+02 -1.270000e+01  1.806575e+03
     vertex -5.397500e+02 -2.372666e+01  1.805610e+03
   endloop
 endfacet
 facet normal  0.000000e+00 -4.226183e-01  9.063078e-01
   outer loop
     vertex -4.381500e+02 -3.441828e+01  1.802745e+03
     vertex -5.397500e+02 -3.441828e+01  1.802745e+03
     vertex -5.397500e+02 -4.445000e+01  1.798068e+03
   endloop
 endfacet
 facet normal  0.000000e+00 -2.588190e-01  9.659258e-01
   outer loop
     vertex -4.381500e+02 -3.441828e+01  1.802745e+03
     vertex -4.381500e+02 -2.372666e+01  1.805610e+03
     vertex -5.397500e+02 -3.441828e+01  1.802745e+03
   endloop
 endfacet
 facet normal  0.000000e+00 -4.226183e-01  9.063078e-01
   outer loop
     vertex -4.381500e+02 -4.445000e+01  1.798068e+03
     vertex -4.381500e+02 -3.441828e+01  1.802745e+03
     vertex -5.397500e+02 -4.445000e+01  1.798068e+03
   endloop
 endfacet
 facet normal  0.000000e+00 -5.735764e-01  8.191520e-01
   outer loop
     vertex -4.381500e+02 -5.351701e+01  1.791719e+03
     vertex -5.397500e+02 -4.445000e+01  1.798068e+03
     vertex -5.397500e+02 -5.351701e+01  1.791719e+03
   endloop
 endfacet
 facet normal  0.000000e+00 -5.735764e-01  8.191520e-01
   outer loop
     vertex -4.381500e+02 -5.351701e+01  1.791719e+03
     vertex -4.381500e+02 -4.445000e+01  1.798068e+03
     vertex -5.397500e+02 -4.445000e+01  1.798068e+03
   endloop
 endfacet
 facet normal  0.000000e+00 -8.191520e-01  5.735764e-01
   outer loop
     vertex -4.381500e+02 -6.134382e+01  1.783892e+03
     vertex -5.397500e+02 -6.134382e+01  1.783892e+03
     vertex -5.397500e+02 -6.769261e+01  1.774825e+03
   endloop
 endfacet
 facet normal  0.000000e+00 -7.071068e-01  7.071068e-01
   outer loop
     vertex -4.381500e+02 -6.134382e+01  1.783892e+03
     vertex -5.397500e+02 -5.351701e+01  1.791719e+03
     vertex -5.397500e+02 -6.134382e+01  1.783892e+03
   endloop
 endfacet
 facet normal  0.000000e+00 -7.071068e-01  7.071068e-01
   outer loop
     vertex -4.381500e+02 -6.134382e+01  1.783892e+03
     vertex -4.381500e+02 -5.351701e+01  1.791719e+03
     vertex -5.397500e+02 -5.351701e+01  1.791719e+03
   endloop
 endfacet
 facet normal  0.000000e+00 -8.191520e-01  5.735764e-01
   outer loop
     vertex -4.381500e+02 -6.769261e+01  1.774825e+03
     vertex -4.381500e+02 -6.134382e+01  1.783892e+03
     vertex -5.397500e+02 -6.769261e+01  1.774825e+03
   endloop
 endfacet
 facet normal  0.000000e+00 -9.063078e-01  4.226183e-01
   outer loop
     vertex -4.381500e+02 -7.237048e+01  1.764793e+03
     vertex -5.397500e+02 -6.769261e+01  1.774825e+03
     vertex -5.397500e+02 -7.237048e+01  1.764793e+03
   endloop
 endfacet
 facet normal  0.000000e+00 -9.063078e-01  4.226183e-01
   outer loop
     vertex -4.381500e+02 -7.237048e+01  1.764793e+03
     vertex -4.381500e+02 -6.769261e+01  1.774825e+03
     vertex -5.397500e+02 -6.769261e+01  1.774825e+03
   endloop
 endfacet
 facet normal  0.000000e+00 -9.659258e-01  2.588190e-01
   outer loop
     vertex -4.381500e+02 -7.523529e+01  1.754102e+03
     vertex -5.397500e+02 -7.237048e+01  1.764793e+03
     vertex -5.397500e+02 -7.523529e+01  1.754102e+03
   endloop
 endfacet
 facet normal  0.000000e+00 -9.659258e-01  2.588190e-01
   outer loop
     vertex -4.381500e+02 -7.523529e+01  1.754102e+03
     vertex -4.381500e+02 -7.237048e+01  1.764793e+03
     vertex -5.397500e+02 -7.237048e+01  1.764793e+03
   endloop
 endfacet
 facet normal  0.000000e+00 -9.961947e-01  8.715574e-02
   outer loop
     vertex -4.381500e+02 -7.620000e+01  1.743075e+03
     vertex -5.397500e+02 -7.523529e+01  1.754102e+03
     vertex -5.397500e+02 -7.620000e+01  1.743075e+03
   endloop
 endfacet
 facet normal  0.000000e+00 -9.961947e-01  8.715574e-02
   outer loop
     vertex -4.381500e+02 -7.620000e+01  1.743075e+03
     vertex -4.381500e+02 -7.523529e+01  1.754102e+03
     vertex -5.397500e+02 -7.523529e+01  1.754102e+03
   endloop
 endfacet
 facet normal -0.000000e+00 -9.961947e-01 -8.715574e-02
   outer loop
     vertex -4.381500e+02 -7.523529e+01  1.732048e+03
     vertex -5.397500e+02 -7.620000e+01  1.743075e+03
     vertex -5.397500e+02 -7.523529e+01  1.732048e+03
   endloop
 endfacet
 facet normal  0.000000e+00 -9.961947e-01 -8.715574e-02
   outer loop
     vertex -4.381500e+02 -7.523529e+01  1.732048e+03
     vertex -4.381500e+02 -7.620000e+01  1.743075e+03
     vertex -5.397500e+02 -7.620000e+01  1.743075e+03
   endloop
 endfacet
 facet normal -0.000000e+00 -9.659258e-01 -2.588190e-01
   outer loop
     vertex -4.381500e+02 -7.237048e+01  1.721357e+03
     vertex -5.397500e+02 -7.523529e+01  1.732048e+03
     vertex -5.397500e+02 -7.237048e+01  1.721357e+03
   endloop
 endfacet
 facet normal  0.000000e+00 -9.659258e-01 -2.588190e-01
   outer loop
     vertex -4.381500e+02 -7.237048e+01  1.721357e+03
     vertex -4.381500e+02 -7.523529e+01  1.732048e+03
     vertex -5.397500e+02 -7.523529e+01  1.732048e+03
   endloop
 endfacet
 facet normal -0.000000e+00 -9.063078e-01 -4.226183e-01
   outer loop
     vertex -4.381500e+02 -6.769261e+01  1.711325e+03
     vertex -5.397500e+02 -7.237048e+01  1.721357e+03
     vertex -5.397500e+02 -6.769261e+01  1.711325e+03
   endloop
 endfacet
 facet normal  0.000000e+00 -9.063078e-01 -4.226183e-01
   outer loop
     vertex -4.381500e+02 -6.769261e+01  1.711325e+03
     vertex -4.381500e+02 -7.237048e+01  1.721357e+03
     vertex -5.397500e+02 -7.237048e+01  1.721357e+03
   endloop
 endfacet
 facet normal -0.000000e+00 -8.191520e-01 -5.735764e-01
   outer loop
     vertex -4.381500e+02 -6.134382e+01  1.702258e+03
     vertex -5.397500e+02 -6.769261e+01  1.711325e+03
     vertex -5.397500e+02 -6.134382e+01  1.702258e+03
   endloop
 endfacet
 facet normal  0.000000e+00 -8.191520e-01 -5.735764e-01
   outer loop
     vertex -4.381500e+02 -6.134382e+01  1.702258e+03
     vertex -4.381500e+02 -6.769261e+01  1.711325e+03
     vertex -5.397500e+02 -6.769261e+01  1.711325e+03
   endloop
 endfacet
 facet normal -0.000000e+00 -7.071068e-01 -7.071068e-01
   outer loop
     vertex -4.381500e+02 -5.351701e+01  1.694431e+03
     vertex -5.397500e+02 -6.134382e+01  1.702258e+03
     vertex -5.397500e+02 -5.351701e+01  1.694431e+03
   endloop
 endfacet
 facet normal  0.000000e+00 -7.071068e-01 -7.071068e-01
   outer loop
     vertex -4.381500e+02 -5.351701e+01  1.694431e+03
     vertex -4.381500e+02 -6.134382e+01  1.702258e+03
     vertex -5.397500e+02 -6.134382e+01  1.702258e+03
   endloop
 endfacet
 facet normal  0.000000e+00 -5.735764e-01 -8.191520e-01
   outer loop
     vertex -4.381500e+02 -4.445000e+01  1.688082e+03
     vertex -4.381500e+02 -5.351701e+01  1.694431e+03
     vertex -5.397500e+02 -5.351701e+01  1.694431e+03
   endloop
 endfacet
 facet normal -0.000000e+00 -5.735764e-01 -8.191520e-01
   outer loop
     vertex -4.381500e+02 -4.445000e+01  1.688082e+03
     vertex -5.397500e+02 -5.351701e+01  1.694431e+03
     vertex -5.397500e+02 -4.445000e+01  1.688082e+03
   endloop
 endfacet
 facet normal  0.000000e+00 -4.226183e-01 -9.063078e-01
   outer loop
     vertex -4.381500e+02 -3.441828e+01  1.683405e+03
     vertex -4.381500e+02 -4.445000e+01  1.688082e+03
     vertex -5.397500e+02 -4.445000e+01  1.688082e+03
   endloop
 endfacet
 facet normal -0.000000e+00 -2.588190e-01 -9.659258e-01
   outer loop
     vertex -4.381500e+02 -3.441828e+01  1.683405e+03
     vertex -5.397500e+02 -3.441828e+01  1.683405e+03
     vertex -5.397500e+02 -2.372666e+01  1.680540e+03
   endloop
 endfacet
 facet normal -0.000000e+00 -4.226183e-01 -9.063078e-01
   outer loop
     vertex -4.381500e+02 -3.441828e+01  1.683405e+03
     vertex -5.397500e+02 -4.445000e+01  1.688082e+03
     vertex -5.397500e+02 -3.441828e+01  1.683405e+03
   endloop
 endfacet
 facet normal -0.000000e+00 -2.588190e-01 -9.659258e-01
   outer loop
     vertex -4.381500e+02 -2.372666e+01  1.680540e+03
     vertex -4.381500e+02 -3.441828e+01  1.683405e+03
     vertex -5.397500e+02 -2.372666e+01  1.680540e+03
   endloop
 endfacet
 facet normal -0.000000e+00 -8.715574e-02 -9.961947e-01
   outer loop
     vertex -4.381500e+02 -1.270000e+01  1.679575e+03
     vertex -5.397500e+02 -2.372666e+01  1.680540e+03
     vertex -5.397500e+02 -1.270000e+01  1.679575e+03
   endloop
 endfacet
 facet normal  0.000000e+00 -8.715574e-02 -9.961947e-01
   outer loop
     vertex -4.381500e+02 -1.270000e+01  1.679575e+03
     vertex -4.381500e+02 -2.372666e+01  1.680540e+03
     vertex -5.397500e+02 -2.372666e+01  1.680540e+03
   endloop
 endfacet
 facet normal  1.000000e+00  0.000000e+00  0.000000e+00
   outer loop
     vertex -4.381500e+02 -3.441828e+01  1.683405e+03
     vertex -4.381500e+02 -5.351701e+01  1.694431e+03
     vertex -4.381500e+02 -4.445000e+01  1.688082e+03
   endloop
 endfacet
 facet normal  1.000000e+00  0.000000e+00  0.000000e+00
   outer loop
     vertex -4.381500e+02 -3.441828e+01  1.683405e+03
     vertex -4.381500e+02 -6.134382e+01  1.702258e+03
     vertex -4.381500e+02 -5.351701e+01  1.694431e+03
   endloop
 endfacet
 facet normal  1.000000e+00  0.000000e+00  0.000000e+00
   outer loop
     vertex -4.381500e+02 -3.441828e+01  1.683405e+03
     vertex -4.381500e+02 -6.769261e+01  1.711325e+03
     vertex -4.381500e+02 -6.134382e+01  1.702258e+03
   endloop
 endfacet
 facet normal  1.000000e+00  0.000000e+00  0.000000e+00
   outer loop
     vertex -4.381500e+02 -7.620000e+01  1.743075e+03
     vertex -4.381500e+02 -7.523529e+01  1.732048e+03
     vertex -4.381500e+02 -7.237048e+01  1.721357e+03
   endloop
 endfacet
 facet normal  1.000000e+00  0.000000e+00  0.000000e+00
   outer loop
     vertex -4.381500e+02 -1.270000e+01  1.679575e+03
     vertex -4.381500e+02 -3.441828e+01  1.683405e+03
     vertex -4.381500e+02 -2.372666e+01  1.680540e+03
   endloop
 endfacet
 facet normal  1.000000e+00  0.000000e+00  0.000000e+00
   outer loop
     vertex -4.381500e+02 -6.769261e+01  1.774825e+03
     vertex -4.381500e+02 -7.523529e+01  1.754102e+03
     vertex -4.381500e+02 -7.620000e+01  1.743075e+03
   endloop
 endfacet
 facet normal  1.000000e+00  0.000000e+00  0.000000e+00
   outer loop
     vertex -4.381500e+02 -6.769261e+01  1.774825e+03
     vertex -4.381500e+02 -7.237048e+01  1.764793e+03
     vertex -4.381500e+02 -7.523529e+01  1.754102e+03
   endloop
 endfacet
 facet normal  1.000000e+00  0.000000e+00  0.000000e+00
   outer loop
     vertex -4.381500e+02 -6.134382e+01  1.783892e+03
     vertex -4.381500e+02 -6.769261e+01  1.774825e+03
     vertex -4.381500e+02 -7.620000e+01  1.743075e+03
   endloop
 endfacet
 facet normal  1.000000e+00  0.000000e+00  0.000000e+00
   outer loop
     vertex -4.381500e+02  2.811701e+01  1.694431e+03
     vertex -4.381500e+02  9.018279e+00  1.683405e+03
     vertex -4.381500e+02  1.905000e+01  1.688082e+03
   endloop
 endfacet
 facet normal  1.000000e+00  0.000000e+00  0.000000e+00
   outer loop
     vertex -4.381500e+02  2.811701e+01  1.694431e+03
     vertex -4.381500e+02 -1.673341e+00  1.680540e+03
     vertex -4.381500e+02  9.018279e+00  1.683405e+03
   endloop
 endfacet
 facet normal  1.000000e+00  0.000000e+00  0.000000e+00
   outer loop
     vertex -4.381500e+02 -5.351701e+01  1.791719e+03
     vertex -4.381500e+02 -7.237048e+01  1.721357e+03
     vertex -4.381500e+02 -6.769261e+01  1.711325e+03
   endloop
 endfacet
 facet normal  1.000000e+00  0.000000e+00  0.000000e+00
   outer loop
     vertex -4.381500e+02 -5.351701e+01  1.791719e+03
     vertex -4.381500e+02 -7.620000e+01  1.743075e+03
     vertex -4.381500e+02 -7.237048e+01  1.721357e+03
   endloop
 endfacet
 facet normal  1.000000e+00  0.000000e+00  0.000000e+00
   outer loop
     vertex -4.381500e+02 -5.351701e+01  1.791719e+03
     vertex -4.381500e+02 -6.134382e+01  1.783892e+03
     vertex -4.381500e+02 -7.620000e+01  1.743075e+03
   endloop
 endfacet
 facet normal  1.000000e+00  0.000000e+00  0.000000e+00
   outer loop
     vertex -4.381500e+02 -3.441828e+01  1.802745e+03
     vertex -4.381500e+02 -4.445000e+01  1.798068e+03
     vertex -4.381500e+02 -5.351701e+01  1.791719e+03
   endloop
 endfacet
 facet normal  1.000000e+00  0.000000e+00  0.000000e+00
   outer loop
     vertex -4.381500e+02  4.983529e+01  1.732048e+03
     vertex -4.381500e+02  4.229261e+01  1.711325e+03
     vertex -4.381500e+02  4.697048e+01  1.721357e+03
   endloop
 endfacet
 facet normal  1.000000e+00  0.000000e+00  0.000000e+00
   outer loop
     vertex -4.381500e+02  4.983529e+01  1.732048e+03
     vertex -4.381500e+02  3.594382e+01  1.702258e+03
     vertex -4.381500e+02  4.229261e+01  1.711325e+03
   endloop
 endfacet
 facet normal  1.000000e+00  0.000000e+00  0.000000e+00
   outer loop
     vertex -4.381500e+02 -1.270000e+01  1.806575e+03
     vertex -4.381500e+02 -1.270000e+01  1.679575e+03
     vertex -4.381500e+02 -1.673341e+00  1.680540e+03
   endloop
 endfacet
 facet normal  1.000000e+00  0.000000e+00  0.000000e+00
   outer loop
     vertex -4.381500e+02 -1.270000e+01  1.806575e+03
     vertex -4.381500e+02 -2.372666e+01  1.805610e+03
     vertex -4.381500e+02 -3.441828e+01  1.802745e+03
   endloop
 endfacet
 facet normal  1.000000e+00  0.000000e+00  0.000000e+00
   outer loop
     vertex -4.381500e+02 -1.270000e+01  1.806575e+03
     vertex -4.381500e+02 -6.769261e+01  1.711325e+03
     vertex -4.381500e+02 -3.441828e+01  1.683405e+03
   endloop
 endfacet
 facet normal  1.000000e+00  0.000000e+00  0.000000e+00
   outer loop
     vertex -4.381500e+02 -1.270000e+01  1.806575e+03
     vertex -4.381500e+02 -3.441828e+01  1.683405e+03
     vertex -4.381500e+02 -1.270000e+01  1.679575e+03
   endloop
 endfacet
 facet normal  1.000000e+00  0.000000e+00  0.000000e+00
   outer loop
     vertex -4.381500e+02 -1.270000e+01  1.806575e+03
     vertex -4.381500e+02 -5.351701e+01  1.791719e+03
     vertex -4.381500e+02 -6.769261e+01  1.711325e+03
   endloop
 endfacet
 facet normal  1.000000e+00  0.000000e+00  0.000000e+00
   outer loop
     vertex -4.381500e+02 -1.270000e+01  1.806575e+03
     vertex -4.381500e+02 -3.441828e+01  1.802745e+03
     vertex -4.381500e+02 -5.351701e+01  1.791719e+03
   endloop
 endfacet
 facet normal  1.000000e+00  0.000000e+00  0.000000e+00
   outer loop
     vertex -4.381500e+02  5.080000e+01  1.743075e+03
     vertex -4.381500e+02  2.811701e+01  1.694431e+03
     vertex -4.381500e+02  3.594382e+01  1.702258e+03
   endloop
 endfacet
 facet normal  1.000000e+00  0.000000e+00  0.000000e+00
   outer loop
     vertex -4.381500e+02  5.080000e+01  1.743075e+03
     vertex -4.381500e+02 -1.673341e+00  1.680540e+03
     vertex -4.381500e+02  2.811701e+01  1.694431e+03
   endloop
 endfacet
 facet normal  1.000000e+00  0.000000e+00  0.000000e+00
   outer loop
     vertex -4.381500e+02  5.080000e+01  1.743075e+03
     vertex -4.381500e+02  3.594382e+01  1.702258e+03
     vertex -4.381500e+02  4.983529e+01  1.732048e+03
   endloop
 endfacet
 facet normal  1.000000e+00  0.000000e+00  0.000000e+00
   outer loop
     vertex -4.381500e+02  1.905000e+01  1.798068e+03
     vertex -4.381500e+02  9.018279e+00  1.802745e+03
     vertex -4.381500e+02 -1.673341e+00  1.805610e+03
   endloop
 endfacet
 facet normal  1.000000e+00  0.000000e+00  0.000000e+00
   outer loop
     vertex -4.381500e+02  2.811701e+01  1.791719e+03
     vertex -4.381500e+02 -1.673341e+00  1.805610e+03
     vertex -4.381500e+02 -1.270000e+01  1.806575e+03
   endloop
 endfacet
 facet normal  1.000000e+00  0.000000e+00  0.000000e+00
   outer loop
     vertex -4.381500e+02  2.811701e+01  1.791719e+03
     vertex -4.381500e+02  1.905000e+01  1.798068e+03
     vertex -4.381500e+02 -1.673341e+00  1.805610e+03
   endloop
 endfacet
 facet normal  1.000000e+00  0.000000e+00  0.000000e+00
   outer loop
     vertex -4.381500e+02  2.811701e+01  1.791719e+03
     vertex -4.381500e+02 -1.270000e+01  1.806575e+03
     vertex -4.381500e+02 -1.673341e+00  1.680540e+03
   endloop
 endfacet
 facet normal  1.000000e+00  0.000000e+00  0.000000e+00
   outer loop
     vertex -4.381500e+02  3.594382e+01  1.783892e+03
     vertex -4.381500e+02  4.697048e+01  1.764793e+03
     vertex -4.381500e+02  4.229261e+01  1.774825e+03
   endloop
 endfacet
 facet normal  1.000000e+00  0.000000e+00  0.000000e+00
   outer loop
     vertex -4.381500e+02  3.594382e+01  1.783892e+03
     vertex -4.381500e+02  4.983529e+01  1.754102e+03
     vertex -4.381500e+02  4.697048e+01  1.764793e+03
   endloop
 endfacet
 facet normal  1.000000e+00  0.000000e+00  0.000000e+00
   outer loop
     vertex -4.381500e+02  3.594382e+01  1.783892e+03
     vertex -4.381500e+02  2.811701e+01  1.791719e+03
     vertex -4.381500e+02 -1.673341e+00  1.680540e+03
   endloop
 endfacet
 facet normal  1.000000e+00  0.000000e+00  0.000000e+00
   outer loop
     vertex -4.381500e+02  3.594382e+01  1.783892e+03
     vertex -4.381500e+02  5.080000e+01  1.743075e+03
     vertex -4.381500e+02  4.983529e+01  1.754102e+03
   endloop
 endfacet
 facet normal  1.000000e+00  0.000000e+00  0.000000e+00
   outer loop
     vertex -4.381500e+02  3.594382e+01  1.783892e+03
     vertex -4.381500e+02 -1.673341e+00  1.680540e+03
     vertex -4.381500e+02  5.080000e+01  1.743075e+03
   endloop
 endfacet
 facet normal -1.000000e+00  0.000000e+00  0.000000e+00
   outer loop
     vertex -5.397500e+02 -6.769261e+01  1.711325e+03
     vertex -5.397500e+02 -5.351701e+01  1.694431e+03
     vertex -5.397500e+02 -6.134382e+01  1.702258e+03
   endloop
 endfacet
 facet normal -1.000000e+00  0.000000e+00  0.000000e+00
   outer loop
     vertex -5.397500e+02 -3.441828e+01  1.683405e+03
     vertex -5.397500e+02 -4.445000e+01  1.688082e+03
     vertex -5.397500e+02 -5.351701e+01  1.694431e+03
   endloop
 endfacet
 facet normal -1.000000e+00  0.000000e+00  0.000000e+00
   outer loop
     vertex -5.397500e+02 -7.620000e+01  1.743075e+03
     vertex -5.397500e+02 -6.769261e+01  1.711325e+03
     vertex -5.397500e+02 -7.237048e+01  1.721357e+03
   endloop
 endfacet
 facet normal -1.000000e+00  0.000000e+00  0.000000e+00
   outer loop
     vertex -5.397500e+02 -7.620000e+01  1.743075e+03
     vertex -5.397500e+02 -7.237048e+01  1.721357e+03
     vertex -5.397500e+02 -7.523529e+01  1.732048e+03
   endloop
 endfacet
 facet normal -1.000000e+00  0.000000e+00  0.000000e+00
   outer loop
     vertex -5.397500e+02 -7.237048e+01  1.764793e+03
     vertex -5.397500e+02 -7.620000e+01  1.743075e+03
     vertex -5.397500e+02 -7.523529e+01  1.754102e+03
   endloop
 endfacet
 facet normal -1.000000e+00  0.000000e+00 -0.000000e+00
   outer loop
     vertex -5.397500e+02 -6.769261e+01  1.774825e+03
     vertex -5.397500e+02 -6.769261e+01  1.711325e+03
     vertex -5.397500e+02 -7.620000e+01  1.743075e+03
   endloop
 endfacet
 facet normal -1.000000e+00  0.000000e+00  0.000000e+00
   outer loop
     vertex -5.397500e+02 -6.769261e+01  1.774825e+03
     vertex -5.397500e+02 -7.620000e+01  1.743075e+03
     vertex -5.397500e+02 -7.237048e+01  1.764793e+03
   endloop
 endfacet
 facet normal -1.000000e+00  0.000000e+00  0.000000e+00
   outer loop
     vertex -5.397500e+02  1.905000e+01  1.688082e+03
     vertex -5.397500e+02  9.018279e+00  1.683405e+03
     vertex -5.397500e+02 -1.673341e+00  1.680540e+03
   endloop
 endfacet
 facet normal -1.000000e+00  0.000000e+00  0.000000e+00
   outer loop
     vertex -5.397500e+02 -5.351701e+01  1.791719e+03
     vertex -5.397500e+02 -6.769261e+01  1.774825e+03
     vertex -5.397500e+02 -6.134382e+01  1.783892e+03
   endloop
 endfacet
 facet normal -1.000000e+00  0.000000e+00 -0.000000e+00
   outer loop
     vertex -5.397500e+02 -5.351701e+01  1.791719e+03
     vertex -5.397500e+02 -5.351701e+01  1.694431e+03
     vertex -5.397500e+02 -6.769261e+01  1.711325e+03
   endloop
 endfacet
 facet normal -1.000000e+00  0.000000e+00  0.000000e+00
   outer loop
     vertex -5.397500e+02 -5.351701e+01  1.791719e+03
     vertex -5.397500e+02 -3.441828e+01  1.683405e+03
     vertex -5.397500e+02 -5.351701e+01  1.694431e+03
   endloop
 endfacet
 facet normal -1.000000e+00  0.000000e+00  0.000000e+00
   outer loop
     vertex -5.397500e+02 -5.351701e+01  1.791719e+03
     vertex -5.397500e+02 -6.769261e+01  1.711325e+03
     vertex -5.397500e+02 -6.769261e+01  1.774825e+03
   endloop
 endfacet
 facet normal -1.000000e+00  0.000000e+00  0.000000e+00
   outer loop
     vertex -5.397500e+02  3.594382e+01  1.702258e+03
     vertex -5.397500e+02  2.811701e+01  1.694431e+03
     vertex -5.397500e+02  1.905000e+01  1.688082e+03
   endloop
 endfacet
 facet normal -1.000000e+00  0.000000e+00 -0.000000e+00
   outer loop
     vertex -5.397500e+02 -4.445000e+01  1.798068e+03
     vertex -5.397500e+02 -3.441828e+01  1.683405e+03
     vertex -5.397500e+02 -5.351701e+01  1.791719e+03
   endloop
 endfacet
 facet normal -1.000000e+00  0.000000e+00  0.000000e+00
   outer loop
     vertex -5.397500e+02  4.697048e+01  1.721357e+03
     vertex -5.397500e+02  4.229261e+01  1.711325e+03
     vertex -5.397500e+02  3.594382e+01  1.702258e+03
   endloop
 endfacet
 facet normal -1.000000e+00  0.000000e+00  0.000000e+00
   outer loop
     vertex -5.397500e+02 -1.270000e+01  1.806575e+03
     vertex -5.397500e+02 -1.270000e+01  1.679575e+03
     vertex -5.397500e+02 -2.372666e+01  1.680540e+03
   endloop
 endfacet
 facet normal -1.000000e+00  0.000000e+00  0.000000e+00
   outer loop
     vertex -5.397500e+02 -1.270000e+01  1.806575e+03
     vertex -5.397500e+02 -2.372666e+01  1.680540e+03
     vertex -5.397500e+02 -3.441828e+01  1.683405e+03
   endloop
 endfacet
 facet normal -1.000000e+00  0.000000e+00  0.000000e+00
   outer loop
     vertex -5.397500e+02 -1.270000e+01  1.806575e+03
     vertex -5.397500e+02 -4.445000e+01  1.798068e+03
     vertex -5.397500e+02 -3.441828e+01  1.802745e+03
   endloop
 endfacet
 facet normal -1.000000e+00  0.000000e+00  0.000000e+00
   outer loop
     vertex -5.397500e+02 -1.270000e+01  1.806575e+03
     vertex -5.397500e+02 -3.441828e+01  1.802745e+03
     vertex -5.397500e+02 -2.372666e+01  1.805610e+03
   endloop
 endfacet
 facet normal -1.000000e+00  0.000000e+00  0.000000e+00
   outer loop
     vertex -5.397500e+02 -1.270000e+01  1.806575e+03
     vertex -5.397500e+02 -3.441828e+01  1.683405e+03
     vertex -5.397500e+02 -4.445000e+01  1.798068e+03
   endloop
 endfacet
 facet normal -1.000000e+00  0.000000e+00 -0.000000e+00
   outer loop
     vertex -5.397500e+02 -1.673341e+00  1.805610e+03
     vertex -5.397500e+02 -1.673341e+00  1.680540e+03
     vertex -5.397500e+02 -1.270000e+01  1.679575e+03
   endloop
 endfacet
 facet normal -1.000000e+00  0.000000e+00  0.000000e+00
   outer loop
     vertex -5.397500e+02 -1.673341e+00  1.805610e+03
     vertex -5.397500e+02  1.905000e+01  1.688082e+03
     vertex -5.397500e+02 -1.673341e+00  1.680540e+03
   endloop
 endfacet
 facet normal -1.000000e+00 -0.000000e+00  0.000000e+00
   outer loop
     vertex -5.397500e+02 -1.673341e+00  1.805610e+03
     vertex -5.397500e+02 -1.270000e+01  1.679575e+03
     vertex -5.397500e+02 -1.270000e+01  1.806575e+03
   endloop
 endfacet
 facet normal -1.000000e+00 -0.000000e+00 -0.000000e+00
   outer loop
     vertex -5.397500e+02  9.018279e+00  1.802745e+03
     vertex -5.397500e+02  1.905000e+01  1.688082e+03
     vertex -5.397500e+02 -1.673341e+00  1.805610e+03
   endloop
 endfacet
 facet normal -1.000000e+00  0.000000e+00  0.000000e+00
   outer loop
     vertex -5.397500e+02  4.697048e+01  1.764793e+03
     vertex -5.397500e+02  4.983529e+01  1.754102e+03
     vertex -5.397500e+02  5.080000e+01  1.743075e+03
   endloop
 endfacet
 facet normal -1.000000e+00  0.000000e+00  0.000000e+00
   outer loop
     vertex -5.397500e+02  4.697048e+01  1.764793e+03
     vertex -5.397500e+02  5.080000e+01  1.743075e+03
     vertex -5.397500e+02  4.983529e+01  1.732048e+03
   endloop
 endfacet
 facet normal -1.000000e+00  0.000000e+00  0.000000e+00
   outer loop
     vertex -5.397500e+02  4.697048e+01  1.764793e+03
     vertex -5.397500e+02  4.983529e+01  1.732048e+03
     vertex -5.397500e+02  4.697048e+01  1.721357e+03
   endloop
 endfacet
 facet normal -1.000000e+00  0.000000e+00 -0.000000e+00
   outer loop
     vertex -5.397500e+02  4.697048e+01  1.764793e+03
     vertex -5.397500e+02  4.697048e+01  1.721357e+03
     vertex -5.397500e+02  3.594382e+01  1.702258e+03
   endloop
 endfacet
 facet normal -1.000000e+00 -0.000000e+00  0.000000e+00
   outer loop
     vertex -5.397500e+02  2.811701e+01  1.791719e+03
     vertex -5.397500e+02  1.905000e+01  1.688082e+03
     vertex -5.397500e+02  9.018279e+00  1.802745e+03
   endloop
 endfacet
 facet normal -1.000000e+00  0.000000e+00  0.000000e+00
   outer loop
     vertex -5.397500e+02  2.811701e+01  1.791719e+03
     vertex -5.397500e+02  4.697048e+01  1.764793e+03
     vertex -5.397500e+02  3.594382e+01  1.702258e+03
   endloop
 endfacet
 facet normal -1.000000e+00  0.000000e+00  0.000000e+00
   outer loop
     vertex -5.397500e+02  2.811701e+01  1.791719e+03
     vertex -5.397500e+02  9.018279e+00  1.802745e+03
     vertex -5.397500e+02  1.905000e+01  1.798068e+03
   endloop
 endfacet
 facet normal -1.000000e+00  0.000000e+00 -0.000000e+00
   outer loop
     vertex -5.397500e+02  2.811701e+01  1.791719e+03
     vertex -5.397500e+02  3.594382e+01  1.702258e+03
     vertex -5.397500e+02  1.905000e+01  1.688082e+03
   endloop
 endfacet
 facet normal -1.000000e+00 -0.000000e+00 -0.000000e+00
   outer loop
     vertex -5.397500e+02  3.594382e+01  1.783892e+03
     vertex -5.397500e+02  4.697048e+01  1.764793e+03
     vertex -5.397500e+02  2.811701e+01  1.791719e+03
   endloop
 endfacet
 facet normal -1.000000e+00  0.000000e+00  0.000000e+00
   outer loop
     vertex -5.397500e+02  3.594382e+01  1.783892e+03
     vertex -5.397500e+02  4.229261e+01  1.774825e+03
     vertex -5.397500e+02  4.697048e+01  1.764793e+03
   endloop
 endfacet
 facet normal  0.000000e+00  0.000000e+00 -1.000000e+00
   outer loop
     vertex  5.397500e+02 -2.540000e+01  1.492250e+03
     vertex  5.651500e+02  5.080000e+01  1.492250e+03
     vertex  5.651500e+02 -2.540000e+01  1.492250e+03
   endloop
 endfacet
 facet normal  0.000000e+00  0.000000e+00 -1.000000e+00
   outer loop
     vertex  5.397500e+02 -2.540000e+01  1.492250e+03
     vertex  5.397500e+02  5.080000e+01  1.492250e+03
     vertex  5.651500e+02  5.080000e+01  1.492250e+03
   endloop
 endfacet
 facet normal  0.000000e+00 -1.000000e+00  4.303711e-17
   outer loop
     vertex  5.397500e+02 -2.540000e+01  1.657350e+03
     vertex  5.397500e+02 -2.540000e+01  1.492250e+03
     vertex  5.651500e+02 -2.540000e+01  1.492250e+03
   endloop
 endfacet
 facet normal  0.000000e+00 -1.000000e+00  4.303711e-17
   outer loop
     vertex  5.651500e+02 -2.540000e+01  1.657350e+03
     vertex  5.397500e+02 -2.540000e+01  1.657350e+03
     vertex  5.651500e+02 -2.540000e+01  1.492250e+03
   endloop
 endfacet
 facet normal  0.000000e+00 -7.071068e-01 -7.071068e-01
   outer loop
     vertex  5.651500e+02 -5.715000e+01  1.689100e+03
     vertex  5.397500e+02 -2.540000e+01  1.657350e+03
     vertex  5.651500e+02 -2.540000e+01  1.657350e+03
   endloop
 endfacet
 facet normal -0.000000e+00 -7.071068e-01 -7.071068e-01
   outer loop
     vertex  5.651500e+02 -5.715000e+01  1.689100e+03
     vertex  5.397500e+02 -5.715000e+01  1.689100e+03
     vertex  5.397500e+02 -2.540000e+01  1.657350e+03
   endloop
 endfacet
 facet normal  0.000000e+00 -1.000000e+00 -0.000000e+00
   outer loop
     vertex  5.651500e+02 -5.715000e+01  1.962150e+03
     vertex  5.397500e+02 -5.715000e+01  1.689100e+03
     vertex  5.651500e+02 -5.715000e+01  1.689100e+03
   endloop
 endfacet
 facet normal -0.000000e+00 -1.000000e+00  0.000000e+00
   outer loop
     vertex  5.651500e+02 -5.715000e+01  1.962150e+03
     vertex  5.397500e+02 -5.715000e+01  1.962150e+03
     vertex  5.397500e+02 -5.715000e+01  1.689100e+03
   endloop
 endfacet
 facet normal  0.000000e+00 -0.000000e+00  1.000000e+00
   outer loop
     vertex  5.651500e+02 -5.715000e+01  1.962150e+03
     vertex  5.651500e+02  1.270000e+01  1.962150e+03
     vertex  5.397500e+02  1.270000e+01  1.962150e+03
   endloop
 endfacet
 facet normal  0.000000e+00  0.000000e+00  1.000000e+00
   outer loop
     vertex  5.651500e+02 -5.715000e+01  1.962150e+03
     vertex  5.397500e+02  1.270000e+01  1.962150e+03
     vertex  5.397500e+02 -5.715000e+01  1.962150e+03
   endloop
 endfacet
 facet normal  0.000000e+00  7.071068e-01  7.071068e-01
   outer loop
     vertex  5.397500e+02  5.080000e+01  1.924050e+03
     vertex  5.397500e+02  1.270000e+01  1.962150e+03
     vertex  5.651500e+02  1.270000e+01  1.962150e+03
   endloop
 endfacet
 facet normal  0.000000e+00  7.071068e-01  7.071068e-01
   outer loop
     vertex  5.651500e+02  5.080000e+01  1.924050e+03
     vertex  5.397500e+02  5.080000e+01  1.924050e+03
     vertex  5.651500e+02  1.270000e+01  1.962150e+03
   endloop
 endfacet
 facet normal  0.000000e+00  1.000000e+00 -0.000000e+00
   outer loop
     vertex  5.651500e+02  5.080000e+01  1.492250e+03
     vertex  5.397500e+02  5.080000e+01  1.924050e+03
     vertex  5.651500e+02  5.080000e+01  1.924050e+03
   endloop
 endfacet
 facet normal  0.000000e+00  1.000000e+00  0.000000e+00
   outer loop
     vertex  5.651500e+02  5.080000e+01  1.492250e+03
     vertex  5.397500e+02  5.080000e+01  1.492250e+03
     vertex  5.397500e+02  5.080000e+01  1.924050e+03
   endloop
 endfacet
 facet normal  1.000000e+00  0.000000e+00  0.000000e+00
   outer loop
     vertex  5.651500e+02 -2.540000e+01  1.657350e+03
     vertex  5.651500e+02 -2.540000e+01  1.492250e+03
     vertex  5.651500e+02  5.080000e+01  1.492250e+03
   endloop
 endfacet
 facet normal  1.000000e+00  0.000000e+00  0.000000e+00
   outer loop
     vertex  5.651500e+02  5.080000e+01  1.924050e+03
     vertex  5.651500e+02 -5.715000e+01  1.689100e+03
     vertex  5.651500e+02 -2.540000e+01  1.657350e+03
   endloop
 endfacet
 facet normal  1.000000e+00  0.000000e+00  0.000000e+00
   outer loop
     vertex  5.651500e+02  5.080000e+01  1.924050e+03
     vertex  5.651500e+02 -2.540000e+01  1.657350e+03
     vertex  5.651500e+02  5.080000e+01  1.492250e+03
   endloop
 endfacet
 facet normal  1.000000e+00 -0.000000e+00  0.000000e+00
   outer loop
     vertex  5.651500e+02 -5.715000e+01  1.962150e+03
     vertex  5.651500e+02  5.080000e+01  1.924050e+03
     vertex  5.651500e+02  1.270000e+01  1.962150e+03
   endloop
 endfacet
 facet normal  1.000000e+00  0.000000e+00  0.000000e+00
   outer loop
     vertex  5.651500e+02 -5.715000e+01  1.962150e+03
     vertex  5.651500e+02 -5.715000e+01  1.689100e+03
     vertex  5.651500e+02  5.080000e+01  1.924050e+03
   endloop
 endfacet
 facet normal -1.000000e+00  0.000000e+00 -0.000000e+00
   outer loop
     vertex  5.397500e+02 -2.540000e+01  1.657350e+03
     vertex  5.397500e+02  5.080000e+01  1.492250e+03
     vertex  5.397500e+02 -2.540000e+01  1.492250e+03
   endloop
 endfacet
 facet normal -1.000000e+00  0.000000e+00  0.000000e+00
   outer loop
     vertex  5.397500e+02  5.080000e+01  1.924050e+03
     vertex  5.397500e+02 -2.540000e+01  1.657350e+03
     vertex  5.397500e+02 -5.715000e+01  1.689100e+03
   endloop
 endfacet
 facet normal -1.000000e+00  0.000000e+00 -0.000000e+00
   outer loop
     vertex  5.397500e+02  5.080000e+01  1.924050e+03
     vertex  5.397500e+02  5.080000e+01  1.492250e+03
     vertex  5.397500e+02 -2.540000e+01  1.657350e+03
   endloop
 endfacet
 facet normal -1.000000e+00  0.000000e+00  0.000000e+00
   outer loop
     vertex  5.397500e+02 -5.715000e+01  1.962150e+03
     vertex  5.397500e+02  1.270000e+01  1.962150e+03
     vertex  5.397500e+02  5.080000e+01  1.924050e+03
   endloop
 endfacet
 facet normal -1.000000e+00  0.000000e+00  0.000000e+00
   outer loop
     vertex  5.397500e+02 -5.715000e+01  1.962150e+03
     vertex  5.397500e+02  5.080000e+01  1.924050e+03
     vertex  5.397500e+02 -5.715000e+01  1.689100e+03
   endloop
 endfacet
 facet normal  0.000000e+00 -8.715574e-02 -9.961947e-01
   outer loop
     vertex  4.381500e+02 -2.372666e+01  1.680540e+03
     vertex  5.397500e+02 -1.270000e+01  1.679575e+03
     vertex  5.397500e+02 -2.372666e+01  1.680540e+03
   endloop
 endfacet
 facet normal  0.000000e+00 -8.715574e-02 -9.961947e-01
   outer loop
     vertex  4.381500e+02 -2.372666e+01  1.680540e+03
     vertex  4.381500e+02 -1.270000e+01  1.679575e+03
     vertex  5.397500e+02 -1.270000e+01  1.679575e+03
   endloop
 endfacet
 facet normal  0.000000e+00 -2.588190e-01 -9.659258e-01
   outer loop
     vertex  4.381500e+02 -3.441828e+01  1.683405e+03
     vertex  5.397500e+02 -2.372666e+01  1.680540e+03
     vertex  5.397500e+02 -3.441828e+01  1.683405e+03
   endloop
 endfacet
 facet normal  0.000000e+00 -2.588190e-01 -9.659258e-01
   outer loop
     vertex  4.381500e+02 -3.441828e+01  1.683405e+03
     vertex  4.381500e+02 -2.372666e+01  1.680540e+03
     vertex  5.397500e+02 -2.372666e+01  1.680540e+03
   endloop
 endfacet
 facet normal  0.000000e+00 -4.226183e-01 -9.063078e-01
   outer loop
     vertex  4.381500e+02 -4.445000e+01  1.688082e+03
     vertex  5.397500e+02 -3.441828e+01  1.683405e+03
     vertex  5.397500e+02 -4.445000e+01  1.688082e+03
   endloop
 endfacet
 facet normal  0.000000e+00 -5.735764e-01 -8.191520e-01
   outer loop
     vertex  4.381500e+02 -4.445000e+01  1.688082e+03
     vertex  5.397500e+02 -4.445000e+01  1.688082e+03
     vertex  5.397500e+02 -5.351701e+01  1.694431e+03
   endloop
 endfacet
 facet normal  0.000000e+00 -4.226183e-01 -9.063078e-01
   outer loop
     vertex  4.381500e+02 -4.445000e+01  1.688082e+03
     vertex  4.381500e+02 -3.441828e+01  1.683405e+03
     vertex  5.397500e+02 -3.441828e+01  1.683405e+03
   endloop
 endfacet
 facet normal  0.000000e+00 -5.735764e-01 -8.191520e-01
   outer loop
     vertex  4.381500e+02 -5.351701e+01  1.694431e+03
     vertex  4.381500e+02 -4.445000e+01  1.688082e+03
     vertex  5.397500e+02 -5.351701e+01  1.694431e+03
   endloop
 endfacet
 facet normal  0.000000e+00 -7.071068e-01 -7.071068e-01
   outer loop
     vertex  4.381500e+02 -6.134382e+01  1.702258e+03
     vertex  5.397500e+02 -5.351701e+01  1.694431e+03
     vertex  5.397500e+02 -6.134382e+01  1.702258e+03
   endloop
 endfacet
 facet normal  0.000000e+00 -7.071068e-01 -7.071068e-01
   outer loop
     vertex  4.381500e+02 -6.134382e+01  1.702258e+03
     vertex  4.381500e+02 -5.351701e+01  1.694431e+03
     vertex  5.397500e+02 -5.351701e+01  1.694431e+03
   endloop
 endfacet
 facet normal  0.000000e+00 -8.191520e-01 -5.735764e-01
   outer loop
     vertex  4.381500e+02 -6.769261e+01  1.711325e+03
     vertex  5.397500e+02 -6.134382e+01  1.702258e+03
     vertex  5.397500e+02 -6.769261e+01  1.711325e+03
   endloop
 endfacet
 facet normal  0.000000e+00 -8.191520e-01 -5.735764e-01
   outer loop
     vertex  4.381500e+02 -6.769261e+01  1.711325e+03
     vertex  4.381500e+02 -6.134382e+01  1.702258e+03
     vertex  5.397500e+02 -6.134382e+01  1.702258e+03
   endloop
 endfacet
 facet normal  0.000000e+00 -9.063078e-01 -4.226183e-01
   outer loop
     vertex  4.381500e+02 -7.237048e+01  1.721357e+03
     vertex  5.397500e+02 -6.769261e+01  1.711325e+03
     vertex  5.397500e+02 -7.237048e+01  1.721357e+03
   endloop
 endfacet
 facet normal  0.000000e+00 -9.063078e-01 -4.226183e-01
   outer loop
     vertex  4.381500e+02 -7.237048e+01  1.721357e+03
     vertex  4.381500e+02 -6.769261e+01  1.711325e+03
     vertex  5.397500e+02 -6.769261e+01  1.711325e+03
   endloop
 endfacet
 facet normal  0.000000e+00 -9.659258e-01 -2.588190e-01
   outer loop
     vertex  4.381500e+02 -7.523529e+01  1.732048e+03
     vertex  5.397500e+02 -7.237048e+01  1.721357e+03
     vertex  5.397500e+02 -7.523529e+01  1.732048e+03
   endloop
 endfacet
 facet normal  0.000000e+00 -9.659258e-01 -2.588190e-01
   outer loop
     vertex  4.381500e+02 -7.523529e+01  1.732048e+03
     vertex  4.381500e+02 -7.237048e+01  1.721357e+03
     vertex  5.397500e+02 -7.237048e+01  1.721357e+03
   endloop
 endfacet
 facet normal  0.000000e+00 -9.961947e-01 -8.715574e-02
   outer loop
     vertex  4.381500e+02 -7.620000e+01  1.743075e+03
     vertex  5.397500e+02 -7.523529e+01  1.732048e+03
     vertex  5.397500e+02 -7.620000e+01  1.743075e+03
   endloop
 endfacet
 facet normal  0.000000e+00 -9.961947e-01 -8.715574e-02
   outer loop
     vertex  4.381500e+02 -7.620000e+01  1.743075e+03
     vertex  4.381500e+02 -7.523529e+01  1.732048e+03
     vertex  5.397500e+02 -7.523529e+01  1.732048e+03
   endloop
 endfacet
 facet normal  0.000000e+00 -9.961947e-01  8.715574e-02
   outer loop
     vertex  4.381500e+02 -7.523529e+01  1.754102e+03
     vertex  5.397500e+02 -7.620000e+01  1.743075e+03
     vertex  5.397500e+02 -7.523529e+01  1.754102e+03
   endloop
 endfacet
 facet normal  0.000000e+00 -9.961947e-01  8.715574e-02
   outer loop
     vertex  4.381500e+02 -7.523529e+01  1.754102e+03
     vertex  4.381500e+02 -7.620000e+01  1.743075e+03
     vertex  5.397500e+02 -7.620000e+01  1.743075e+03
   endloop
 endfacet
 facet normal  0.000000e+00 -9.659258e-01  2.588190e-01
   outer loop
     vertex  4.381500e+02 -7.237048e+01  1.764793e+03
     vertex  5.397500e+02 -7.523529e+01  1.754102e+03
     vertex  5.397500e+02 -7.237048e+01  1.764793e+03
   endloop
 endfacet
 facet normal  0.000000e+00 -9.659258e-01  2.588190e-01
   outer loop
     vertex  4.381500e+02 -7.237048e+01  1.764793e+03
     vertex  4.381500e+02 -7.523529e+01  1.754102e+03
     vertex  5.397500e+02 -7.523529e+01  1.754102e+03
   endloop
 endfacet
 facet normal  0.000000e+00 -9.063078e-01  4.226183e-01
   outer loop
     vertex  4.381500e+02 -6.769261e+01  1.774825e+03
     vertex  5.397500e+02 -7.237048e+01  1.764793e+03
     vertex  5.397500e+02 -6.769261e+01  1.774825e+03
   endloop
 endfacet
 facet normal  0.000000e+00 -9.063078e-01  4.226183e-01
   outer loop
     vertex  4.381500e+02 -6.769261e+01  1.774825e+03
     vertex  4.381500e+02 -7.237048e+01  1.764793e+03
     vertex  5.397500e+02 -7.237048e+01  1.764793e+03
   endloop
 endfacet
 facet normal  0.000000e+00 -8.191520e-01  5.735764e-01
   outer loop
     vertex  4.381500e+02 -6.134382e+01  1.783892e+03
     vertex  5.397500e+02 -6.769261e+01  1.774825e+03
     vertex  5.397500e+02 -6.134382e+01  1.783892e+03
   endloop
 endfacet
 facet normal  0.000000e+00 -8.191520e-01  5.735764e-01
   outer loop
     vertex  4.381500e+02 -6.134382e+01  1.783892e+03
     vertex  4.381500e+02 -6.769261e+01  1.774825e+03
     vertex  5.397500e+02 -6.769261e+01  1.774825e+03
   endloop
 endfacet
 facet normal  0.000000e+00 -7.071068e-01  7.071068e-01
   outer loop
     vertex  4.381500e+02 -5.351701e+01  1.791719e+03
     vertex  5.397500e+02 -6.134382e+01  1.783892e+03
     vertex  5.397500e+02 -5.351701e+01  1.791719e+03
   endloop
 endfacet
 facet normal  0.000000e+00 -7.071068e-01  7.071068e-01
   outer loop
     vertex  4.381500e+02 -5.351701e+01  1.791719e+03
     vertex  4.381500e+02 -6.134382e+01  1.783892e+03
     vertex  5.397500e+02 -6.134382e+01  1.783892e+03
   endloop
 endfacet
 facet normal  0.000000e+00 -5.735764e-01  8.191520e-01
   outer loop
     vertex  4.381500e+02 -4.445000e+01  1.798068e+03
     vertex  4.381500e+02 -5.351701e+01  1.791719e+03
     vertex  5.397500e+02 -5.351701e+01  1.791719e+03
   endloop
 endfacet
 facet normal  0.000000e+00 -5.735764e-01  8.191520e-01
   outer loop
     vertex  4.381500e+02 -4.445000e+01  1.798068e+03
     vertex  5.397500e+02 -5.351701e+01  1.791719e+03
     vertex  5.397500e+02 -4.445000e+01  1.798068e+03
   endloop
 endfacet
 facet normal  0.000000e+00 -4.226183e-01  9.063078e-01
   outer loop
     vertex  4.381500e+02 -3.441828e+01  1.802745e+03
     vertex  4.381500e+02 -4.445000e+01  1.798068e+03
     vertex  5.397500e+02 -4.445000e+01  1.798068e+03
   endloop
 endfacet
 facet normal  0.000000e+00 -4.226183e-01  9.063078e-01
   outer loop
     vertex  4.381500e+02 -3.441828e+01  1.802745e+03
     vertex  5.397500e+02 -4.445000e+01  1.798068e+03
     vertex  5.397500e+02 -3.441828e+01  1.802745e+03
   endloop
 endfacet
 facet normal  0.000000e+00 -2.588190e-01  9.659258e-01
   outer loop
     vertex  4.381500e+02 -2.372666e+01  1.805610e+03
     vertex  4.381500e+02 -3.441828e+01  1.802745e+03
     vertex  5.397500e+02 -3.441828e+01  1.802745e+03
   endloop
 endfacet
 facet normal  0.000000e+00 -2.588190e-01  9.659258e-01
   outer loop
     vertex  4.381500e+02 -2.372666e+01  1.805610e+03
     vertex  5.397500e+02 -3.441828e+01  1.802745e+03
     vertex  5.397500e+02 -2.372666e+01  1.805610e+03
   endloop
 endfacet
 facet normal  0.000000e+00 -8.715574e-02  9.961947e-01
   outer loop
     vertex  4.381500e+02 -1.270000e+01  1.806575e+03
     vertex  4.381500e+02 -2.372666e+01  1.805610e+03
     vertex  5.397500e+02 -2.372666e+01  1.805610e+03
   endloop
 endfacet
 facet normal  0.000000e+00 -8.715574e-02  9.961947e-01
   outer loop
     vertex  4.381500e+02 -1.270000e+01  1.806575e+03
     vertex  5.397500e+02 -2.372666e+01  1.805610e+03
     vertex  5.397500e+02 -1.270000e+01  1.806575e+03
   endloop
 endfacet
 facet normal  0.000000e+00  8.715574e-02  9.961947e-01
   outer loop
     vertex  4.381500e+02 -1.673341e+00  1.805610e+03
     vertex  4.381500e+02 -1.270000e+01  1.806575e+03
     vertex  5.397500e+02 -1.270000e+01  1.806575e+03
   endloop
 endfacet
 facet normal -0.000000e+00  8.715574e-02  9.961947e-01
   outer loop
     vertex  4.381500e+02 -1.673341e+00  1.805610e+03
     vertex  5.397500e+02 -1.270000e+01  1.806575e+03
     vertex  5.397500e+02 -1.673341e+00  1.805610e+03
   endloop
 endfacet
 facet normal -0.000000e+00  2.588190e-01  9.659258e-01
   outer loop
     vertex  4.381500e+02 -1.673341e+00  1.805610e+03
     vertex  5.397500e+02 -1.673341e+00  1.805610e+03
     vertex  5.397500e+02  9.018279e+00  1.802745e+03
   endloop
 endfacet
 facet normal -0.000000e+00  2.588190e-01  9.659258e-01
   outer loop
     vertex  4.381500e+02  9.018279e+00  1.802745e+03
     vertex  4.381500e+02 -1.673341e+00  1.805610e+03
     vertex  5.397500e+02  9.018279e+00  1.802745e+03
   endloop
 endfacet
 facet normal -0.000000e+00  4.226183e-01  9.063078e-01
   outer loop
     vertex  4.381500e+02  1.905000e+01  1.798068e+03
     vertex  5.397500e+02  9.018279e+00  1.802745e+03
     vertex  5.397500e+02  1.905000e+01  1.798068e+03
   endloop
 endfacet
 facet normal  0.000000e+00  4.226183e-01  9.063078e-01
   outer loop
     vertex  4.381500e+02  1.905000e+01  1.798068e+03
     vertex  4.381500e+02  9.018279e+00  1.802745e+03
     vertex  5.397500e+02  9.018279e+00  1.802745e+03
   endloop
 endfacet
 facet normal -0.000000e+00  5.735764e-01  8.191520e-01
   outer loop
     vertex  4.381500e+02  2.811701e+01  1.791719e+03
     vertex  5.397500e+02  1.905000e+01  1.798068e+03
     vertex  5.397500e+02  2.811701e+01  1.791719e+03
   endloop
 endfacet
 facet normal -0.000000e+00  7.071068e-01  7.071068e-01
   outer loop
     vertex  4.381500e+02  2.811701e+01  1.791719e+03
     vertex  5.397500e+02  2.811701e+01  1.791719e+03
     vertex  5.397500e+02  3.594382e+01  1.783892e+03
   endloop
 endfacet
 facet normal  0.000000e+00  5.735764e-01  8.191520e-01
   outer loop
     vertex  4.381500e+02  2.811701e+01  1.791719e+03
     vertex  4.381500e+02  1.905000e+01  1.798068e+03
     vertex  5.397500e+02  1.905000e+01  1.798068e+03
   endloop
 endfacet
 facet normal -0.000000e+00  7.071068e-01  7.071068e-01
   outer loop
     vertex  4.381500e+02  3.594382e+01  1.783892e+03
     vertex  4.381500e+02  2.811701e+01  1.791719e+03
     vertex  5.397500e+02  3.594382e+01  1.783892e+03
   endloop
 endfacet
 facet normal -0.000000e+00  8.191520e-01  5.735764e-01
   outer loop
     vertex  4.381500e+02  4.229261e+01  1.774825e+03
     vertex  5.397500e+02  3.594382e+01  1.783892e+03
     vertex  5.397500e+02  4.229261e+01  1.774825e+03
   endloop
 endfacet
 facet normal  0.000000e+00  8.191520e-01  5.735764e-01
   outer loop
     vertex  4.381500e+02  4.229261e+01  1.774825e+03
     vertex  4.381500e+02  3.594382e+01  1.783892e+03
     vertex  5.397500e+02  3.594382e+01  1.783892e+03
   endloop
 endfacet
 facet normal -0.000000e+00  9.063078e-01  4.226183e-01
   outer loop
     vertex  4.381500e+02  4.697048e+01  1.764793e+03
     vertex  5.397500e+02  4.229261e+01  1.774825e+03
     vertex  5.397500e+02  4.697048e+01  1.764793e+03
   endloop
 endfacet
 facet normal  0.000000e+00  9.063078e-01  4.226183e-01
   outer loop
     vertex  4.381500e+02  4.697048e+01  1.764793e+03
     vertex  4.381500e+02  4.229261e+01  1.774825e+03
     vertex  5.397500e+02  4.229261e+01  1.774825e+03
   endloop
 endfacet
 facet normal -0.000000e+00  9.659258e-01  2.588190e-01
   outer loop
     vertex  4.381500e+02  4.983529e+01  1.754102e+03
     vertex  5.397500e+02  4.697048e+01  1.764793e+03
     vertex  5.397500e+02  4.983529e+01  1.754102e+03
   endloop
 endfacet
 facet normal  0.000000e+00  9.659258e-01  2.588190e-01
   outer loop
     vertex  4.381500e+02  4.983529e+01  1.754102e+03
     vertex  4.381500e+02  4.697048e+01  1.764793e+03
     vertex  5.397500e+02  4.697048e+01  1.764793e+03
   endloop
 endfacet
 facet normal -0.000000e+00  9.961947e-01  8.715574e-02
   outer loop
     vertex  4.381500e+02  5.080000e+01  1.743075e+03
     vertex  5.397500e+02  4.983529e+01  1.754102e+03
     vertex  5.397500e+02  5.080000e+01  1.743075e+03
   endloop
 endfacet
 facet normal  0.000000e+00  9.961947e-01  8.715574e-02
   outer loop
     vertex  4.381500e+02  5.080000e+01  1.743075e+03
     vertex  4.381500e+02  4.983529e+01  1.754102e+03
     vertex  5.397500e+02  4.983529e+01  1.754102e+03
   endloop
 endfacet
 facet normal  0.000000e+00  9.961947e-01 -8.715574e-02
   outer loop
     vertex  4.381500e+02  4.983529e+01  1.732048e+03
     vertex  5.397500e+02  5.080000e+01  1.743075e+03
     vertex  5.397500e+02  4.983529e+01  1.732048e+03
   endloop
 endfacet
 facet normal  0.000000e+00  9.961947e-01 -8.715574e-02
   outer loop
     vertex  4.381500e+02  4.983529e+01  1.732048e+03
     vertex  4.381500e+02  5.080000e+01  1.743075e+03
     vertex  5.397500e+02  5.080000e+01  1.743075e+03
   endloop
 endfacet
 facet normal  0.000000e+00  9.659258e-01 -2.588190e-01
   outer loop
     vertex  4.381500e+02  4.697048e+01  1.721357e+03
     vertex  5.397500e+02  4.983529e+01  1.732048e+03
     vertex  5.397500e+02  4.697048e+01  1.721357e+03
   endloop
 endfacet
 facet normal  0.000000e+00  9.659258e-01 -2.588190e-01
   outer loop
     vertex  4.381500e+02  4.697048e+01  1.721357e+03
     vertex  4.381500e+02  4.983529e+01  1.732048e+03
     vertex  5.397500e+02  4.983529e+01  1.732048e+03
   endloop
 endfacet
 facet normal  0.000000e+00  9.063078e-01 -4.226183e-01
   outer loop
     vertex  4.381500e+02  4.229261e+01  1.711325e+03
     vertex  5.397500e+02  4.697048e+01  1.721357e+03
     vertex  5.397500e+02  4.229261e+01  1.711325e+03
   endloop
 endfacet
 facet normal  0.000000e+00  9.063078e-01 -4.226183e-01
   outer loop
     vertex  4.381500e+02  4.229261e+01  1.711325e+03
     vertex  4.381500e+02  4.697048e+01  1.721357e+03
     vertex  5.397500e+02  4.697048e+01  1.721357e+03
   endloop
 endfacet
 facet normal  0.000000e+00  8.191520e-01 -5.735764e-01
   outer loop
     vertex  4.381500e+02  3.594382e+01  1.702258e+03
     vertex  5.397500e+02  4.229261e+01  1.711325e+03
     vertex  5.397500e+02  3.594382e+01  1.702258e+03
   endloop
 endfacet
 facet normal  0.000000e+00  8.191520e-01 -5.735764e-01
   outer loop
     vertex  4.381500e+02  3.594382e+01  1.702258e+03
     vertex  4.381500e+02  4.229261e+01  1.711325e+03
     vertex  5.397500e+02  4.229261e+01  1.711325e+03
   endloop
 endfacet
 facet normal  0.000000e+00  7.071068e-01 -7.071068e-01
   outer loop
     vertex  4.381500e+02  2.811701e+01  1.694431e+03
     vertex  5.397500e+02  3.594382e+01  1.702258e+03
     vertex  5.397500e+02  2.811701e+01  1.694431e+03
   endloop
 endfacet
 facet normal  0.000000e+00  7.071068e-01 -7.071068e-01
   outer loop
     vertex  4.381500e+02  2.811701e+01  1.694431e+03
     vertex  4.381500e+02  3.594382e+01  1.702258e+03
     vertex  5.397500e+02  3.594382e+01  1.702258e+03
   endloop
 endfacet
 facet normal  0.000000e+00  5.735764e-01 -8.191520e-01
   outer loop
     vertex  4.381500e+02  1.905000e+01  1.688082e+03
     vertex  4.381500e+02  2.811701e+01  1.694431e+03
     vertex  5.397500e+02  2.811701e+01  1.694431e+03
   endloop
 endfacet
 facet normal  0.000000e+00  5.735764e-01 -8.191520e-01
   outer loop
     vertex  4.381500e+02  1.905000e+01  1.688082e+03
     vertex  5.397500e+02  2.811701e+01  1.694431e+03
     vertex  5.397500e+02  1.905000e+01  1.688082e+03
   endloop
 endfacet
 facet normal  0.000000e+00  4.226183e-01 -9.063078e-01
   outer loop
     vertex  4.381500e+02  9.018279e+00  1.683405e+03
     vertex  4.381500e+02  1.905000e+01  1.688082e+03
     vertex  5.397500e+02  1.905000e+01  1.688082e+03
   endloop
 endfacet
 facet normal  0.000000e+00  4.226183e-01 -9.063078e-01
   outer loop
     vertex  4.381500e+02  9.018279e+00  1.683405e+03
     vertex  5.397500e+02  1.905000e+01  1.688082e+03
     vertex  5.397500e+02  9.018279e+00  1.683405e+03
   endloop
 endfacet
 facet normal  0.000000e+00  2.588190e-01 -9.659258e-01
   outer loop
     vertex  4.381500e+02 -1.673341e+00  1.680540e+03
     vertex  4.381500e+02  9.018279e+00  1.683405e+03
     vertex  5.397500e+02  9.018279e+00  1.683405e+03
   endloop
 endfacet
 facet normal  0.000000e+00  2.588190e-01 -9.659258e-01
   outer loop
     vertex  4.381500e+02 -1.673341e+00  1.680540e+03
     vertex  5.397500e+02  9.018279e+00  1.683405e+03
     vertex  5.397500e+02 -1.673341e+00  1.680540e+03
   endloop
 endfacet
 facet normal  0.000000e+00  8.715574e-02 -9.961947e-01
   outer loop
     vertex  4.381500e+02 -1.673341e+00  1.680540e+03
     vertex  5.397500e+02 -1.673341e+00  1.680540e+03
     vertex  5.397500e+02 -1.270000e+01  1.679575e+03
   endloop
 endfacet
 facet normal  0.000000e+00  8.715574e-02 -9.961947e-01
   outer loop
     vertex  4.381500e+02 -1.270000e+01  1.679575e+03
     vertex  4.381500e+02 -1.673341e+00  1.680540e+03
     vertex  5.397500e+02 -1.270000e+01  1.679575e+03
   endloop
 endfacet
 facet normal -1.000000e+00  0.000000e+00  0.000000e+00
   outer loop
     vertex  4.381500e+02  4.229261e+01  1.711325e+03
     vertex  4.381500e+02  3.594382e+01  1.702258e+03
     vertex  4.381500e+02  2.811701e+01  1.694431e+03
   endloop
 endfacet
 facet normal -1.000000e+00  0.000000e+00  0.000000e+00
   outer loop
     vertex  4.381500e+02  4.229261e+01  1.711325e+03
     vertex  4.381500e+02  2.811701e+01  1.694431e+03
     vertex  4.381500e+02  1.905000e+01  1.688082e+03
   endloop
 endfacet
 facet normal -1.000000e+00  0.000000e+00  0.000000e+00
   outer loop
     vertex  4.381500e+02  9.018279e+00  1.683405e+03
     vertex  4.381500e+02  4.229261e+01  1.711325e+03
     vertex  4.381500e+02  1.905000e+01  1.688082e+03
   endloop
 endfacet
 facet normal -1.000000e+00  0.000000e+00  0.000000e+00
   outer loop
     vertex  4.381500e+02 -1.673341e+00  1.680540e+03
     vertex  4.381500e+02  4.229261e+01  1.711325e+03
     vertex  4.381500e+02  9.018279e+00  1.683405e+03
   endloop
 endfacet
 facet normal -1.000000e+00  0.000000e+00  0.000000e+00
   outer loop
     vertex  4.381500e+02  4.983529e+01  1.732048e+03
     vertex  4.381500e+02  4.697048e+01  1.721357e+03
     vertex  4.381500e+02  4.229261e+01  1.711325e+03
   endloop
 endfacet
 facet normal -1.000000e+00  0.000000e+00  0.000000e+00
   outer loop
     vertex  4.381500e+02 -3.441828e+01  1.683405e+03
     vertex  4.381500e+02 -1.270000e+01  1.679575e+03
     vertex  4.381500e+02 -2.372666e+01  1.680540e+03
   endloop
 endfacet
 facet normal -1.000000e+00  0.000000e+00  0.000000e+00
   outer loop
     vertex  4.381500e+02  4.697048e+01  1.764793e+03
     vertex  4.381500e+02  4.983529e+01  1.754102e+03
     vertex  4.381500e+02  5.080000e+01  1.743075e+03
   endloop
 endfacet
 facet normal -1.000000e+00  0.000000e+00  0.000000e+00
   outer loop
     vertex  4.381500e+02  4.697048e+01  1.764793e+03
     vertex  4.381500e+02  5.080000e+01  1.743075e+03
     vertex  4.381500e+02  4.983529e+01  1.732048e+03
   endloop
 endfacet
 facet normal -1.000000e+00  0.000000e+00  0.000000e+00
   outer loop
     vertex  4.381500e+02  3.594382e+01  1.783892e+03
     vertex  4.381500e+02  4.229261e+01  1.774825e+03
     vertex  4.381500e+02  4.697048e+01  1.764793e+03
   endloop
 endfacet
 facet normal -1.000000e+00  0.000000e+00  0.000000e+00
   outer loop
     vertex  4.381500e+02  3.594382e+01  1.783892e+03
     vertex  4.381500e+02  4.697048e+01  1.764793e+03
     vertex  4.381500e+02  4.983529e+01  1.732048e+03
   endloop
 endfacet
 facet normal -1.000000e+00  0.000000e+00 -0.000000e+00
   outer loop
     vertex  4.381500e+02  2.811701e+01  1.791719e+03
     vertex  4.381500e+02  4.229261e+01  1.711325e+03
     vertex  4.381500e+02 -1.673341e+00  1.680540e+03
   endloop
 endfacet
 facet normal -1.000000e+00  0.000000e+00  0.000000e+00
   outer loop
     vertex  4.381500e+02  2.811701e+01  1.791719e+03
     vertex  4.381500e+02  4.983529e+01  1.732048e+03
     vertex  4.381500e+02  4.229261e+01  1.711325e+03
   endloop
 endfacet
 facet normal -1.000000e+00  0.000000e+00  0.000000e+00
   outer loop
     vertex  4.381500e+02  2.811701e+01  1.791719e+03
     vertex  4.381500e+02  3.594382e+01  1.783892e+03
     vertex  4.381500e+02  4.983529e+01  1.732048e+03
   endloop
 endfacet
 facet normal -1.000000e+00  0.000000e+00  0.000000e+00
   outer loop
     vertex  4.381500e+02 -6.769261e+01  1.711325e+03
     vertex  4.381500e+02 -4.445000e+01  1.688082e+03
     vertex  4.381500e+02 -5.351701e+01  1.694431e+03
   endloop
 endfacet
 facet normal -1.000000e+00  0.000000e+00  0.000000e+00
   outer loop
     vertex  4.381500e+02 -6.769261e+01  1.711325e+03
     vertex  4.381500e+02 -5.351701e+01  1.694431e+03
     vertex  4.381500e+02 -6.134382e+01  1.702258e+03
   endloop
 endfacet
 facet normal -1.000000e+00  0.000000e+00  0.000000e+00
   outer loop
     vertex  4.381500e+02  9.018279e+00  1.802745e+03
     vertex  4.381500e+02  1.905000e+01  1.798068e+03
     vertex  4.381500e+02  2.811701e+01  1.791719e+03
   endloop
 endfacet
 facet normal -1.000000e+00  0.000000e+00  0.000000e+00
   outer loop
     vertex  4.381500e+02 -7.523529e+01  1.732048e+03
     vertex  4.381500e+02 -3.441828e+01  1.683405e+03
     vertex  4.381500e+02 -4.445000e+01  1.688082e+03
   endloop
 endfacet
 facet normal -1.000000e+00  0.000000e+00  0.000000e+00
   outer loop
     vertex  4.381500e+02 -7.523529e+01  1.732048e+03
     vertex  4.381500e+02 -6.769261e+01  1.711325e+03
     vertex  4.381500e+02 -7.237048e+01  1.721357e+03
   endloop
 endfacet
 facet normal -1.000000e+00  0.000000e+00  0.000000e+00
   outer loop
     vertex  4.381500e+02 -7.523529e+01  1.732048e+03
     vertex  4.381500e+02 -4.445000e+01  1.688082e+03
     vertex  4.381500e+02 -6.769261e+01  1.711325e+03
   endloop
 endfacet
 facet normal -1.000000e+00  0.000000e+00 -0.000000e+00
   outer loop
     vertex  4.381500e+02 -7.523529e+01  1.754102e+03
     vertex  4.381500e+02 -7.523529e+01  1.732048e+03
     vertex  4.381500e+02 -7.620000e+01  1.743075e+03
   endloop
 endfacet
 facet normal -1.000000e+00  0.000000e+00  0.000000e+00
   outer loop
     vertex  4.381500e+02 -3.441828e+01  1.802745e+03
     vertex  4.381500e+02 -2.372666e+01  1.805610e+03
     vertex  4.381500e+02 -1.270000e+01  1.806575e+03
   endloop
 endfacet
 facet normal -1.000000e+00  0.000000e+00  0.000000e+00
   outer loop
     vertex  4.381500e+02 -6.769261e+01  1.774825e+03
     vertex  4.381500e+02 -7.523529e+01  1.754102e+03
     vertex  4.381500e+02 -7.237048e+01  1.764793e+03
   endloop
 endfacet
 facet normal -1.000000e+00  0.000000e+00  0.000000e+00
   outer loop
     vertex  4.381500e+02 -4.445000e+01  1.798068e+03
     vertex  4.381500e+02 -3.441828e+01  1.802745e+03
     vertex  4.381500e+02 -1.270000e+01  1.806575e+03
   endloop
 endfacet
 facet normal -1.000000e+00  0.000000e+00  0.000000e+00
   outer loop
     vertex  4.381500e+02 -4.445000e+01  1.798068e+03
     vertex  4.381500e+02 -1.270000e+01  1.806575e+03
     vertex  4.381500e+02 -1.673341e+00  1.805610e+03
   endloop
 endfacet
 facet normal -1.000000e+00  0.000000e+00  0.000000e+00
   outer loop
     vertex  4.381500e+02 -4.445000e+01  1.798068e+03
     vertex  4.381500e+02 -1.673341e+00  1.805610e+03
     vertex  4.381500e+02  9.018279e+00  1.802745e+03
   endloop
 endfacet
 facet normal -1.000000e+00  0.000000e+00  0.000000e+00
   outer loop
     vertex  4.381500e+02 -6.134382e+01  1.783892e+03
     vertex  4.381500e+02 -7.523529e+01  1.754102e+03
     vertex  4.381500e+02 -6.769261e+01  1.774825e+03
   endloop
 endfacet
 facet normal -1.000000e+00  0.000000e+00  0.000000e+00
   outer loop
     vertex  4.381500e+02 -5.351701e+01  1.791719e+03
     vertex  4.381500e+02 -7.523529e+01  1.754102e+03
     vertex  4.381500e+02 -6.134382e+01  1.783892e+03
   endloop
 endfacet
 facet normal -1.000000e+00  0.000000e+00  0.000000e+00
   outer loop
     vertex  4.381500e+02 -5.351701e+01  1.791719e+03
     vertex  4.381500e+02 -1.673341e+00  1.680540e+03
     vertex  4.381500e+02 -1.270000e+01  1.679575e+03
   endloop
 endfacet
 facet normal -1.000000e+00  0.000000e+00  0.000000e+00
   outer loop
     vertex  4.381500e+02 -5.351701e+01  1.791719e+03
     vertex  4.381500e+02 -1.270000e+01  1.679575e+03
     vertex  4.381500e+02 -3.441828e+01  1.683405e+03
   endloop
 endfacet
 facet normal -1.000000e+00  0.000000e+00  0.000000e+00
   outer loop
     vertex  4.381500e+02 -5.351701e+01  1.791719e+03
     vertex  4.381500e+02  9.018279e+00  1.802745e+03
     vertex  4.381500e+02  2.811701e+01  1.791719e+03
   endloop
 endfacet
 facet normal -1.000000e+00  0.000000e+00  0.000000e+00
   outer loop
     vertex  4.381500e+02 -5.351701e+01  1.791719e+03
     vertex  4.381500e+02 -7.523529e+01  1.732048e+03
     vertex  4.381500e+02 -7.523529e+01  1.754102e+03
   endloop
 endfacet
 facet normal -1.000000e+00  0.000000e+00  0.000000e+00
   outer loop
     vertex  4.381500e+02 -5.351701e+01  1.791719e+03
     vertex  4.381500e+02  2.811701e+01  1.791719e+03
     vertex  4.381500e+02 -1.673341e+00  1.680540e+03
   endloop
 endfacet
 facet normal -1.000000e+00  0.000000e+00 -0.000000e+00
   outer loop
     vertex  4.381500e+02 -5.351701e+01  1.791719e+03
     vertex  4.381500e+02 -3.441828e+01  1.683405e+03
     vertex  4.381500e+02 -7.523529e+01  1.732048e+03
   endloop
 endfacet
 facet normal -1.000000e+00  0.000000e+00  0.000000e+00
   outer loop
     vertex  4.381500e+02 -5.351701e+01  1.791719e+03
     vertex  4.381500e+02 -4.445000e+01  1.798068e+03
     vertex  4.381500e+02  9.018279e+00  1.802745e+03
   endloop
 endfacet
 facet normal  1.000000e+00  0.000000e+00  0.000000e+00
   outer loop
     vertex  5.397500e+02  1.905000e+01  1.688082e+03
     vertex  5.397500e+02  2.811701e+01  1.694431e+03
     vertex  5.397500e+02  3.594382e+01  1.702258e+03
   endloop
 endfacet
 facet normal  1.000000e+00  0.000000e+00  0.000000e+00
   outer loop
     vertex  5.397500e+02  4.697048e+01  1.721357e+03
     vertex  5.397500e+02  3.594382e+01  1.702258e+03
     vertex  5.397500e+02  4.229261e+01  1.711325e+03
   endloop
 endfacet
 facet normal  1.000000e+00  0.000000e+00  0.000000e+00
   outer loop
     vertex  5.397500e+02 -1.673341e+00  1.680540e+03
     vertex  5.397500e+02  9.018279e+00  1.683405e+03
     vertex  5.397500e+02  1.905000e+01  1.688082e+03
   endloop
 endfacet
 facet normal  1.000000e+00  0.000000e+00  0.000000e+00
   outer loop
     vertex  5.397500e+02  4.983529e+01  1.754102e+03
     vertex  5.397500e+02  4.983529e+01  1.732048e+03
     vertex  5.397500e+02  5.080000e+01  1.743075e+03
   endloop
 endfacet
 facet normal  1.000000e+00  0.000000e+00  0.000000e+00
   outer loop
     vertex  5.397500e+02  4.697048e+01  1.764793e+03
     vertex  5.397500e+02  4.697048e+01  1.721357e+03
     vertex  5.397500e+02  4.983529e+01  1.732048e+03
   endloop
 endfacet
 facet normal  1.000000e+00  0.000000e+00  0.000000e+00
   outer loop
     vertex  5.397500e+02  4.697048e+01  1.764793e+03
     vertex  5.397500e+02  3.594382e+01  1.702258e+03
     vertex  5.397500e+02  4.697048e+01  1.721357e+03
   endloop
 endfacet
 facet normal  1.000000e+00  0.000000e+00  0.000000e+00
   outer loop
     vertex  5.397500e+02  4.697048e+01  1.764793e+03
     vertex  5.397500e+02  4.983529e+01  1.732048e+03
     vertex  5.397500e+02  4.983529e+01  1.754102e+03
   endloop
 endfacet
 facet normal  1.000000e+00  0.000000e+00  0.000000e+00
   outer loop
     vertex  5.397500e+02 -5.351701e+01  1.694431e+03
     vertex  5.397500e+02 -4.445000e+01  1.688082e+03
     vertex  5.397500e+02 -3.441828e+01  1.683405e+03
   endloop
 endfacet
 facet normal  1.000000e+00  0.000000e+00  0.000000e+00
   outer loop
     vertex  5.397500e+02  2.811701e+01  1.791719e+03
     vertex  5.397500e+02  4.229261e+01  1.774825e+03
     vertex  5.397500e+02  3.594382e+01  1.783892e+03
   endloop
 endfacet
 facet normal  1.000000e+00  0.000000e+00  0.000000e+00
   outer loop
     vertex  5.397500e+02  2.811701e+01  1.791719e+03
     vertex  5.397500e+02  4.697048e+01  1.764793e+03
     vertex  5.397500e+02  4.229261e+01  1.774825e+03
   endloop
 endfacet
 facet normal  1.000000e+00  0.000000e+00  0.000000e+00
   outer loop
     vertex  5.397500e+02  2.811701e+01  1.791719e+03
     vertex  5.397500e+02  1.905000e+01  1.688082e+03
     vertex  5.397500e+02  3.594382e+01  1.702258e+03
   endloop
 endfacet
 facet normal  1.000000e+00  0.000000e+00  0.000000e+00
   outer loop
     vertex  5.397500e+02  2.811701e+01  1.791719e+03
     vertex  5.397500e+02  3.594382e+01  1.702258e+03
     vertex  5.397500e+02  4.697048e+01  1.764793e+03
   endloop
 endfacet
 facet normal  1.000000e+00  0.000000e+00  0.000000e+00
   outer loop
     vertex  5.397500e+02 -6.769261e+01  1.711325e+03
     vertex  5.397500e+02 -6.134382e+01  1.702258e+03
     vertex  5.397500e+02 -5.351701e+01  1.694431e+03
   endloop
 endfacet
 facet normal  1.000000e+00  0.000000e+00  0.000000e+00
   outer loop
     vertex  5.397500e+02  9.018279e+00  1.802745e+03
     vertex  5.397500e+02  2.811701e+01  1.791719e+03
     vertex  5.397500e+02  1.905000e+01  1.798068e+03
   endloop
 endfacet
 facet normal  1.000000e+00  0.000000e+00  0.000000e+00
   outer loop
     vertex  5.397500e+02  9.018279e+00  1.802745e+03
     vertex  5.397500e+02  1.905000e+01  1.688082e+03
     vertex  5.397500e+02  2.811701e+01  1.791719e+03
   endloop
 endfacet
 facet normal  1.000000e+00  0.000000e+00  0.000000e+00
   outer loop
     vertex  5.397500e+02 -1.673341e+00  1.805610e+03
     vertex  5.397500e+02 -1.270000e+01  1.679575e+03
     vertex  5.397500e+02 -1.673341e+00  1.680540e+03
   endloop
 endfacet
 facet normal  1.000000e+00  0.000000e+00  0.000000e+00
   outer loop
     vertex  5.397500e+02 -1.673341e+00  1.805610e+03
     vertex  5.397500e+02 -1.673341e+00  1.680540e+03
     vertex  5.397500e+02  1.905000e+01  1.688082e+03
   endloop
 endfacet
 facet normal  1.000000e+00  0.000000e+00  0.000000e+00
   outer loop
     vertex  5.397500e+02 -1.673341e+00  1.805610e+03
     vertex  5.397500e+02  1.905000e+01  1.688082e+03
     vertex  5.397500e+02  9.018279e+00  1.802745e+03
   endloop
 endfacet
 facet normal  1.000000e+00  0.000000e+00  0.000000e+00
   outer loop
     vertex  5.397500e+02 -1.270000e+01  1.806575e+03
     vertex  5.397500e+02 -2.372666e+01  1.680540e+03
     vertex  5.397500e+02 -1.270000e+01  1.679575e+03
   endloop
 endfacet
 facet normal  1.000000e+00  0.000000e+00  0.000000e+00
   outer loop
     vertex  5.397500e+02 -1.270000e+01  1.806575e+03
     vertex  5.397500e+02 -3.441828e+01  1.683405e+03
     vertex  5.397500e+02 -2.372666e+01  1.680540e+03
   endloop
 endfacet
 facet normal  1.000000e+00  0.000000e+00  0.000000e+00
   outer loop
     vertex  5.397500e+02 -1.270000e+01  1.806575e+03
     vertex  5.397500e+02 -1.270000e+01  1.679575e+03
     vertex  5.397500e+02 -1.673341e+00  1.805610e+03
   endloop
 endfacet
 facet normal  1.000000e+00  0.000000e+00  0.000000e+00
   outer loop
     vertex  5.397500e+02 -7.620000e+01  1.743075e+03
     vertex  5.397500e+02 -7.237048e+01  1.721357e+03
     vertex  5.397500e+02 -6.769261e+01  1.711325e+03
   endloop
 endfacet
 facet normal  1.000000e+00  0.000000e+00  0.000000e+00
   outer loop
     vertex  5.397500e+02 -7.620000e+01  1.743075e+03
     vertex  5.397500e+02 -7.523529e+01  1.732048e+03
     vertex  5.397500e+02 -7.237048e+01  1.721357e+03
   endloop
 endfacet
 facet normal  1.000000e+00  0.000000e+00  0.000000e+00
   outer loop
     vertex  5.397500e+02 -7.237048e+01  1.764793e+03
     vertex  5.397500e+02 -7.523529e+01  1.754102e+03
     vertex  5.397500e+02 -7.620000e+01  1.743075e+03
   endloop
 endfacet
 facet normal  1.000000e+00  0.000000e+00  0.000000e+00
   outer loop
     vertex  5.397500e+02 -4.445000e+01  1.798068e+03
     vertex  5.397500e+02 -2.372666e+01  1.805610e+03
     vertex  5.397500e+02 -3.441828e+01  1.802745e+03
   endloop
 endfacet
 facet normal  1.000000e+00  0.000000e+00  0.000000e+00
   outer loop
     vertex  5.397500e+02 -4.445000e+01  1.798068e+03
     vertex  5.397500e+02 -1.270000e+01  1.806575e+03
     vertex  5.397500e+02 -2.372666e+01  1.805610e+03
   endloop
 endfacet
 facet normal  1.000000e+00 -0.000000e+00  0.000000e+00
   outer loop
     vertex  5.397500e+02 -4.445000e+01  1.798068e+03
     vertex  5.397500e+02 -3.441828e+01  1.683405e+03
     vertex  5.397500e+02 -1.270000e+01  1.806575e+03
   endloop
 endfacet
 facet normal  1.000000e+00  0.000000e+00  0.000000e+00
   outer loop
     vertex  5.397500e+02 -6.769261e+01  1.774825e+03
     vertex  5.397500e+02 -7.237048e+01  1.764793e+03
     vertex  5.397500e+02 -7.620000e+01  1.743075e+03
   endloop
 endfacet
 facet normal  1.000000e+00  0.000000e+00  0.000000e+00
   outer loop
     vertex  5.397500e+02 -6.769261e+01  1.774825e+03
     vertex  5.397500e+02 -7.620000e+01  1.743075e+03
     vertex  5.397500e+02 -6.769261e+01  1.711325e+03
   endloop
 endfacet
 facet normal  1.000000e+00 -0.000000e+00  0.000000e+00
   outer loop
     vertex  5.397500e+02 -5.351701e+01  1.791719e+03
     vertex  5.397500e+02 -3.441828e+01  1.683405e+03
     vertex  5.397500e+02 -4.445000e+01  1.798068e+03
   endloop
 endfacet
 facet normal  1.000000e+00  0.000000e+00  0.000000e+00
   outer loop
     vertex  5.397500e+02 -5.351701e+01  1.791719e+03
     vertex  5.397500e+02 -6.769261e+01  1.774825e+03
     vertex  5.397500e+02 -6.769261e+01  1.711325e+03
   endloop
 endfacet
 facet normal  1.000000e+00  0.000000e+00  0.000000e+00
   outer loop
     vertex  5.397500e+02 -5.351701e+01  1.791719e+03
     vertex  5.397500e+02 -6.769261e+01  1.711325e+03
     vertex  5.397500e+02 -5.351701e+01  1.694431e+03
   endloop
 endfacet
 facet normal  1.000000e+00  0.000000e+00  0.000000e+00
   outer loop
     vertex  5.397500e+02 -5.351701e+01  1.791719e+03
     vertex  5.397500e+02 -5.351701e+01  1.694431e+03
     vertex  5.397500e+02 -3.441828e+01  1.683405e+03
   endloop
 endfacet
 facet normal  1.000000e+00 -0.000000e+00  0.000000e+00
   outer loop
     vertex  5.397500e+02 -6.134382e+01  1.783892e+03
     vertex  5.397500e+02 -6.769261e+01  1.774825e+03
     vertex  5.397500e+02 -5.351701e+01  1.791719e+03
   endloop
 endfacet
 facet normal  0.000000e+00 -8.715574e-02 -9.961947e-01
   outer loop
     vertex  4.381500e+02 -2.372666e+01  1.832940e+03
     vertex  5.397500e+02 -1.270000e+01  1.831975e+03
     vertex  5.397500e+02 -2.372666e+01  1.832940e+03
   endloop
 endfacet
 facet normal  0.000000e+00 -8.715574e-02 -9.961947e-01
   outer loop
     vertex  4.381500e+02 -2.372666e+01  1.832940e+03
     vertex  4.381500e+02 -1.270000e+01  1.831975e+03
     vertex  5.397500e+02 -1.270000e+01  1.831975e+03
   endloop
 endfacet
 facet normal  0.000000e+00 -2.588190e-01 -9.659258e-01
   outer loop
     vertex  4.381500e+02 -3.441828e+01  1.835805e+03
     vertex  5.397500e+02 -2.372666e+01  1.832940e+03
     vertex  5.397500e+02 -3.441828e+01  1.835805e+03
   endloop
 endfacet
 facet normal  0.000000e+00 -2.588190e-01 -9.659258e-01
   outer loop
     vertex  4.381500e+02 -3.441828e+01  1.835805e+03
     vertex  4.381500e+02 -2.372666e+01  1.832940e+03
     vertex  5.397500e+02 -2.372666e+01  1.832940e+03
   endloop
 endfacet
 facet normal  0.000000e+00 -4.226183e-01 -9.063078e-01
   outer loop
     vertex  4.381500e+02 -4.445000e+01  1.840482e+03
     vertex  5.397500e+02 -3.441828e+01  1.835805e+03
     vertex  5.397500e+02 -4.445000e+01  1.840482e+03
   endloop
 endfacet
 facet normal  0.000000e+00 -5.735764e-01 -8.191520e-01
   outer loop
     vertex  4.381500e+02 -4.445000e+01  1.840482e+03
     vertex  5.397500e+02 -4.445000e+01  1.840482e+03
     vertex  5.397500e+02 -5.351701e+01  1.846831e+03
   endloop
 endfacet
 facet normal  0.000000e+00 -4.226183e-01 -9.063078e-01
   outer loop
     vertex  4.381500e+02 -4.445000e+01  1.840482e+03
     vertex  4.381500e+02 -3.441828e+01  1.835805e+03
     vertex  5.397500e+02 -3.441828e+01  1.835805e+03
   endloop
 endfacet
 facet normal  0.000000e+00 -5.735764e-01 -8.191520e-01
   outer loop
     vertex  4.381500e+02 -5.351701e+01  1.846831e+03
     vertex  4.381500e+02 -4.445000e+01  1.840482e+03
     vertex  5.397500e+02 -5.351701e+01  1.846831e+03
   endloop
 endfacet
 facet normal  0.000000e+00 -7.071068e-01 -7.071068e-01
   outer loop
     vertex  4.381500e+02 -6.134382e+01  1.854658e+03
     vertex  5.397500e+02 -5.351701e+01  1.846831e+03
     vertex  5.397500e+02 -6.134382e+01  1.854658e+03
   endloop
 endfacet
 facet normal  0.000000e+00 -7.071068e-01 -7.071068e-01
   outer loop
     vertex  4.381500e+02 -6.134382e+01  1.854658e+03
     vertex  4.381500e+02 -5.351701e+01  1.846831e+03
     vertex  5.397500e+02 -5.351701e+01  1.846831e+03
   endloop
 endfacet
 facet normal  0.000000e+00 -8.191520e-01 -5.735764e-01
   outer loop
     vertex  4.381500e+02 -6.769261e+01  1.863725e+03
     vertex  5.397500e+02 -6.134382e+01  1.854658e+03
     vertex  5.397500e+02 -6.769261e+01  1.863725e+03
   endloop
 endfacet
 facet normal  0.000000e+00 -8.191520e-01 -5.735764e-01
   outer loop
     vertex  4.381500e+02 -6.769261e+01  1.863725e+03
     vertex  4.381500e+02 -6.134382e+01  1.854658e+03
     vertex  5.397500e+02 -6.134382e+01  1.854658e+03
   endloop
 endfacet
 facet normal  0.000000e+00 -9.063078e-01 -4.226183e-01
   outer loop
     vertex  4.381500e+02 -7.237048e+01  1.873757e+03
     vertex  5.397500e+02 -6.769261e+01  1.863725e+03
     vertex  5.397500e+02 -7.237048e+01  1.873757e+03
   endloop
 endfacet
 facet normal  0.000000e+00 -9.063078e-01 -4.226183e-01
   outer loop
     vertex  4.381500e+02 -7.237048e+01  1.873757e+03
     vertex  4.381500e+02 -6.769261e+01  1.863725e+03
     vertex  5.397500e+02 -6.769261e+01  1.863725e+03
   endloop
 endfacet
 facet normal  0.000000e+00 -9.659258e-01 -2.588190e-01
   outer loop
     vertex  4.381500e+02 -7.523529e+01  1.884448e+03
     vertex  5.397500e+02 -7.237048e+01  1.873757e+03
     vertex  5.397500e+02 -7.523529e+01  1.884448e+03
   endloop
 endfacet
 facet normal  0.000000e+00 -9.659258e-01 -2.588190e-01
   outer loop
     vertex  4.381500e+02 -7.523529e+01  1.884448e+03
     vertex  4.381500e+02 -7.237048e+01  1.873757e+03
     vertex  5.397500e+02 -7.237048e+01  1.873757e+03
   endloop
 endfacet
 facet normal  0.000000e+00 -9.961947e-01 -8.715574e-02
   outer loop
     vertex  4.381500e+02 -7.620000e+01  1.895475e+03
     vertex  5.397500e+02 -7.523529e+01  1.884448e+03
     vertex  5.397500e+02 -7.620000e+01  1.895475e+03
   endloop
 endfacet
 facet normal  0.000000e+00 -9.961947e-01 -8.715574e-02
   outer loop
     vertex  4.381500e+02 -7.620000e+01  1.895475e+03
     vertex  4.381500e+02 -7.523529e+01  1.884448e+03
     vertex  5.397500e+02 -7.523529e+01  1.884448e+03
   endloop
 endfacet
 facet normal  0.000000e+00 -9.961947e-01  8.715574e-02
   outer loop
     vertex  4.381500e+02 -7.523529e+01  1.906502e+03
     vertex  5.397500e+02 -7.620000e+01  1.895475e+03
     vertex  5.397500e+02 -7.523529e+01  1.906502e+03
   endloop
 endfacet
 facet normal  0.000000e+00 -9.961947e-01  8.715574e-02
   outer loop
     vertex  4.381500e+02 -7.523529e+01  1.906502e+03
     vertex  4.381500e+02 -7.620000e+01  1.895475e+03
     vertex  5.397500e+02 -7.620000e+01  1.895475e+03
   endloop
 endfacet
 facet normal  0.000000e+00 -9.659258e-01  2.588190e-01
   outer loop
     vertex  4.381500e+02 -7.237048e+01  1.917193e+03
     vertex  5.397500e+02 -7.523529e+01  1.906502e+03
     vertex  5.397500e+02 -7.237048e+01  1.917193e+03
   endloop
 endfacet
 facet normal  0.000000e+00 -9.659258e-01  2.588190e-01
   outer loop
     vertex  4.381500e+02 -7.237048e+01  1.917193e+03
     vertex  4.381500e+02 -7.523529e+01  1.906502e+03
     vertex  5.397500e+02 -7.523529e+01  1.906502e+03
   endloop
 endfacet
 facet normal  0.000000e+00 -9.063078e-01  4.226183e-01
   outer loop
     vertex  4.381500e+02 -6.769261e+01  1.927225e+03
     vertex  5.397500e+02 -7.237048e+01  1.917193e+03
     vertex  5.397500e+02 -6.769261e+01  1.927225e+03
   endloop
 endfacet
 facet normal  0.000000e+00 -9.063078e-01  4.226183e-01
   outer loop
     vertex  4.381500e+02 -6.769261e+01  1.927225e+03
     vertex  4.381500e+02 -7.237048e+01  1.917193e+03
     vertex  5.397500e+02 -7.237048e+01  1.917193e+03
   endloop
 endfacet
 facet normal  0.000000e+00 -8.191520e-01  5.735764e-01
   outer loop
     vertex  4.381500e+02 -6.134382e+01  1.936292e+03
     vertex  5.397500e+02 -6.769261e+01  1.927225e+03
     vertex  5.397500e+02 -6.134382e+01  1.936292e+03
   endloop
 endfacet
 facet normal  0.000000e+00 -8.191520e-01  5.735764e-01
   outer loop
     vertex  4.381500e+02 -6.134382e+01  1.936292e+03
     vertex  4.381500e+02 -6.769261e+01  1.927225e+03
     vertex  5.397500e+02 -6.769261e+01  1.927225e+03
   endloop
 endfacet
 facet normal  0.000000e+00 -7.071068e-01  7.071068e-01
   outer loop
     vertex  4.381500e+02 -5.351701e+01  1.944119e+03
     vertex  5.397500e+02 -6.134382e+01  1.936292e+03
     vertex  5.397500e+02 -5.351701e+01  1.944119e+03
   endloop
 endfacet
 facet normal  0.000000e+00 -7.071068e-01  7.071068e-01
   outer loop
     vertex  4.381500e+02 -5.351701e+01  1.944119e+03
     vertex  4.381500e+02 -6.134382e+01  1.936292e+03
     vertex  5.397500e+02 -6.134382e+01  1.936292e+03
   endloop
 endfacet
 facet normal  0.000000e+00 -5.735764e-01  8.191520e-01
   outer loop
     vertex  4.381500e+02 -4.445000e+01  1.950468e+03
     vertex  4.381500e+02 -5.351701e+01  1.944119e+03
     vertex  5.397500e+02 -5.351701e+01  1.944119e+03
   endloop
 endfacet
 facet normal  0.000000e+00 -5.735764e-01  8.191520e-01
   outer loop
     vertex  4.381500e+02 -4.445000e+01  1.950468e+03
     vertex  5.397500e+02 -5.351701e+01  1.944119e+03
     vertex  5.397500e+02 -4.445000e+01  1.950468e+03
   endloop
 endfacet
 facet normal  0.000000e+00 -4.226183e-01  9.063078e-01
   outer loop
     vertex  4.381500e+02 -3.441828e+01  1.955145e+03
     vertex  4.381500e+02 -4.445000e+01  1.950468e+03
     vertex  5.397500e+02 -4.445000e+01  1.950468e+03
   endloop
 endfacet
 facet normal  0.000000e+00 -4.226183e-01  9.063078e-01
   outer loop
     vertex  4.381500e+02 -3.441828e+01  1.955145e+03
     vertex  5.397500e+02 -4.445000e+01  1.950468e+03
     vertex  5.397500e+02 -3.441828e+01  1.955145e+03
   endloop
 endfacet
 facet normal  0.000000e+00 -2.588190e-01  9.659258e-01
   outer loop
     vertex  4.381500e+02 -2.372666e+01  1.958010e+03
     vertex  4.381500e+02 -3.441828e+01  1.955145e+03
     vertex  5.397500e+02 -3.441828e+01  1.955145e+03
   endloop
 endfacet
 facet normal  0.000000e+00 -2.588190e-01  9.659258e-01
   outer loop
     vertex  4.381500e+02 -2.372666e+01  1.958010e+03
     vertex  5.397500e+02 -3.441828e+01  1.955145e+03
     vertex  5.397500e+02 -2.372666e+01  1.958010e+03
   endloop
 endfacet
 facet normal  0.000000e+00 -8.715574e-02  9.961947e-01
   outer loop
     vertex  4.381500e+02 -1.270000e+01  1.958975e+03
     vertex  4.381500e+02 -2.372666e+01  1.958010e+03
     vertex  5.397500e+02 -2.372666e+01  1.958010e+03
   endloop
 endfacet
 facet normal  0.000000e+00 -8.715574e-02  9.961947e-01
   outer loop
     vertex  4.381500e+02 -1.270000e+01  1.958975e+03
     vertex  5.397500e+02 -2.372666e+01  1.958010e+03
     vertex  5.397500e+02 -1.270000e+01  1.958975e+03
   endloop
 endfacet
 facet normal  0.000000e+00  8.715574e-02  9.961947e-01
   outer loop
     vertex  4.381500e+02 -1.673341e+00  1.958010e+03
     vertex  4.381500e+02 -1.270000e+01  1.958975e+03
     vertex  5.397500e+02 -1.270000e+01  1.958975e+03
   endloop
 endfacet
 facet normal -0.000000e+00  8.715574e-02  9.961947e-01
   outer loop
     vertex  4.381500e+02 -1.673341e+00  1.958010e+03
     vertex  5.397500e+02 -1.270000e+01  1.958975e+03
     vertex  5.397500e+02 -1.673341e+00  1.958010e+03
   endloop
 endfacet
 facet normal -0.000000e+00  2.588190e-01  9.659258e-01
   outer loop
     vertex  4.381500e+02 -1.673341e+00  1.958010e+03
     vertex  5.397500e+02 -1.673341e+00  1.958010e+03
     vertex  5.397500e+02  9.018279e+00  1.955145e+03
   endloop
 endfacet
 facet normal -0.000000e+00  2.588190e-01  9.659258e-01
   outer loop
     vertex  4.381500e+02  9.018279e+00  1.955145e+03
     vertex  4.381500e+02 -1.673341e+00  1.958010e+03
     vertex  5.397500e+02  9.018279e+00  1.955145e+03
   endloop
 endfacet
 facet normal -0.000000e+00  4.226183e-01  9.063078e-01
   outer loop
     vertex  4.381500e+02  1.905000e+01  1.950468e+03
     vertex  5.397500e+02  9.018279e+00  1.955145e+03
     vertex  5.397500e+02  1.905000e+01  1.950468e+03
   endloop
 endfacet
 facet normal  0.000000e+00  4.226183e-01  9.063078e-01
   outer loop
     vertex  4.381500e+02  1.905000e+01  1.950468e+03
     vertex  4.381500e+02  9.018279e+00  1.955145e+03
     vertex  5.397500e+02  9.018279e+00  1.955145e+03
   endloop
 endfacet
 facet normal -0.000000e+00  5.735764e-01  8.191520e-01
   outer loop
     vertex  4.381500e+02  2.811701e+01  1.944119e+03
     vertex  5.397500e+02  1.905000e+01  1.950468e+03
     vertex  5.397500e+02  2.811701e+01  1.944119e+03
   endloop
 endfacet
 facet normal -0.000000e+00  7.071068e-01  7.071068e-01
   outer loop
     vertex  4.381500e+02  2.811701e+01  1.944119e+03
     vertex  5.397500e+02  2.811701e+01  1.944119e+03
     vertex  5.397500e+02  3.594382e+01  1.936292e+03
   endloop
 endfacet
 facet normal  0.000000e+00  5.735764e-01  8.191520e-01
   outer loop
     vertex  4.381500e+02  2.811701e+01  1.944119e+03
     vertex  4.381500e+02  1.905000e+01  1.950468e+03
     vertex  5.397500e+02  1.905000e+01  1.950468e+03
   endloop
 endfacet
 facet normal -0.000000e+00  7.071068e-01  7.071068e-01
   outer loop
     vertex  4.381500e+02  3.594382e+01  1.936292e+03
     vertex  4.381500e+02  2.811701e+01  1.944119e+03
     vertex  5.397500e+02  3.594382e+01  1.936292e+03
   endloop
 endfacet
 facet normal -0.000000e+00  8.191520e-01  5.735764e-01
   outer loop
     vertex  4.381500e+02  4.229261e+01  1.927225e+03
     vertex  5.397500e+02  3.594382e+01  1.936292e+03
     vertex  5.397500e+02  4.229261e+01  1.927225e+03
   endloop
 endfacet
 facet normal  0.000000e+00  8.191520e-01  5.735764e-01
   outer loop
     vertex  4.381500e+02  4.229261e+01  1.927225e+03
     vertex  4.381500e+02  3.594382e+01  1.936292e+03
     vertex  5.397500e+02  3.594382e+01  1.936292e+03
   endloop
 endfacet
 facet normal -0.000000e+00  9.063078e-01  4.226183e-01
   outer loop
     vertex  4.381500e+02  4.697048e+01  1.917193e+03
     vertex  5.397500e+02  4.229261e+01  1.927225e+03
     vertex  5.397500e+02  4.697048e+01  1.917193e+03
   endloop
 endfacet
 facet normal  0.000000e+00  9.063078e-01  4.226183e-01
   outer loop
     vertex  4.381500e+02  4.697048e+01  1.917193e+03
     vertex  4.381500e+02  4.229261e+01  1.927225e+03
     vertex  5.397500e+02  4.229261e+01  1.927225e+03
   endloop
 endfacet
 facet normal -0.000000e+00  9.659258e-01  2.588190e-01
   outer loop
     vertex  4.381500e+02  4.983529e+01  1.906502e+03
     vertex  5.397500e+02  4.697048e+01  1.917193e+03
     vertex  5.397500e+02  4.983529e+01  1.906502e+03
   endloop
 endfacet
 facet normal  0.000000e+00  9.659258e-01  2.588190e-01
   outer loop
     vertex  4.381500e+02  4.983529e+01  1.906502e+03
     vertex  4.381500e+02  4.697048e+01  1.917193e+03
     vertex  5.397500e+02  4.697048e+01  1.917193e+03
   endloop
 endfacet
 facet normal -0.000000e+00  9.961947e-01  8.715574e-02
   outer loop
     vertex  4.381500e+02  5.080000e+01  1.895475e+03
     vertex  5.397500e+02  4.983529e+01  1.906502e+03
     vertex  5.397500e+02  5.080000e+01  1.895475e+03
   endloop
 endfacet
 facet normal  0.000000e+00  9.961947e-01  8.715574e-02
   outer loop
     vertex  4.381500e+02  5.080000e+01  1.895475e+03
     vertex  4.381500e+02  4.983529e+01  1.906502e+03
     vertex  5.397500e+02  4.983529e+01  1.906502e+03
   endloop
 endfacet
 facet normal  0.000000e+00  9.961947e-01 -8.715574e-02
   outer loop
     vertex  4.381500e+02  4.983529e+01  1.884448e+03
     vertex  5.397500e+02  5.080000e+01  1.895475e+03
     vertex  5.397500e+02  4.983529e+01  1.884448e+03
   endloop
 endfacet
 facet normal  0.000000e+00  9.961947e-01 -8.715574e-02
   outer loop
     vertex  4.381500e+02  4.983529e+01  1.884448e+03
     vertex  4.381500e+02  5.080000e+01  1.895475e+03
     vertex  5.397500e+02  5.080000e+01  1.895475e+03
   endloop
 endfacet
 facet normal  0.000000e+00  9.659258e-01 -2.588190e-01
   outer loop
     vertex  4.381500e+02  4.697048e+01  1.873757e+03
     vertex  5.397500e+02  4.983529e+01  1.884448e+03
     vertex  5.397500e+02  4.697048e+01  1.873757e+03
   endloop
 endfacet
 facet normal  0.000000e+00  9.659258e-01 -2.588190e-01
   outer loop
     vertex  4.381500e+02  4.697048e+01  1.873757e+03
     vertex  4.381500e+02  4.983529e+01  1.884448e+03
     vertex  5.397500e+02  4.983529e+01  1.884448e+03
   endloop
 endfacet
 facet normal  0.000000e+00  9.063078e-01 -4.226183e-01
   outer loop
     vertex  4.381500e+02  4.229261e+01  1.863725e+03
     vertex  5.397500e+02  4.697048e+01  1.873757e+03
     vertex  5.397500e+02  4.229261e+01  1.863725e+03
   endloop
 endfacet
 facet normal  0.000000e+00  9.063078e-01 -4.226183e-01
   outer loop
     vertex  4.381500e+02  4.229261e+01  1.863725e+03
     vertex  4.381500e+02  4.697048e+01  1.873757e+03
     vertex  5.397500e+02  4.697048e+01  1.873757e+03
   endloop
 endfacet
 facet normal  0.000000e+00  8.191520e-01 -5.735764e-01
   outer loop
     vertex  4.381500e+02  3.594382e+01  1.854658e+03
     vertex  5.397500e+02  4.229261e+01  1.863725e+03
     vertex  5.397500e+02  3.594382e+01  1.854658e+03
   endloop
 endfacet
 facet normal  0.000000e+00  8.191520e-01 -5.735764e-01
   outer loop
     vertex  4.381500e+02  3.594382e+01  1.854658e+03
     vertex  4.381500e+02  4.229261e+01  1.863725e+03
     vertex  5.397500e+02  4.229261e+01  1.863725e+03
   endloop
 endfacet
 facet normal  0.000000e+00  7.071068e-01 -7.071068e-01
   outer loop
     vertex  4.381500e+02  2.811701e+01  1.846831e+03
     vertex  5.397500e+02  3.594382e+01  1.854658e+03
     vertex  5.397500e+02  2.811701e+01  1.846831e+03
   endloop
 endfacet
 facet normal  0.000000e+00  7.071068e-01 -7.071068e-01
   outer loop
     vertex  4.381500e+02  2.811701e+01  1.846831e+03
     vertex  4.381500e+02  3.594382e+01  1.854658e+03
     vertex  5.397500e+02  3.594382e+01  1.854658e+03
   endloop
 endfacet
 facet normal  0.000000e+00  5.735764e-01 -8.191520e-01
   outer loop
     vertex  4.381500e+02  1.905000e+01  1.840482e+03
     vertex  4.381500e+02  2.811701e+01  1.846831e+03
     vertex  5.397500e+02  2.811701e+01  1.846831e+03
   endloop
 endfacet
 facet normal  0.000000e+00  5.735764e-01 -8.191520e-01
   outer loop
     vertex  4.381500e+02  1.905000e+01  1.840482e+03
     vertex  5.397500e+02  2.811701e+01  1.846831e+03
     vertex  5.397500e+02  1.905000e+01  1.840482e+03
   endloop
 endfacet
 facet normal  0.000000e+00  4.226183e-01 -9.063078e-01
   outer loop
     vertex  4.381500e+02  9.018279e+00  1.835805e+03
     vertex  4.381500e+02  1.905000e+01  1.840482e+03
     vertex  5.397500e+02  1.905000e+01  1.840482e+03
   endloop
 endfacet
 facet normal  0.000000e+00  4.226183e-01 -9.063078e-01
   outer loop
     vertex  4.381500e+02  9.018279e+00  1.835805e+03
     vertex  5.397500e+02  1.905000e+01  1.840482e+03
     vertex  5.397500e+02  9.018279e+00  1.835805e+03
   endloop
 endfacet
 facet normal  0.000000e+00  2.588190e-01 -9.659258e-01
   outer loop
     vertex  4.381500e+02 -1.673341e+00  1.832940e+03
     vertex  4.381500e+02  9.018279e+00  1.835805e+03
     vertex  5.397500e+02  9.018279e+00  1.835805e+03
   endloop
 endfacet
 facet normal  0.000000e+00  2.588190e-01 -9.659258e-01
   outer loop
     vertex  4.381500e+02 -1.673341e+00  1.832940e+03
     vertex  5.397500e+02  9.018279e+00  1.835805e+03
     vertex  5.397500e+02 -1.673341e+00  1.832940e+03
   endloop
 endfacet
 facet normal  0.000000e+00  8.715574e-02 -9.961947e-01
   outer loop
     vertex  4.381500e+02 -1.673341e+00  1.832940e+03
     vertex  5.397500e+02 -1.673341e+00  1.832940e+03
     vertex  5.397500e+02 -1.270000e+01  1.831975e+03
   endloop
 endfacet
 facet normal  0.000000e+00  8.715574e-02 -9.961947e-01
   outer loop
     vertex  4.381500e+02 -1.270000e+01  1.831975e+03
     vertex  4.381500e+02 -1.673341e+00  1.832940e+03
     vertex  5.397500e+02 -1.270000e+01  1.831975e+03
   endloop
 endfacet
 facet normal -1.000000e+00  0.000000e+00  0.000000e+00
   outer loop
     vertex  4.381500e+02  4.229261e+01  1.863725e+03
     vertex  4.381500e+02  3.594382e+01  1.854658e+03
     vertex  4.381500e+02  2.811701e+01  1.846831e+03
   endloop
 endfacet
 facet normal -1.000000e+00  0.000000e+00  0.000000e+00
   outer loop
     vertex  4.381500e+02  9.018279e+00  1.835805e+03
     vertex  4.381500e+02  2.811701e+01  1.846831e+03
     vertex  4.381500e+02  1.905000e+01  1.840482e+03
   endloop
 endfacet
 facet normal -1.000000e+00  0.000000e+00  0.000000e+00
   outer loop
     vertex  4.381500e+02 -1.673341e+00  1.832940e+03
     vertex  4.381500e+02  4.229261e+01  1.863725e+03
     vertex  4.381500e+02  2.811701e+01  1.846831e+03
   endloop
 endfacet
 facet normal -1.000000e+00  0.000000e+00  0.000000e+00
   outer loop
     vertex  4.381500e+02 -1.673341e+00  1.832940e+03
     vertex  4.381500e+02  2.811701e+01  1.846831e+03
     vertex  4.381500e+02  9.018279e+00  1.835805e+03
   endloop
 endfacet
 facet normal -1.000000e+00  0.000000e+00  0.000000e+00
   outer loop
     vertex  4.381500e+02  4.983529e+01  1.884448e+03
     vertex  4.381500e+02  4.697048e+01  1.873757e+03
     vertex  4.381500e+02  4.229261e+01  1.863725e+03
   endloop
 endfacet
 facet normal -1.000000e+00  0.000000e+00  0.000000e+00
   outer loop
     vertex  4.381500e+02 -3.441828e+01  1.835805e+03
     vertex  4.381500e+02 -1.673341e+00  1.832940e+03
     vertex  4.381500e+02 -1.270000e+01  1.831975e+03
   endloop
 endfacet
 facet normal -1.000000e+00  0.000000e+00  0.000000e+00
   outer loop
     vertex  4.381500e+02 -3.441828e+01  1.835805e+03
     vertex  4.381500e+02 -1.270000e+01  1.831975e+03
     vertex  4.381500e+02 -2.372666e+01  1.832940e+03
   endloop
 endfacet
 facet normal -1.000000e+00  0.000000e+00  0.000000e+00
   outer loop
     vertex  4.381500e+02  4.697048e+01  1.917193e+03
     vertex  4.381500e+02  4.983529e+01  1.906502e+03
     vertex  4.381500e+02  5.080000e+01  1.895475e+03
   endloop
 endfacet
 facet normal -1.000000e+00  0.000000e+00  0.000000e+00
   outer loop
     vertex  4.381500e+02  4.697048e+01  1.917193e+03
     vertex  4.381500e+02  5.080000e+01  1.895475e+03
     vertex  4.381500e+02  4.983529e+01  1.884448e+03
   endloop
 endfacet
 facet normal -1.000000e+00  0.000000e+00  0.000000e+00
   outer loop
     vertex  4.381500e+02  3.594382e+01  1.936292e+03
     vertex  4.381500e+02  4.229261e+01  1.927225e+03
     vertex  4.381500e+02  4.697048e+01  1.917193e+03
   endloop
 endfacet
 facet normal -1.000000e+00  0.000000e+00 -0.000000e+00
   outer loop
     vertex  4.381500e+02  2.811701e+01  1.944119e+03
     vertex  4.381500e+02  4.229261e+01  1.863725e+03
     vertex  4.381500e+02 -1.673341e+00  1.832940e+03
   endloop
 endfacet
 facet normal -1.000000e+00  0.000000e+00  0.000000e+00
   outer loop
     vertex  4.381500e+02  2.811701e+01  1.944119e+03
     vertex  4.381500e+02  4.983529e+01  1.884448e+03
     vertex  4.381500e+02  4.229261e+01  1.863725e+03
   endloop
 endfacet
 facet normal -1.000000e+00  0.000000e+00  0.000000e+00
   outer loop
     vertex  4.381500e+02  2.811701e+01  1.944119e+03
     vertex  4.381500e+02  4.697048e+01  1.917193e+03
     vertex  4.381500e+02  4.983529e+01  1.884448e+03
   endloop
 endfacet
 facet normal -1.000000e+00  0.000000e+00  0.000000e+00
   outer loop
     vertex  4.381500e+02  2.811701e+01  1.944119e+03
     vertex  4.381500e+02  3.594382e+01  1.936292e+03
     vertex  4.381500e+02  4.697048e+01  1.917193e+03
   endloop
 endfacet
 facet normal -1.000000e+00  0.000000e+00  0.000000e+00
   outer loop
     vertex  4.381500e+02 -7.237048e+01  1.873757e+03
     vertex  4.381500e+02 -3.441828e+01  1.835805e+03
     vertex  4.381500e+02 -4.445000e+01  1.840482e+03
   endloop
 endfacet
 facet normal -1.000000e+00  0.000000e+00  0.000000e+00
   outer loop
     vertex  4.381500e+02 -7.237048e+01  1.873757e+03
     vertex  4.381500e+02 -4.445000e+01  1.840482e+03
     vertex  4.381500e+02 -5.351701e+01  1.846831e+03
   endloop
 endfacet
 facet normal -1.000000e+00  0.000000e+00  0.000000e+00
   outer loop
     vertex  4.381500e+02 -7.237048e+01  1.873757e+03
     vertex  4.381500e+02 -5.351701e+01  1.846831e+03
     vertex  4.381500e+02 -6.134382e+01  1.854658e+03
   endloop
 endfacet
 facet normal -1.000000e+00  0.000000e+00  0.000000e+00
   outer loop
     vertex  4.381500e+02 -7.237048e+01  1.873757e+03
     vertex  4.381500e+02 -6.134382e+01  1.854658e+03
     vertex  4.381500e+02 -6.769261e+01  1.863725e+03
   endloop
 endfacet
 facet normal -1.000000e+00  0.000000e+00  0.000000e+00
   outer loop
     vertex  4.381500e+02 -7.237048e+01  1.873757e+03
     vertex  4.381500e+02 -1.673341e+00  1.832940e+03
     vertex  4.381500e+02 -3.441828e+01  1.835805e+03
   endloop
 endfacet
 facet normal -1.000000e+00  0.000000e+00  0.000000e+00
   outer loop
     vertex  4.381500e+02 -7.523529e+01  1.884448e+03
     vertex  4.381500e+02 -1.673341e+00  1.832940e+03
     vertex  4.381500e+02 -7.237048e+01  1.873757e+03
   endloop
 endfacet
 facet normal -1.000000e+00  0.000000e+00  0.000000e+00
   outer loop
     vertex  4.381500e+02 -1.270000e+01  1.958975e+03
     vertex  4.381500e+02 -1.673341e+00  1.958010e+03
     vertex  4.381500e+02  9.018279e+00  1.955145e+03
   endloop
 endfacet
 facet normal -1.000000e+00  0.000000e+00  0.000000e+00
   outer loop
     vertex  4.381500e+02 -1.270000e+01  1.958975e+03
     vertex  4.381500e+02  9.018279e+00  1.955145e+03
     vertex  4.381500e+02  1.905000e+01  1.950468e+03
   endloop
 endfacet
 facet normal -1.000000e+00  0.000000e+00  0.000000e+00
   outer loop
     vertex  4.381500e+02 -1.270000e+01  1.958975e+03
     vertex  4.381500e+02  1.905000e+01  1.950468e+03
     vertex  4.381500e+02  2.811701e+01  1.944119e+03
   endloop
 endfacet
 facet normal -1.000000e+00  0.000000e+00  0.000000e+00
   outer loop
     vertex  4.381500e+02 -7.237048e+01  1.917193e+03
     vertex  4.381500e+02 -7.523529e+01  1.884448e+03
     vertex  4.381500e+02 -7.620000e+01  1.895475e+03
   endloop
 endfacet
 facet normal -1.000000e+00  0.000000e+00  0.000000e+00
   outer loop
     vertex  4.381500e+02 -7.237048e+01  1.917193e+03
     vertex  4.381500e+02 -7.620000e+01  1.895475e+03
     vertex  4.381500e+02 -7.523529e+01  1.906502e+03
   endloop
 endfacet
 facet normal -1.000000e+00  0.000000e+00  0.000000e+00
   outer loop
     vertex  4.381500e+02 -3.441828e+01  1.955145e+03
     vertex  4.381500e+02 -2.372666e+01  1.958010e+03
     vertex  4.381500e+02 -1.270000e+01  1.958975e+03
   endloop
 endfacet
 facet normal -1.000000e+00  0.000000e+00  0.000000e+00
   outer loop
     vertex  4.381500e+02 -6.769261e+01  1.927225e+03
     vertex  4.381500e+02 -7.523529e+01  1.884448e+03
     vertex  4.381500e+02 -7.237048e+01  1.917193e+03
   endloop
 endfacet
 facet normal -1.000000e+00  0.000000e+00  0.000000e+00
   outer loop
     vertex  4.381500e+02 -4.445000e+01  1.950468e+03
     vertex  4.381500e+02 -1.270000e+01  1.958975e+03
     vertex  4.381500e+02  2.811701e+01  1.944119e+03
   endloop
 endfacet
 facet normal -1.000000e+00  0.000000e+00  0.000000e+00
   outer loop
     vertex  4.381500e+02 -4.445000e+01  1.950468e+03
     vertex  4.381500e+02 -3.441828e+01  1.955145e+03
     vertex  4.381500e+02 -1.270000e+01  1.958975e+03
   endloop
 endfacet
 facet normal -1.000000e+00  0.000000e+00  0.000000e+00
   outer loop
     vertex  4.381500e+02 -6.134382e+01  1.936292e+03
     vertex  4.381500e+02 -7.523529e+01  1.884448e+03
     vertex  4.381500e+02 -6.769261e+01  1.927225e+03
   endloop
 endfacet
 facet normal -1.000000e+00  0.000000e+00  0.000000e+00
   outer loop
     vertex  4.381500e+02 -5.351701e+01  1.944119e+03
     vertex  4.381500e+02 -7.523529e+01  1.884448e+03
     vertex  4.381500e+02 -6.134382e+01  1.936292e+03
   endloop
 endfacet
 facet normal -1.000000e+00  0.000000e+00  0.000000e+00
   outer loop
     vertex  4.381500e+02 -5.351701e+01  1.944119e+03
     vertex  4.381500e+02 -4.445000e+01  1.950468e+03
     vertex  4.381500e+02  2.811701e+01  1.944119e+03
   endloop
 endfacet
 facet normal -1.000000e+00  0.000000e+00  0.000000e+00
   outer loop
     vertex  4.381500e+02 -5.351701e+01  1.944119e+03
     vertex  4.381500e+02  2.811701e+01  1.944119e+03
     vertex  4.381500e+02 -1.673341e+00  1.832940e+03
   endloop
 endfacet
 facet normal -1.000000e+00  0.000000e+00 -0.000000e+00
   outer loop
     vertex  4.381500e+02 -5.351701e+01  1.944119e+03
     vertex  4.381500e+02 -1.673341e+00  1.832940e+03
     vertex  4.381500e+02 -7.523529e+01  1.884448e+03
   endloop
 endfacet
 facet normal  1.000000e+00  0.000000e+00  0.000000e+00
   outer loop
     vertex  5.397500e+02  1.905000e+01  1.840482e+03
     vertex  5.397500e+02  2.811701e+01  1.846831e+03
     vertex  5.397500e+02  3.594382e+01  1.854658e+03
   endloop
 endfacet
 facet normal  1.000000e+00  0.000000e+00  0.000000e+00
   outer loop
     vertex  5.397500e+02  4.697048e+01  1.873757e+03
     vertex  5.397500e+02  3.594382e+01  1.854658e+03
     vertex  5.397500e+02  4.229261e+01  1.863725e+03
   endloop
 endfacet
 facet normal  1.000000e+00  0.000000e+00  0.000000e+00
   outer loop
     vertex  5.397500e+02 -1.673341e+00  1.832940e+03
     vertex  5.397500e+02  9.018279e+00  1.835805e+03
     vertex  5.397500e+02  1.905000e+01  1.840482e+03
   endloop
 endfacet
 facet normal  1.000000e+00  0.000000e+00  0.000000e+00
   outer loop
     vertex  5.397500e+02  5.080000e+01  1.895475e+03
     vertex  5.397500e+02  4.697048e+01  1.873757e+03
     vertex  5.397500e+02  4.983529e+01  1.884448e+03
   endloop
 endfacet
 facet normal  1.000000e+00  0.000000e+00  0.000000e+00
   outer loop
     vertex  5.397500e+02  4.697048e+01  1.917193e+03
     vertex  5.397500e+02  5.080000e+01  1.895475e+03
     vertex  5.397500e+02  4.983529e+01  1.906502e+03
   endloop
 endfacet
 facet normal  1.000000e+00  0.000000e+00  0.000000e+00
   outer loop
     vertex  5.397500e+02  4.697048e+01  1.917193e+03
     vertex  5.397500e+02  3.594382e+01  1.854658e+03
     vertex  5.397500e+02  4.697048e+01  1.873757e+03
   endloop
 endfacet
 facet normal  1.000000e+00  0.000000e+00  0.000000e+00
   outer loop
     vertex  5.397500e+02  4.697048e+01  1.917193e+03
     vertex  5.397500e+02  4.697048e+01  1.873757e+03
     vertex  5.397500e+02  5.080000e+01  1.895475e+03
   endloop
 endfacet
 facet normal  1.000000e+00  0.000000e+00  0.000000e+00
   outer loop
     vertex  5.397500e+02 -5.351701e+01  1.846831e+03
     vertex  5.397500e+02 -4.445000e+01  1.840482e+03
     vertex  5.397500e+02 -3.441828e+01  1.835805e+03
   endloop
 endfacet
 facet normal  1.000000e+00  0.000000e+00  0.000000e+00
   outer loop
     vertex  5.397500e+02  2.811701e+01  1.944119e+03
     vertex  5.397500e+02  4.229261e+01  1.927225e+03
     vertex  5.397500e+02  3.594382e+01  1.936292e+03
   endloop
 endfacet
 facet normal  1.000000e+00  0.000000e+00  0.000000e+00
   outer loop
     vertex  5.397500e+02  2.811701e+01  1.944119e+03
     vertex  5.397500e+02  4.697048e+01  1.917193e+03
     vertex  5.397500e+02  4.229261e+01  1.927225e+03
   endloop
 endfacet
 facet normal  1.000000e+00  0.000000e+00  0.000000e+00
   outer loop
     vertex  5.397500e+02  2.811701e+01  1.944119e+03
     vertex  5.397500e+02  1.905000e+01  1.840482e+03
     vertex  5.397500e+02  3.594382e+01  1.854658e+03
   endloop
 endfacet
 facet normal  1.000000e+00  0.000000e+00  0.000000e+00
   outer loop
     vertex  5.397500e+02  2.811701e+01  1.944119e+03
     vertex  5.397500e+02  3.594382e+01  1.854658e+03
     vertex  5.397500e+02  4.697048e+01  1.917193e+03
   endloop
 endfacet
 facet normal  1.000000e+00  0.000000e+00  0.000000e+00
   outer loop
     vertex  5.397500e+02 -6.769261e+01  1.863725e+03
     vertex  5.397500e+02 -6.134382e+01  1.854658e+03
     vertex  5.397500e+02 -5.351701e+01  1.846831e+03
   endloop
 endfacet
 facet normal  1.000000e+00  0.000000e+00  0.000000e+00
   outer loop
     vertex  5.397500e+02  9.018279e+00  1.955145e+03
     vertex  5.397500e+02  2.811701e+01  1.944119e+03
     vertex  5.397500e+02  1.905000e+01  1.950468e+03
   endloop
 endfacet
 facet normal  1.000000e+00  0.000000e+00  0.000000e+00
   outer loop
     vertex  5.397500e+02  9.018279e+00  1.955145e+03
     vertex  5.397500e+02  1.905000e+01  1.840482e+03
     vertex  5.397500e+02  2.811701e+01  1.944119e+03
   endloop
 endfacet
 facet normal  1.000000e+00  0.000000e+00  0.000000e+00
   outer loop
     vertex  5.397500e+02 -1.673341e+00  1.958010e+03
     vertex  5.397500e+02 -1.270000e+01  1.831975e+03
     vertex  5.397500e+02 -1.673341e+00  1.832940e+03
   endloop
 endfacet
 facet normal  1.000000e+00  0.000000e+00  0.000000e+00
   outer loop
     vertex  5.397500e+02 -1.673341e+00  1.958010e+03
     vertex  5.397500e+02 -1.673341e+00  1.832940e+03
     vertex  5.397500e+02  1.905000e+01  1.840482e+03
   endloop
 endfacet
 facet normal  1.000000e+00  0.000000e+00  0.000000e+00
   outer loop
     vertex  5.397500e+02 -1.673341e+00  1.958010e+03
     vertex  5.397500e+02  1.905000e+01  1.840482e+03
     vertex  5.397500e+02  9.018279e+00  1.955145e+03
   endloop
 endfacet
 facet normal  1.000000e+00  0.000000e+00  0.000000e+00
   outer loop
     vertex  5.397500e+02 -7.523529e+01  1.884448e+03
     vertex  5.397500e+02 -7.237048e+01  1.873757e+03
     vertex  5.397500e+02 -6.769261e+01  1.863725e+03
   endloop
 endfacet
 facet normal  1.000000e+00  0.000000e+00  0.000000e+00
   outer loop
     vertex  5.397500e+02 -1.270000e+01  1.958975e+03
     vertex  5.397500e+02 -2.372666e+01  1.832940e+03
     vertex  5.397500e+02 -1.270000e+01  1.831975e+03
   endloop
 endfacet
 facet normal  1.000000e+00  0.000000e+00  0.000000e+00
   outer loop
     vertex  5.397500e+02 -1.270000e+01  1.958975e+03
     vertex  5.397500e+02 -3.441828e+01  1.835805e+03
     vertex  5.397500e+02 -2.372666e+01  1.832940e+03
   endloop
 endfacet
 facet normal  1.000000e+00  0.000000e+00  0.000000e+00
   outer loop
     vertex  5.397500e+02 -1.270000e+01  1.958975e+03
     vertex  5.397500e+02 -1.270000e+01  1.831975e+03
     vertex  5.397500e+02 -1.673341e+00  1.958010e+03
   endloop
 endfacet
 facet normal  1.000000e+00  0.000000e+00  0.000000e+00
   outer loop
     vertex  5.397500e+02 -7.620000e+01  1.895475e+03
     vertex  5.397500e+02 -7.523529e+01  1.884448e+03
     vertex  5.397500e+02 -6.769261e+01  1.863725e+03
   endloop
 endfacet
 facet normal  1.000000e+00  0.000000e+00  0.000000e+00
   outer loop
     vertex  5.397500e+02 -4.445000e+01  1.950468e+03
     vertex  5.397500e+02 -2.372666e+01  1.958010e+03
     vertex  5.397500e+02 -3.441828e+01  1.955145e+03
   endloop
 endfacet
 facet normal  1.000000e+00  0.000000e+00  0.000000e+00
   outer loop
     vertex  5.397500e+02 -4.445000e+01  1.950468e+03
     vertex  5.397500e+02 -1.270000e+01  1.958975e+03
     vertex  5.397500e+02 -2.372666e+01  1.958010e+03
   endloop
 endfacet
 facet normal  1.000000e+00 -0.000000e+00  0.000000e+00
   outer loop
     vertex  5.397500e+02 -4.445000e+01  1.950468e+03
     vertex  5.397500e+02 -3.441828e+01  1.835805e+03
     vertex  5.397500e+02 -1.270000e+01  1.958975e+03
   endloop
 endfacet
 facet normal  1.000000e+00  0.000000e+00  0.000000e+00
   outer loop
     vertex  5.397500e+02 -6.769261e+01  1.927225e+03
     vertex  5.397500e+02 -7.523529e+01  1.906502e+03
     vertex  5.397500e+02 -7.620000e+01  1.895475e+03
   endloop
 endfacet
 facet normal  1.000000e+00  0.000000e+00  0.000000e+00
   outer loop
     vertex  5.397500e+02 -6.769261e+01  1.927225e+03
     vertex  5.397500e+02 -7.237048e+01  1.917193e+03
     vertex  5.397500e+02 -7.523529e+01  1.906502e+03
   endloop
 endfacet
 facet normal  1.000000e+00  0.000000e+00  0.000000e+00
   outer loop
     vertex  5.397500e+02 -6.769261e+01  1.927225e+03
     vertex  5.397500e+02 -7.620000e+01  1.895475e+03
     vertex  5.397500e+02 -6.769261e+01  1.863725e+03
   endloop
 endfacet
 facet normal  1.000000e+00 -0.000000e+00  0.000000e+00
   outer loop
     vertex  5.397500e+02 -5.351701e+01  1.944119e+03
     vertex  5.397500e+02 -3.441828e+01  1.835805e+03
     vertex  5.397500e+02 -4.445000e+01  1.950468e+03
   endloop
 endfacet
 facet normal  1.000000e+00  0.000000e+00  0.000000e+00
   outer loop
     vertex  5.397500e+02 -5.351701e+01  1.944119e+03
     vertex  5.397500e+02 -6.769261e+01  1.927225e+03
     vertex  5.397500e+02 -6.769261e+01  1.863725e+03
   endloop
 endfacet
 facet normal  1.000000e+00  0.000000e+00  0.000000e+00
   outer loop
     vertex  5.397500e+02 -5.351701e+01  1.944119e+03
     vertex  5.397500e+02 -6.769261e+01  1.863725e+03
     vertex  5.397500e+02 -5.351701e+01  1.846831e+03
   endloop
 endfacet
 facet normal  1.000000e+00  0.000000e+00  0.000000e+00
   outer loop
     vertex  5.397500e+02 -5.351701e+01  1.944119e+03
     vertex  5.397500e+02 -5.351701e+01  1.846831e+03
     vertex  5.397500e+02 -3.441828e+01  1.835805e+03
   endloop
 endfacet
 facet normal  1.000000e+00 -0.000000e+00  0.000000e+00
   outer loop
     vertex  5.397500e+02 -6.134382e+01  1.936292e+03
     vertex  5.397500e+02 -6.769261e+01  1.927225e+03
     vertex  5.397500e+02 -5.351701e+01  1.944119e+03
   endloop
 endfacet
 facet normal -0.000000e+00  0.000000e+00 -1.000000e+00
   outer loop
     vertex  4.381500e+02  5.080000e+01  1.492250e+03
     vertex  4.127500e+02 -2.540000e+01  1.492250e+03
     vertex  4.127500e+02  5.080000e+01  1.492250e+03
   endloop
 endfacet
 facet normal  0.000000e+00 -0.000000e+00 -1.000000e+00
   outer loop
     vertex  4.381500e+02  5.080000e+01  1.492250e+03
     vertex  4.381500e+02 -2.540000e+01  1.492250e+03
     vertex  4.127500e+02 -2.540000e+01  1.492250e+03
   endloop
 endfacet
 facet normal  0.000000e+00 -1.000000e+00  4.303711e-17
   outer loop
     vertex  4.127500e+02 -2.540000e+01  1.657350e+03
     vertex  4.127500e+02 -2.540000e+01  1.492250e+03
     vertex  4.381500e+02 -2.540000e+01  1.492250e+03
   endloop
 endfacet
 facet normal  0.000000e+00 -1.000000e+00  4.303711e-17
   outer loop
     vertex  4.381500e+02 -2.540000e+01  1.657350e+03
     vertex  4.127500e+02 -2.540000e+01  1.657350e+03
     vertex  4.381500e+02 -2.540000e+01  1.492250e+03
   endloop
 endfacet
 facet normal  0.000000e+00 -7.071068e-01 -7.071068e-01
   outer loop
     vertex  4.381500e+02 -5.715000e+01  1.689100e+03
     vertex  4.127500e+02 -2.540000e+01  1.657350e+03
     vertex  4.381500e+02 -2.540000e+01  1.657350e+03
   endloop
 endfacet
 facet normal -0.000000e+00 -7.071068e-01 -7.071068e-01
   outer loop
     vertex  4.381500e+02 -5.715000e+01  1.689100e+03
     vertex  4.127500e+02 -5.715000e+01  1.689100e+03
     vertex  4.127500e+02 -2.540000e+01  1.657350e+03
   endloop
 endfacet
 facet normal  0.000000e+00 -1.000000e+00 -0.000000e+00
   outer loop
     vertex  4.381500e+02 -5.715000e+01  1.962150e+03
     vertex  4.127500e+02 -5.715000e+01  1.689100e+03
     vertex  4.381500e+02 -5.715000e+01  1.689100e+03
   endloop
 endfacet
 facet normal -0.000000e+00 -1.000000e+00  0.000000e+00
   outer loop
     vertex  4.381500e+02 -5.715000e+01  1.962150e+03
     vertex  4.127500e+02 -5.715000e+01  1.962150e+03
     vertex  4.127500e+02 -5.715000e+01  1.689100e+03
   endloop
 endfacet
 facet normal  0.000000e+00  0.000000e+00  1.000000e+00
   outer loop
     vertex  4.127500e+02  1.270000e+01  1.962150e+03
     vertex  4.127500e+02 -5.715000e+01  1.962150e+03
     vertex  4.381500e+02 -5.715000e+01  1.962150e+03
   endloop
 endfacet
 facet normal -0.000000e+00  0.000000e+00  1.000000e+00
   outer loop
     vertex  4.127500e+02  1.270000e+01  1.962150e+03
     vertex  4.381500e+02 -5.715000e+01  1.962150e+03
     vertex  4.381500e+02  1.270000e+01  1.962150e+03
   endloop
 endfacet
 facet normal  0.000000e+00  7.071068e-01  7.071068e-01
   outer loop
     vertex  4.127500e+02  5.080000e+01  1.924050e+03
     vertex  4.127500e+02  1.270000e+01  1.962150e+03
     vertex  4.381500e+02  1.270000e+01  1.962150e+03
   endloop
 endfacet
 facet normal  0.000000e+00  7.071068e-01  7.071068e-01
   outer loop
     vertex  4.381500e+02  5.080000e+01  1.924050e+03
     vertex  4.127500e+02  5.080000e+01  1.924050e+03
     vertex  4.381500e+02  1.270000e+01  1.962150e+03
   endloop
 endfacet
 facet normal  0.000000e+00  1.000000e+00 -0.000000e+00
   outer loop
     vertex  4.381500e+02  5.080000e+01  1.492250e+03
     vertex  4.127500e+02  5.080000e+01  1.924050e+03
     vertex  4.381500e+02  5.080000e+01  1.924050e+03
   endloop
 endfacet
 facet normal  0.000000e+00  1.000000e+00  0.000000e+00
   outer loop
     vertex  4.381500e+02  5.080000e+01  1.492250e+03
     vertex  4.127500e+02  5.080000e+01  1.492250e+03
     vertex  4.127500e+02  5.080000e+01  1.924050e+03
   endloop
 endfacet
 facet normal -1.000000e+00  0.000000e+00 -0.000000e+00
   outer loop
     vertex  4.127500e+02 -2.540000e+01  1.657350e+03
     vertex  4.127500e+02  5.080000e+01  1.492250e+03
     vertex  4.127500e+02 -2.540000e+01  1.492250e+03
   endloop
 endfacet
 facet normal -1.000000e+00  0.000000e+00  0.000000e+00
   outer loop
     vertex  4.127500e+02  5.080000e+01  1.924050e+03
     vertex  4.127500e+02 -2.540000e+01  1.657350e+03
     vertex  4.127500e+02 -5.715000e+01  1.689100e+03
   endloop
 endfacet
 facet normal -1.000000e+00 -0.000000e+00  0.000000e+00
   outer loop
     vertex  4.127500e+02  5.080000e+01  1.924050e+03
     vertex  4.127500e+02 -5.715000e+01  1.689100e+03
     vertex  4.127500e+02 -5.715000e+01  1.962150e+03
   endloop
 endfacet
 facet normal -1.000000e+00  0.000000e+00  0.000000e+00
   outer loop
     vertex  4.127500e+02  5.080000e+01  1.924050e+03
     vertex  4.127500e+02 -5.715000e+01  1.962150e+03
     vertex  4.127500e+02  1.270000e+01  1.962150e+03
   endloop
 endfacet
 facet normal -1.000000e+00  0.000000e+00 -0.000000e+00
   outer loop
     vertex  4.127500e+02  5.080000e+01  1.924050e+03
     vertex  4.127500e+02  5.080000e+01  1.492250e+03
     vertex  4.127500e+02 -2.540000e+01  1.657350e+03
   endloop
 endfacet
 facet normal  1.000000e+00  0.000000e+00  0.000000e+00
   outer loop
     vertex  4.381500e+02 -2.540000e+01  1.657350e+03
     vertex  4.381500e+02 -2.540000e+01  1.492250e+03
     vertex  4.381500e+02  5.080000e+01  1.492250e+03
   endloop
 endfacet
 facet normal  1.000000e+00  0.000000e+00  0.000000e+00
   outer loop
     vertex  4.381500e+02  5.080000e+01  1.924050e+03
     vertex  4.381500e+02 -5.715000e+01  1.689100e+03
     vertex  4.381500e+02 -2.540000e+01  1.657350e+03
   endloop
 endfacet
 facet normal  1.000000e+00  0.000000e+00  0.000000e+00
   outer loop
     vertex  4.381500e+02  5.080000e+01  1.924050e+03
     vertex  4.381500e+02 -5.715000e+01  1.962150e+03
     vertex  4.381500e+02 -5.715000e+01  1.689100e+03
   endloop
 endfacet
 facet normal  1.000000e+00  0.000000e+00  0.000000e+00
   outer loop
     vertex  4.381500e+02  5.080000e+01  1.924050e+03
     vertex  4.381500e+02  1.270000e+01  1.962150e+03
     vertex  4.381500e+02 -5.715000e+01  1.962150e+03
   endloop
 endfacet
 facet normal  1.000000e+00  0.000000e+00  0.000000e+00
   outer loop
     vertex  4.381500e+02  5.080000e+01  1.924050e+03
     vertex  4.381500e+02 -2.540000e+01  1.657350e+03
     vertex  4.381500e+02  5.080000e+01  1.492250e+03
   endloop
 endfacet
 facet normal -1.719703e-01 -1.458656e-17 -9.851021e-01
   outer loop
     vertex -3.933310e+02  4.826000e+02  3.265846e+00
     vertex -3.933310e+02  1.262380e+03  3.265846e+00
     vertex -3.928121e+02  1.262380e+03  3.175273e+00
   endloop
 endfacet
 facet normal -1.035119e-01 -4.665583e-05 -9.946282e-01
   outer loop
     vertex -3.933310e+02  4.826000e+02  3.265846e+00
     vertex -3.928121e+02  1.262380e+03  3.175273e+00
     vertex -3.922883e+02  1.262380e+03  3.120755e+00
   endloop
 endfacet
 facet normal -3.455901e-02 -1.397446e-04 -9.994026e-01
   outer loop
     vertex -3.933310e+02  4.826000e+02  3.265846e+00
     vertex -3.922883e+02  1.262380e+03  3.120755e+00
     vertex -3.917619e+02  1.262380e+03  3.102554e+00
   endloop
 endfacet
 facet normal -1.035119e-01 -5.511756e-18 -9.946282e-01
   outer loop
     vertex -3.917619e+02  2.479101e+02  3.102554e+00
     vertex -3.933310e+02  2.463800e+02  3.265846e+00
     vertex -3.933310e+02  4.826000e+02  3.265846e+00
   endloop
 endfacet
 facet normal -1.035119e-01 -1.175589e-17 -9.946282e-01
   outer loop
     vertex -3.917619e+02  2.479101e+02  3.102554e+00
     vertex -3.933310e+02  4.826000e+02  3.265846e+00
     vertex -3.917619e+02  1.262380e+03  3.102554e+00
   endloop
 endfacet
 facet normal -7.381990e-17 -1.119645e-01 -9.937122e-01
   outer loop
     vertex -3.365500e+02  7.620000e+00  9.331809e-16
     vertex  3.365500e+02  7.620000e+00  8.673617e-16
     vertex  3.365500e+02  5.924390e+00  1.910493e-01
   endloop
 endfacet
 facet normal  7.220861e-18 -3.302791e-01 -9.438833e-01
   outer loop
     vertex -3.365500e+02  5.924390e+00  1.910493e-01
     vertex  3.365500e+02  5.924390e+00  1.910493e-01
     vertex  3.365500e+02  4.313806e+00  7.546172e-01
   endloop
 endfacet
 facet normal -1.108202e-18 -1.119645e-01 -9.937122e-01
   outer loop
     vertex -3.365500e+02  5.924390e+00  1.910493e-01
     vertex -3.365500e+02  7.620000e+00  9.331809e-16
     vertex  3.365500e+02  5.924390e+00  1.910493e-01
   endloop
 endfacet
 facet normal  1.077845e-17 -5.320321e-01 -8.467242e-01
   outer loop
     vertex -3.365500e+02  4.313806e+00  7.546172e-01
     vertex  3.365500e+02  4.313806e+00  7.546172e-01
     vertex  3.365500e+02  2.869008e+00  1.662444e+00
   endloop
 endfacet
 facet normal -3.242915e-18 -3.302791e-01 -9.438833e-01
   outer loop
     vertex -3.365500e+02  4.313806e+00  7.546172e-01
     vertex -3.365500e+02  5.924390e+00  1.910493e-01
     vertex  3.365500e+02  4.313806e+00  7.546172e-01
   endloop
 endfacet
 facet normal  1.212967e-17 -7.071068e-01 -7.071068e-01
   outer loop
     vertex -3.365500e+02  2.869008e+00  1.662444e+00
     vertex  3.365500e+02  2.869008e+00  1.662444e+00
     vertex  3.365500e+02  1.662444e+00  2.869008e+00
   endloop
 endfacet
 facet normal -7.483432e-18 -5.320321e-01 -8.467242e-01
   outer loop
     vertex -3.365500e+02  2.869008e+00  1.662444e+00
     vertex -3.365500e+02  4.313806e+00  7.546172e-01
     vertex  3.365500e+02  2.869008e+00  1.662444e+00
   endloop
 endfacet
 facet normal  1.470096e-17 -8.467242e-01 -5.320321e-01
   outer loop
     vertex -3.365500e+02  1.662444e+00  2.869008e+00
     vertex  3.365500e+02  1.662444e+00  2.869008e+00
     vertex  3.365500e+02  7.546172e-01  4.313806e+00
   endloop
 endfacet
 facet normal -1.026357e-17 -7.071068e-01 -7.071068e-01
   outer loop
     vertex -3.365500e+02  1.662444e+00  2.869008e+00
     vertex -3.365500e+02  2.869008e+00  1.662444e+00
     vertex  3.365500e+02  1.662444e+00  2.869008e+00
   endloop
 endfacet
 facet normal  1.676162e-17 -9.438833e-01 -3.302791e-01
   outer loop
     vertex -3.365500e+02  7.546172e-01  4.313806e+00
     vertex  3.365500e+02  7.546172e-01  4.313806e+00
     vertex  3.365500e+02  1.910493e-01  5.924390e+00
   endloop
 endfacet
 facet normal -1.389426e-17 -8.467242e-01 -5.320321e-01
   outer loop
     vertex -3.365500e+02  7.546172e-01  4.313806e+00
     vertex -3.365500e+02  1.662444e+00  2.869008e+00
     vertex  3.365500e+02  7.546172e-01  4.313806e+00
   endloop
 endfacet
 facet normal  2.175594e-17 -9.937122e-01 -1.119645e-01
   outer loop
     vertex -3.365500e+02  1.910493e-01  5.924390e+00
     vertex  3.365500e+02  1.910493e-01  5.924390e+00
     vertex  3.365500e+02  1.734723e-15  7.620000e+00
   endloop
 endfacet
 facet normal -1.449734e-17 -9.438833e-01 -3.302791e-01
   outer loop
     vertex -3.365500e+02  1.910493e-01  5.924390e+00
     vertex -3.365500e+02  7.546172e-01  4.313806e+00
     vertex  3.365500e+02  1.910493e-01  5.924390e+00
   endloop
 endfacet
 facet normal -1.856595e-17 -9.937122e-01 -1.119645e-01
   outer loop
     vertex -3.365500e+02  0.000000e+00  7.620000e+00
     vertex -3.365500e+02  1.910493e-01  5.924390e+00
     vertex  3.365500e+02  1.734723e-15  7.620000e+00
   endloop
 endfacet
 facet normal -1.000000e+00  0.000000e+00  0.000000e+00
   outer loop
     vertex -5.143500e+02  4.826000e+02  9.525000e+02
     vertex -5.143500e+02  1.905000e+02  9.525000e+02
     vertex -5.143500e+02  4.826000e+02  9.652000e+02
   endloop
 endfacet
 facet normal -1.000000e+00 -0.000000e+00  0.000000e+00
   outer loop
     vertex -5.143500e+02  1.905000e+02  4.445000e+02
     vertex -5.143500e+02  7.620000e+00  3.027218e+02
     vertex -5.143500e+02  7.620000e+00  9.652000e+02
   endloop
 endfacet
 facet normal -1.000000e+00  0.000000e+00  0.000000e+00
   outer loop
     vertex -5.143500e+02  1.905000e+02  4.445000e+02
     vertex -5.143500e+02  7.620000e+00  9.652000e+02
     vertex -5.143500e+02  1.905000e+02  9.525000e+02
   endloop
 endfacet
 facet normal -1.000000e+00  0.000000e+00  0.000000e+00
   outer loop
     vertex -5.143500e+02  1.397000e+02  2.667000e+02
     vertex -5.143500e+02  7.620000e+00  3.027218e+02
     vertex -5.143500e+02  1.905000e+02  4.445000e+02
   endloop
 endfacet
 facet normal -1.000000e+00 -0.000000e+00  0.000000e+00
   outer loop
     vertex -5.143500e+02  4.826000e+02  4.445000e+02
     vertex -5.143500e+02  1.397000e+02  2.667000e+02
     vertex -5.143500e+02  1.905000e+02  4.445000e+02
   endloop
 endfacet
 facet normal -1.000000e+00 -0.000000e+00  0.000000e+00
   outer loop
     vertex -5.143500e+02  4.826000e+02  1.524000e+02
     vertex -5.143500e+02  1.397000e+02  1.524000e+02
     vertex -5.143500e+02  1.397000e+02  2.667000e+02
   endloop
 endfacet
 facet normal -1.000000e+00  0.000000e+00  0.000000e+00
   outer loop
     vertex -5.143500e+02  4.826000e+02  1.524000e+02
     vertex -5.143500e+02  1.397000e+02  2.667000e+02
     vertex -5.143500e+02  4.826000e+02  4.445000e+02
   endloop
 endfacet
 facet normal -1.000000e+00 -0.000000e+00  0.000000e+00
   outer loop
     vertex -5.143500e+02  4.826000e+02  9.652000e+02
     vertex -5.143500e+02  1.905000e+02  9.525000e+02
     vertex -5.143500e+02  7.620000e+00  9.652000e+02
   endloop
 endfacet
 facet normal -9.984268e-01  1.721718e-16 -5.607045e-02
   outer loop
     vertex -5.133917e+02  1.397000e+02  1.353366e+02
     vertex -5.143500e+02  1.397000e+02  1.524000e+02
     vertex -5.143500e+02  4.826000e+02  1.524000e+02
   endloop
 endfacet
 facet normal -9.983868e-01  3.531220e-05 -5.677782e-02
   outer loop
     vertex -5.133917e+02  1.397000e+02  1.353366e+02
     vertex -5.143500e+02  4.826000e+02  1.524000e+02
     vertex -5.133674e+02  4.826000e+02  1.351220e+02
   endloop
 endfacet
 facet normal -9.855128e-01  6.973336e-05 -1.696013e-01
   outer loop
     vertex -5.105290e+02  1.397000e+02  1.184878e+02
     vertex -5.133674e+02  4.826000e+02  1.351220e+02
     vertex -5.104323e+02  4.826000e+02  1.180669e+02
   endloop
 endfacet
 facet normal -9.858710e-01 -3.486669e-05 -1.675062e-01
   outer loop
     vertex -5.105290e+02  1.397000e+02  1.184878e+02
     vertex -5.133917e+02  1.397000e+02  1.353366e+02
     vertex -5.133674e+02  4.826000e+02  1.351220e+02
   endloop
 endfacet
 facet normal -9.599306e-01  1.032634e-04 -2.802378e-01
   outer loop
     vertex -5.057978e+02  1.397000e+02  1.020655e+02
     vertex -5.104323e+02  4.826000e+02  1.180669e+02
     vertex -5.055825e+02  4.826000e+02  1.014544e+02
   endloop
 endfacet
 facet normal -9.609173e-01 -6.884230e-05 -2.768355e-01
   outer loop
     vertex -5.057978e+02  1.397000e+02  1.020655e+02
     vertex -5.105290e+02  1.397000e+02  1.184878e+02
     vertex -5.104323e+02  4.826000e+02  1.180669e+02
   endloop
 endfacet
 facet normal -9.219702e-01  1.359023e-04 -3.872607e-01
   outer loop
     vertex -4.992577e+02  1.397000e+02  8.627612e+01
     vertex -5.055825e+02  4.826000e+02  1.014544e+02
     vertex -4.988807e+02  4.826000e+02  8.549892e+01
   endloop
 endfacet
 facet normal -9.238795e-01 -1.019268e-04 -3.826834e-01
   outer loop
     vertex -4.992577e+02  1.397000e+02  8.627612e+01
     vertex -5.057978e+02  1.397000e+02  1.020655e+02
     vertex -5.055825e+02  4.826000e+02  1.014544e+02
   endloop
 endfacet
 facet normal -8.721212e-01  1.676499e-04 -4.892899e-01
   outer loop
     vertex -4.909908e+02  1.397000e+02  7.131831e+01
     vertex -4.988807e+02  4.826000e+02  8.549892e+01
     vertex -4.904131e+02  4.826000e+02  7.040609e+01
   endloop
 endfacet
 facet normal -8.752234e-01 -1.341200e-04 -4.837189e-01
   outer loop
     vertex -4.909908e+02  1.397000e+02  7.131831e+01
     vertex -4.992577e+02  1.397000e+02  8.627612e+01
     vertex -4.988807e+02  4.826000e+02  8.549892e+01
   endloop
 endfacet
 facet normal -8.110262e-01  1.985062e-04 -5.850098e-01
   outer loop
     vertex -4.811011e+02  1.397000e+02  5.738015e+01
     vertex -4.904131e+02  4.826000e+02  7.040609e+01
     vertex -4.802890e+02  4.826000e+02  5.637057e+01
   endloop
 endfacet
 facet normal -8.155609e-01 -1.654220e-04 -5.786713e-01
   outer loop
     vertex -4.811011e+02  1.397000e+02  5.738015e+01
     vertex -4.909908e+02  1.397000e+02  7.131831e+01
     vertex -4.904131e+02  4.826000e+02  7.040609e+01
   endloop
 endfacet
 facet normal -7.394732e-01  2.284712e-04 -6.731860e-01
   outer loop
     vertex -4.697131e+02  1.397000e+02  4.463693e+01
     vertex -4.802890e+02  4.826000e+02  5.637057e+01
     vertex -4.686389e+02  4.826000e+02  4.357333e+01
   endloop
 endfacet
 facet normal -7.456422e-01 -1.958327e-04 -6.663466e-01
   outer loop
     vertex -4.697131e+02  1.397000e+02  4.463693e+01
     vertex -4.811011e+02  1.397000e+02  5.738015e+01
     vertex -4.802890e+02  4.826000e+02  5.637057e+01
   endloop
 endfacet
 facet normal -6.583847e-01  2.575447e-04 -7.526816e-01
   outer loop
     vertex -4.569698e+02  1.397000e+02  3.324888e+01
     vertex -4.686389e+02  4.826000e+02  4.357333e+01
     vertex -4.556131e+02  4.826000e+02  3.217941e+01
   endloop
 endfacet
 facet normal -6.663466e-01 -2.253519e-04 -7.456421e-01
   outer loop
     vertex -4.569698e+02  1.397000e+02  3.324888e+01
     vertex -4.697131e+02  1.397000e+02  4.463693e+01
     vertex -4.686389e+02  4.826000e+02  4.357333e+01
   endloop
 endfacet
 facet normal -5.688064e-01  2.857268e-04 -8.224714e-01
   outer loop
     vertex -4.430317e+02  1.397000e+02  2.335923e+01
     vertex -4.556131e+02  4.826000e+02  3.217941e+01
     vertex -4.413795e+02  4.826000e+02  2.233571e+01
   endloop
 endfacet
 facet normal -5.786713e-01 -2.539797e-04 -8.155608e-01
   outer loop
     vertex -4.430317e+02  1.397000e+02  2.335923e+01
     vertex -4.569698e+02  1.397000e+02  3.324888e+01
     vertex -4.556131e+02  4.826000e+02  3.217941e+01
   endloop
 endfacet
 facet normal -4.718935e-01  3.130173e-04 -8.816555e-01
   outer loop
     vertex -4.280739e+02  1.397000e+02  1.509234e+01
     vertex -4.413795e+02  4.826000e+02  2.233571e+01
     vertex -4.261216e+02  4.826000e+02  1.416918e+01
   endloop
 endfacet
 facet normal -4.837189e-01 -2.817160e-04 -8.752234e-01
   outer loop
     vertex -4.280739e+02  1.397000e+02  1.509234e+01
     vertex -4.430317e+02  1.397000e+02  2.335923e+01
     vertex -4.413795e+02  4.826000e+02  2.233571e+01
   endloop
 endfacet
 facet normal -3.688955e-01  3.394162e-04 -9.294708e-01
   outer loop
     vertex -4.122845e+02  1.397000e+02  8.552180e+00
     vertex -4.261216e+02  4.826000e+02  1.416918e+01
     vertex -4.100363e+02  4.826000e+02  7.785116e+00
   endloop
 endfacet
 facet normal -3.826834e-01 -3.085607e-04 -9.238795e-01
   outer loop
     vertex -4.122845e+02  1.397000e+02  8.552180e+00
     vertex -4.280739e+02  1.397000e+02  1.509234e+01
     vertex -4.261216e+02  4.826000e+02  1.416918e+01
   endloop
 endfacet
 facet normal -2.611407e-01 -5.444242e-18 -9.653007e-01
   outer loop
     vertex -3.933310e+02  2.463800e+02  3.265846e+00
     vertex -4.100363e+02  4.826000e+02  7.785116e+00
     vertex -3.933310e+02  4.826000e+02  3.265846e+00
   endloop
 endfacet
 facet normal -2.665210e-01 -4.086532e-04 -9.638290e-01
   outer loop
     vertex -3.933310e+02  2.463800e+02  3.265846e+00
     vertex -4.122845e+02  1.397000e+02  8.552180e+00
     vertex -4.100363e+02  4.826000e+02  7.785116e+00
   endloop
 endfacet
 facet normal -2.768352e-01  1.568174e-03 -9.609161e-01
   outer loop
     vertex -3.958622e+02  1.397000e+02  3.820986e+00
     vertex -4.122845e+02  1.397000e+02  8.552180e+00
     vertex -3.933310e+02  2.463800e+02  3.265846e+00
   endloop
 endfacet
 facet normal -1.719702e-01 -1.045854e-03 -9.851016e-01
   outer loop
     vertex -3.829543e+02  2.463800e+02  1.454382e+00
     vertex -3.958622e+02  1.397000e+02  3.820986e+00
     vertex -3.933310e+02  2.463800e+02  3.265846e+00
   endloop
 endfacet
 facet normal -1.035119e-01  8.017119e-04 -9.946279e-01
   outer loop
     vertex -3.790134e+02  1.397000e+02  9.582592e-01
     vertex -3.829543e+02  2.463800e+02  1.454382e+00
     vertex -3.724773e+02  2.463800e+02  3.640302e-01
   endloop
 endfacet
 facet normal -1.675060e-01 -1.603051e-03 -9.858698e-01
   outer loop
     vertex -3.790134e+02  1.397000e+02  9.582592e-01
     vertex -3.958622e+02  1.397000e+02  3.820986e+00
     vertex -3.829543e+02  2.463800e+02  1.454382e+00
   endloop
 endfacet
 facet normal -3.455901e-02 -1.602746e-16 -9.994027e-01
   outer loop
     vertex -3.619500e+02  1.397000e+02  1.710832e-14
     vertex -3.724773e+02  2.463800e+02  3.640302e-01
     vertex -3.619500e+02  2.463800e+02  0.000000e+00
   endloop
 endfacet
 facet normal -5.607032e-02 -2.126096e-03 -9.984246e-01
   outer loop
     vertex -3.619500e+02  1.397000e+02  1.710832e-14
     vertex -3.790134e+02  1.397000e+02  9.582592e-01
     vertex -3.724773e+02  2.463800e+02  3.640302e-01
   endloop
 endfacet
 facet normal  0.000000e+00 -1.603704e-16 -1.000000e+00
   outer loop
     vertex -3.619500e+02  2.463800e+02  0.000000e+00
     vertex -3.365500e+02  1.397000e+02  1.710832e-14
     vertex -3.619500e+02  1.397000e+02  1.710832e-14
   endloop
 endfacet
 facet normal -8.164312e-17  1.224647e-16 -1.000000e+00
   outer loop
     vertex  3.302000e+01  2.463800e+02  0.000000e+00
     vertex -3.365500e+02  7.620000e+00  9.331809e-16
     vertex -3.365500e+02  1.397000e+02  1.710832e-14
   endloop
 endfacet
 facet normal -1.846419e-31 -1.603704e-16 -1.000000e+00
   outer loop
     vertex  3.302000e+01  2.463800e+02  0.000000e+00
     vertex -3.365500e+02  1.397000e+02  1.710832e-14
     vertex -3.619500e+02  2.463800e+02  0.000000e+00
   endloop
 endfacet
 facet normal -9.778506e-20 -3.757088e-18 -1.000000e+00
   outer loop
     vertex  3.365500e+02  7.620000e+00  8.673617e-16
     vertex -3.365500e+02  7.620000e+00  9.331809e-16
     vertex  3.302000e+01  2.463800e+02  0.000000e+00
   endloop
 endfacet
 facet normal  9.958162e-17  1.229630e-16 -1.000000e+00
   outer loop
     vertex  3.365500e+02  1.397000e+02  1.710832e-14
     vertex  3.365500e+02  7.620000e+00  8.673617e-16
     vertex  3.302000e+01  2.463800e+02  0.000000e+00
   endloop
 endfacet
 facet normal  4.191835e-16 -8.094364e-17 -1.000000e+00
   outer loop
     vertex  3.619500e+02  4.826000e+02  0.000000e+00
     vertex  3.619500e+02  1.397000e+02  2.775558e-14
     vertex  3.365500e+02  1.397000e+02  1.710832e-14
   endloop
 endfacet
 facet normal  0.000000e+00  0.000000e+00 -1.000000e+00
   outer loop
     vertex  3.619500e+02  4.826000e+02  0.000000e+00
     vertex  3.302000e+01  2.463800e+02  0.000000e+00
     vertex  3.302000e+01  4.826000e+02  0.000000e+00
   endloop
 endfacet
 facet normal  3.784364e-17 -5.269625e-17 -1.000000e+00
   outer loop
     vertex  3.619500e+02  4.826000e+02  0.000000e+00
     vertex  3.365500e+02  1.397000e+02  1.710832e-14
     vertex  3.302000e+01  2.463800e+02  0.000000e+00
   endloop
 endfacet
 facet normal  0.000000e+00 -1.000000e+00  0.000000e+00
   outer loop
     vertex -5.067300e+02  0.000000e+00  9.652000e+02
     vertex -5.067300e+02  0.000000e+00  3.048000e+02
     vertex -3.365500e+02  0.000000e+00  3.048000e+02
   endloop
 endfacet
 facet normal  2.577215e-18 -1.000000e+00 -5.837282e-18
   outer loop
     vertex  3.365500e+02  0.000000e+00  3.048000e+02
     vertex -3.365500e+02  0.000000e+00  7.620000e+00
     vertex  3.365500e+02  1.734723e-15  7.620000e+00
   endloop
 endfacet
 facet normal -0.000000e+00 -1.000000e+00  0.000000e+00
   outer loop
     vertex  3.365500e+02  0.000000e+00  3.048000e+02
     vertex -3.365500e+02  0.000000e+00  3.048000e+02
     vertex -3.365500e+02  0.000000e+00  7.620000e+00
   endloop
 endfacet
 facet normal -2.344496e-16 -1.000000e+00  6.041587e-17
   outer loop
     vertex  5.067300e+02  0.000000e+00  9.652000e+02
     vertex  3.365500e+02  0.000000e+00  3.048000e+02
     vertex  5.067300e+02 -3.989864e-14  3.048000e+02
   endloop
 endfacet
 facet normal  0.000000e+00 -1.000000e+00  0.000000e+00
   outer loop
     vertex  5.067300e+02  0.000000e+00  9.652000e+02
     vertex -3.365500e+02  0.000000e+00  3.048000e+02
     vertex  3.365500e+02  0.000000e+00  3.048000e+02
   endloop
 endfacet
 facet normal -0.000000e+00 -1.000000e+00  0.000000e+00
   outer loop
     vertex  5.067300e+02  0.000000e+00  9.652000e+02
     vertex -5.067300e+02  0.000000e+00  9.652000e+02
     vertex -3.365500e+02  0.000000e+00  3.048000e+02
   endloop
 endfacet
 facet normal -9.937122e-01 -1.119645e-01  7.508461e-17
   outer loop
     vertex -5.141590e+02  5.924390e+00  9.652000e+02
     vertex -5.143500e+02  7.620000e+00  9.652000e+02
     vertex -5.143500e+02  7.620000e+00  3.027218e+02
   endloop
 endfacet
 facet normal -9.924108e-01 -1.229668e-01 -2.853577e-05
   outer loop
     vertex -5.141590e+02  5.924390e+00  9.652000e+02
     vertex -5.143500e+02  7.620000e+00  3.027218e+02
     vertex -5.141196e+02  5.760322e+00  3.032290e+02
   endloop
 endfacet
 facet normal -9.340330e-01 -3.571867e-01 -4.086617e-05
   outer loop
     vertex -5.135954e+02  4.313806e+00  9.652000e+02
     vertex -5.141196e+02  5.760322e+00  3.032290e+02
     vertex -5.134750e+02  4.074604e+00  3.036887e+02
   endloop
 endfacet
 facet normal -9.438833e-01 -3.302791e-01  2.573188e-05
   outer loop
     vertex -5.135954e+02  4.313806e+00  9.652000e+02
     vertex -5.141590e+02  5.924390e+00  9.652000e+02
     vertex -5.141196e+02  5.760322e+00  3.032290e+02
   endloop
 endfacet
 facet normal -8.283388e-01 -5.602275e-01 -3.501947e-05
   outer loop
     vertex -5.126876e+02  2.869008e+00  9.652000e+02
     vertex -5.134750e+02  4.074604e+00  3.036887e+02
     vertex -5.125317e+02  2.679895e+00  3.040691e+02
   endloop
 endfacet
 facet normal -8.467242e-01 -5.320321e-01  3.825082e-05
   outer loop
     vertex -5.126876e+02  2.869008e+00  9.652000e+02
     vertex -5.135954e+02  4.313806e+00  9.652000e+02
     vertex -5.134750e+02  4.074604e+00  3.036887e+02
   endloop
 endfacet
 facet normal -6.843683e-01 -7.291365e-01 -3.446711e-05
   outer loop
     vertex -5.114810e+02  1.662444e+00  9.652000e+02
     vertex -5.125317e+02  2.679895e+00  3.040691e+02
     vertex -5.112931e+02  1.517372e+00  3.043862e+02
   endloop
 endfacet
 facet normal -7.071068e-01 -7.071068e-01  3.557313e-05
   outer loop
     vertex -5.114810e+02  1.662444e+00  9.652000e+02
     vertex -5.126876e+02  2.869008e+00  9.652000e+02
     vertex -5.125317e+02  2.679895e+00  3.040691e+02
   endloop
 endfacet
 facet normal -5.073516e-01 -8.617391e-01 -2.962622e-05
   outer loop
     vertex -5.100362e+02  7.546172e-01  9.652000e+02
     vertex -5.112931e+02  1.517372e+00  3.043862e+02
     vertex -5.098523e+02  6.690385e-01  3.046175e+02
   endloop
 endfacet
 facet normal -5.320321e-01 -8.467242e-01  3.465046e-05
   outer loop
     vertex -5.100362e+02  7.546172e-01  9.652000e+02
     vertex -5.114810e+02  1.662444e+00  9.652000e+02
     vertex -5.112931e+02  1.517372e+00  3.043862e+02
   endloop
 endfacet
 facet normal -3.112306e-01 -9.503344e-01 -1.548766e-05
   outer loop
     vertex -5.084256e+02  1.910493e-01  9.652000e+02
     vertex -5.098523e+02  6.690385e-01  3.046175e+02
     vertex -5.083244e+02  1.686816e-01  3.047540e+02
   endloop
 endfacet
 facet normal -1.564724e-01 -9.876823e-01  9.482529e-06
   outer loop
     vertex -5.084256e+02  1.910493e-01  9.652000e+02
     vertex -5.083244e+02  1.686816e-01  3.047540e+02
     vertex -5.075168e+02  4.072430e-02  3.047889e+02
   endloop
 endfacet
 facet normal -3.302791e-01 -9.438833e-01  3.031896e-05
   outer loop
     vertex -5.084256e+02  1.910493e-01  9.652000e+02
     vertex -5.100362e+02  7.546172e-01  9.652000e+02
     vertex -5.098523e+02  6.690385e-01  3.046175e+02
   endloop
 endfacet
 facet normal -5.169331e-02 -9.986630e-01 -0.000000e+00
   outer loop
     vertex -5.067300e+02  0.000000e+00  9.652000e+02
     vertex -5.075168e+02  4.072430e-02  3.047889e+02
     vertex -5.067300e+02  0.000000e+00  3.048000e+02
   endloop
 endfacet
 facet normal -1.119645e-01 -9.937122e-01  7.210679e-05
   outer loop
     vertex -5.067300e+02  0.000000e+00  9.652000e+02
     vertex -5.084256e+02  1.910493e-01  9.652000e+02
     vertex -5.075168e+02  4.072430e-02  3.047889e+02
   endloop
 endfacet
 facet normal  0.000000e+00  0.000000e+00  1.000000e+00
   outer loop
     vertex  5.135954e+02  4.313806e+00  9.652000e+02
     vertex  5.114810e+02  1.662444e+00  9.652000e+02
     vertex  5.126876e+02  2.869008e+00  9.652000e+02
   endloop
 endfacet
 facet normal  0.000000e+00  0.000000e+00  1.000000e+00
   outer loop
     vertex  5.141590e+02  5.924390e+00  9.652000e+02
     vertex  5.114810e+02  1.662444e+00  9.652000e+02
     vertex  5.135954e+02  4.313806e+00  9.652000e+02
   endloop
 endfacet
 facet normal  0.000000e+00  0.000000e+00  1.000000e+00
   outer loop
     vertex  5.067300e+02  0.000000e+00  9.652000e+02
     vertex  5.084256e+02  1.910493e-01  9.652000e+02
     vertex  5.100362e+02  7.546172e-01  9.652000e+02
   endloop
 endfacet
 facet normal  0.000000e+00  0.000000e+00  1.000000e+00
   outer loop
     vertex  5.067300e+02  0.000000e+00  9.652000e+02
     vertex  5.100362e+02  7.546172e-01  9.652000e+02
     vertex  5.114810e+02  1.662444e+00  9.652000e+02
   endloop
 endfacet
 facet normal  0.000000e+00  0.000000e+00  1.000000e+00
   outer loop
     vertex  5.067300e+02  0.000000e+00  9.652000e+02
     vertex  5.141590e+02  5.924390e+00  9.652000e+02
     vertex  5.143500e+02  7.620000e+00  9.652000e+02
   endloop
 endfacet
 facet normal  0.000000e+00  0.000000e+00  1.000000e+00
   outer loop
     vertex  5.067300e+02  0.000000e+00  9.652000e+02
     vertex  5.114810e+02  1.662444e+00  9.652000e+02
     vertex  5.141590e+02  5.924390e+00  9.652000e+02
   endloop
 endfacet
 facet normal  0.000000e+00  0.000000e+00  1.000000e+00
   outer loop
     vertex  5.143500e+02  4.826000e+02  9.652000e+02
     vertex  5.067300e+02  0.000000e+00  9.652000e+02
     vertex  5.143500e+02  7.620000e+00  9.652000e+02
   endloop
 endfacet
 facet normal  0.000000e+00  0.000000e+00  1.000000e+00
   outer loop
     vertex -5.114810e+02  1.662444e+00  9.652000e+02
     vertex -5.100362e+02  7.546172e-01  9.652000e+02
     vertex -5.084256e+02  1.910493e-01  9.652000e+02
   endloop
 endfacet
 facet normal  0.000000e+00  0.000000e+00  1.000000e+00
   outer loop
     vertex -5.135954e+02  4.313806e+00  9.652000e+02
     vertex -5.126876e+02  2.869008e+00  9.652000e+02
     vertex -5.114810e+02  1.662444e+00  9.652000e+02
   endloop
 endfacet
 facet normal  0.000000e+00  0.000000e+00  1.000000e+00
   outer loop
     vertex -5.141590e+02  5.924390e+00  9.652000e+02
     vertex -5.084256e+02  1.910493e-01  9.652000e+02
     vertex -5.067300e+02  0.000000e+00  9.652000e+02
   endloop
 endfacet
 facet normal  0.000000e+00  0.000000e+00  1.000000e+00
   outer loop
     vertex -5.141590e+02  5.924390e+00  9.652000e+02
     vertex -5.114810e+02  1.662444e+00  9.652000e+02
     vertex -5.084256e+02  1.910493e-01  9.652000e+02
   endloop
 endfacet
 facet normal  0.000000e+00  0.000000e+00  1.000000e+00
   outer loop
     vertex -5.141590e+02  5.924390e+00  9.652000e+02
     vertex -5.135954e+02  4.313806e+00  9.652000e+02
     vertex -5.114810e+02  1.662444e+00  9.652000e+02
   endloop
 endfacet
 facet normal  0.000000e+00  0.000000e+00  1.000000e+00
   outer loop
     vertex -5.143500e+02  7.620000e+00  9.652000e+02
     vertex -5.141590e+02  5.924390e+00  9.652000e+02
     vertex -5.067300e+02  0.000000e+00  9.652000e+02
   endloop
 endfacet
 facet normal  0.000000e+00  0.000000e+00  1.000000e+00
   outer loop
     vertex -5.143500e+02  4.826000e+02  9.652000e+02
     vertex -5.067300e+02  0.000000e+00  9.652000e+02
     vertex  5.067300e+02  0.000000e+00  9.652000e+02
   endloop
 endfacet
 facet normal -0.000000e+00  0.000000e+00  1.000000e+00
   outer loop
     vertex -5.143500e+02  4.826000e+02  9.652000e+02
     vertex  5.067300e+02  0.000000e+00  9.652000e+02
     vertex  5.143500e+02  4.826000e+02  9.652000e+02
   endloop
 endfacet
 facet normal  0.000000e+00  0.000000e+00  1.000000e+00
   outer loop
     vertex -5.143500e+02  4.826000e+02  9.652000e+02
     vertex -5.143500e+02  7.620000e+00  9.652000e+02
     vertex -5.067300e+02  0.000000e+00  9.652000e+02
   endloop
 endfacet
 facet normal  5.607045e-02  1.048793e-16 -9.984268e-01
   outer loop
     vertex  3.790134e+02  1.397000e+02  9.582592e-01
     vertex  3.619500e+02  1.397000e+02  2.775558e-14
     vertex  3.619500e+02  4.826000e+02  0.000000e+00
   endloop
 endfacet
 facet normal  5.607045e-02  7.346095e-17 -9.984268e-01
   outer loop
     vertex  3.790134e+02  1.397000e+02  9.582592e-01
     vertex  3.619500e+02  4.826000e+02  0.000000e+00
     vertex  3.790134e+02  4.826000e+02  9.582592e-01
   endloop
 endfacet
 facet normal  1.675062e-01 -2.776794e-17 -9.858710e-01
   outer loop
     vertex  3.958622e+02  1.397000e+02  3.820986e+00
     vertex  3.790134e+02  4.826000e+02  9.582592e-01
     vertex  3.958622e+02  4.826000e+02  3.820986e+00
   endloop
 endfacet
 facet normal  1.675062e-01  5.334902e-17 -9.858710e-01
   outer loop
     vertex  3.958622e+02  1.397000e+02  3.820986e+00
     vertex  3.790134e+02  1.397000e+02  9.582592e-01
     vertex  3.790134e+02  4.826000e+02  9.582592e-01
   endloop
 endfacet
 facet normal  2.768355e-01  3.375514e-17 -9.609173e-01
   outer loop
     vertex  4.122845e+02  1.397000e+02  8.552180e+00
     vertex  3.958622e+02  4.826000e+02  3.820986e+00
     vertex  4.122845e+02  4.826000e+02  8.552180e+00
   endloop
 endfacet
 facet normal  2.768355e-01 -4.607415e-17 -9.609173e-01
   outer loop
     vertex  4.122845e+02  1.397000e+02  8.552180e+00
     vertex  3.958622e+02  1.397000e+02  3.820986e+00
     vertex  3.958622e+02  4.826000e+02  3.820986e+00
   endloop
 endfacet
 facet normal  3.826834e-01  7.657695e-17 -9.238795e-01
   outer loop
     vertex  4.280739e+02  1.397000e+02  1.509234e+01
     vertex  4.122845e+02  4.826000e+02  8.552180e+00
     vertex  4.280739e+02  4.826000e+02  1.509234e+01
   endloop
 endfacet
 facet normal  3.826834e-01  1.212478e-17 -9.238795e-01
   outer loop
     vertex  4.280739e+02  1.397000e+02  1.509234e+01
     vertex  4.122845e+02  1.397000e+02  8.552180e+00
     vertex  4.122845e+02  4.826000e+02  8.552180e+00
   endloop
 endfacet
 facet normal  4.837189e-01 -7.643306e-18 -8.752234e-01
   outer loop
     vertex  4.430317e+02  1.397000e+02  2.335923e+01
     vertex  4.280739e+02  4.826000e+02  1.509234e+01
     vertex  4.430317e+02  4.826000e+02  2.335923e+01
   endloop
 endfacet
 facet normal  4.837189e-01  7.274866e-17 -8.752234e-01
   outer loop
     vertex  4.430317e+02  1.397000e+02  2.335923e+01
     vertex  4.280739e+02  1.397000e+02  1.509234e+01
     vertex  4.280739e+02  4.826000e+02  1.509234e+01
   endloop
 endfacet
 facet normal  5.786713e-01  5.470388e-18 -8.155609e-01
   outer loop
     vertex  4.569698e+02  1.397000e+02  3.324888e+01
     vertex  4.430317e+02  4.826000e+02  2.335923e+01
     vertex  4.569698e+02  4.826000e+02  3.324888e+01
   endloop
 endfacet
 facet normal  5.786713e-01 -2.424955e-17 -8.155609e-01
   outer loop
     vertex  4.569698e+02  1.397000e+02  3.324888e+01
     vertex  4.430317e+02  1.397000e+02  2.335923e+01
     vertex  4.430317e+02  4.826000e+02  2.335923e+01
   endloop
 endfacet
 facet normal  6.663466e-01 -4.865848e-17 -7.456422e-01
   outer loop
     vertex  4.697131e+02  1.397000e+02  4.463693e+01
     vertex  4.569698e+02  4.826000e+02  3.324888e+01
     vertex  4.697131e+02  4.826000e+02  4.463693e+01
   endloop
 endfacet
 facet normal  6.663466e-01 -1.939964e-17 -7.456422e-01
   outer loop
     vertex  4.697131e+02  1.397000e+02  4.463693e+01
     vertex  4.569698e+02  1.397000e+02  3.324888e+01
     vertex  4.569698e+02  4.826000e+02  3.324888e+01
   endloop
 endfacet
 facet normal  8.155609e-01  9.592784e-17 -5.786713e-01
   outer loop
     vertex  4.811011e+02  1.397000e+02  5.738015e+01
     vertex  4.811011e+02  4.826000e+02  5.738015e+01
     vertex  4.909908e+02  4.826000e+02  7.131831e+01
   endloop
 endfacet
 facet normal  7.456422e-01  1.104620e-16 -6.663466e-01
   outer loop
     vertex  4.811011e+02  1.397000e+02  5.738015e+01
     vertex  4.697131e+02  4.826000e+02  4.463693e+01
     vertex  4.811011e+02  4.826000e+02  5.738015e+01
   endloop
 endfacet
 facet normal  7.456422e-01 -6.789875e-17 -6.663466e-01
   outer loop
     vertex  4.811011e+02  1.397000e+02  5.738015e+01
     vertex  4.697131e+02  1.397000e+02  4.463693e+01
     vertex  4.697131e+02  4.826000e+02  4.463693e+01
   endloop
 endfacet
 facet normal  8.155609e-01 -3.926980e-17 -5.786713e-01
   outer loop
     vertex  4.909908e+02  1.397000e+02  7.131831e+01
     vertex  4.811011e+02  1.397000e+02  5.738015e+01
     vertex  4.909908e+02  4.826000e+02  7.131831e+01
   endloop
 endfacet
 facet normal  8.752234e-01 -6.490072e-17 -4.837189e-01
   outer loop
     vertex  4.992577e+02  1.397000e+02  8.627612e+01
     vertex  4.909908e+02  4.826000e+02  7.131831e+01
     vertex  4.992577e+02  4.826000e+02  8.627612e+01
   endloop
 endfacet
 facet normal  8.752234e-01 -6.547379e-17 -4.837189e-01
   outer loop
     vertex  4.992577e+02  1.397000e+02  8.627612e+01
     vertex  4.909908e+02  1.397000e+02  7.131831e+01
     vertex  4.909908e+02  4.826000e+02  7.131831e+01
   endloop
 endfacet
 facet normal  9.238795e-01  4.757882e-17 -3.826834e-01
   outer loop
     vertex  5.057978e+02  1.397000e+02  1.020655e+02
     vertex  4.992577e+02  4.826000e+02  8.627612e+01
     vertex  5.057978e+02  4.826000e+02  1.020655e+02
   endloop
 endfacet
 facet normal  9.238795e-01 -8.972334e-17 -3.826834e-01
   outer loop
     vertex  5.057978e+02  1.397000e+02  1.020655e+02
     vertex  4.992577e+02  1.397000e+02  8.627612e+01
     vertex  4.992577e+02  4.826000e+02  8.627612e+01
   endloop
 endfacet
 facet normal  9.609173e-01  2.294587e-17 -2.768355e-01
   outer loop
     vertex  5.105290e+02  1.397000e+02  1.184878e+02
     vertex  5.057978e+02  4.826000e+02  1.020655e+02
     vertex  5.105290e+02  4.826000e+02  1.184878e+02
   endloop
 endfacet
 facet normal  9.609173e-01  3.394937e-17 -2.768355e-01
   outer loop
     vertex  5.105290e+02  1.397000e+02  1.184878e+02
     vertex  5.057978e+02  1.397000e+02  1.020655e+02
     vertex  5.057978e+02  4.826000e+02  1.020655e+02
   endloop
 endfacet
 facet normal  9.858710e-01  1.388397e-17 -1.675062e-01
   outer loop
     vertex  5.133917e+02  1.397000e+02  1.353366e+02
     vertex  5.105290e+02  4.826000e+02  1.184878e+02
     vertex  5.133917e+02  4.826000e+02  1.353366e+02
   endloop
 endfacet
 facet normal  9.858710e-01  1.333725e-17 -1.675062e-01
   outer loop
     vertex  5.133917e+02  1.397000e+02  1.353366e+02
     vertex  5.105290e+02  1.397000e+02  1.184878e+02
     vertex  5.105290e+02  4.826000e+02  1.184878e+02
   endloop
 endfacet
 facet normal  9.984268e-01  4.647471e-18 -5.607045e-02
   outer loop
     vertex  5.143500e+02  1.397000e+02  1.524000e+02
     vertex  5.133917e+02  4.826000e+02  1.353366e+02
     vertex  5.143500e+02  4.826000e+02  1.524000e+02
   endloop
 endfacet
 facet normal  9.984268e-01  4.849911e-18 -5.607045e-02
   outer loop
     vertex  5.143500e+02  1.397000e+02  1.524000e+02
     vertex  5.133917e+02  1.397000e+02  1.353366e+02
     vertex  5.133917e+02  4.826000e+02  1.353366e+02
   endloop
 endfacet
 facet normal  1.000000e+00  0.000000e+00  0.000000e+00
   outer loop
     vertex  5.143500e+02  1.905000e+02  4.445000e+02
     vertex  5.143500e+02  7.620000e+00  3.027218e+02
     vertex  5.143500e+02  1.397000e+02  2.667000e+02
   endloop
 endfacet
 facet normal  1.000000e+00  0.000000e+00  0.000000e+00
   outer loop
     vertex  5.143500e+02  4.826000e+02  1.524000e+02
     vertex  5.143500e+02  1.397000e+02  2.667000e+02
     vertex  5.143500e+02  1.397000e+02  1.524000e+02
   endloop
 endfacet
 facet normal  1.000000e+00  0.000000e+00  0.000000e+00
   outer loop
     vertex  5.143500e+02  4.826000e+02  4.445000e+02
     vertex  5.143500e+02  1.397000e+02  2.667000e+02
     vertex  5.143500e+02  4.826000e+02  1.524000e+02
   endloop
 endfacet
 facet normal  1.000000e+00  0.000000e+00  0.000000e+00
   outer loop
     vertex  5.143500e+02  4.826000e+02  4.445000e+02
     vertex  5.143500e+02  1.905000e+02  4.445000e+02
     vertex  5.143500e+02  1.397000e+02  2.667000e+02
   endloop
 endfacet
 facet normal  1.000000e+00  0.000000e+00  0.000000e+00
   outer loop
     vertex  5.143500e+02  7.620000e+00  9.652000e+02
     vertex  5.143500e+02  7.620000e+00  3.027218e+02
     vertex  5.143500e+02  1.905000e+02  4.445000e+02
   endloop
 endfacet
 facet normal  1.000000e+00  0.000000e+00  0.000000e+00
   outer loop
     vertex  5.143500e+02  1.905000e+02  9.525000e+02
     vertex  5.143500e+02  7.620000e+00  9.652000e+02
     vertex  5.143500e+02  1.905000e+02  4.445000e+02
   endloop
 endfacet
 facet normal  1.000000e+00  0.000000e+00  0.000000e+00
   outer loop
     vertex  5.143500e+02  4.826000e+02  9.652000e+02
     vertex  5.143500e+02  1.905000e+02  9.525000e+02
     vertex  5.143500e+02  4.826000e+02  9.525000e+02
   endloop
 endfacet
 facet normal  1.000000e+00 -0.000000e+00  0.000000e+00
   outer loop
     vertex  5.143500e+02  7.620000e+00  9.652000e+02
     vertex  5.143500e+02  1.905000e+02  9.525000e+02
     vertex  5.143500e+02  4.826000e+02  9.652000e+02
   endloop
 endfacet
 facet normal  5.607045e-02  0.000000e+00 -9.984268e-01
   outer loop
     vertex  3.619500e+02  4.826000e+02  0.000000e+00
     vertex  3.619500e+02  1.262380e+03  0.000000e+00
     vertex  3.790134e+02  1.262380e+03  9.582592e-01
   endloop
 endfacet
 facet normal  1.675062e-01  2.581848e-17 -9.858710e-01
   outer loop
     vertex  3.790134e+02  4.826000e+02  9.582592e-01
     vertex  3.790134e+02  1.262380e+03  9.582592e-01
     vertex  3.958622e+02  1.262380e+03  3.820986e+00
   endloop
 endfacet
 facet normal  5.607045e-02 -4.008324e-17 -9.984268e-01
   outer loop
     vertex  3.790134e+02  4.826000e+02  9.582592e-01
     vertex  3.619500e+02  4.826000e+02  0.000000e+00
     vertex  3.790134e+02  1.262380e+03  9.582592e-01
   endloop
 endfacet
 facet normal  2.768355e-01  5.637164e-17 -9.609173e-01
   outer loop
     vertex  3.958622e+02  4.826000e+02  3.820986e+00
     vertex  3.958622e+02  1.262380e+03  3.820986e+00
     vertex  4.122845e+02  1.262380e+03  8.552180e+00
   endloop
 endfacet
 facet normal  1.675062e-01 -1.011491e-17 -9.858710e-01
   outer loop
     vertex  3.958622e+02  4.826000e+02  3.820986e+00
     vertex  3.790134e+02  4.826000e+02  9.582592e-01
     vertex  3.958622e+02  1.262380e+03  3.820986e+00
   endloop
 endfacet
 facet normal  3.826834e-01  5.480148e-17 -9.238795e-01
   outer loop
     vertex  4.122845e+02  4.826000e+02  8.552180e+00
     vertex  4.122845e+02  1.262380e+03  8.552180e+00
     vertex  4.280739e+02  1.262380e+03  1.509234e+01
   endloop
 endfacet
 facet normal  2.768355e-01 -1.367610e-17 -9.609173e-01
   outer loop
     vertex  4.122845e+02  4.826000e+02  8.552180e+00
     vertex  3.958622e+02  4.826000e+02  3.820986e+00
     vertex  4.122845e+02  1.262380e+03  8.552180e+00
   endloop
 endfacet
 facet normal  4.837189e-01  2.352744e-17 -8.752234e-01
   outer loop
     vertex  4.280739e+02  4.826000e+02  1.509234e+01
     vertex  4.280739e+02  1.262380e+03  1.509234e+01
     vertex  4.430317e+02  1.262380e+03  2.335923e+01
   endloop
 endfacet
 facet normal  3.826834e-01 -4.044270e-17 -9.238795e-01
   outer loop
     vertex  4.280739e+02  4.826000e+02  1.509234e+01
     vertex  4.122845e+02  4.826000e+02  8.552180e+00
     vertex  4.280739e+02  1.262380e+03  1.509234e+01
   endloop
 endfacet
 facet normal  5.786713e-01  5.747584e-17 -8.155609e-01
   outer loop
     vertex  4.430317e+02  4.826000e+02  2.335923e+01
     vertex  4.430317e+02  1.262380e+03  2.335923e+01
     vertex  4.569698e+02  1.262380e+03  3.324888e+01
   endloop
 endfacet
 facet normal  4.837189e-01 -8.373027e-18 -8.752234e-01
   outer loop
     vertex  4.430317e+02  4.826000e+02  2.335923e+01
     vertex  4.280739e+02  4.826000e+02  1.509234e+01
     vertex  4.430317e+02  1.262380e+03  2.335923e+01
   endloop
 endfacet
 facet normal  6.663466e-01  1.967254e-17 -7.456422e-01
   outer loop
     vertex  4.569698e+02  4.826000e+02  3.324888e+01
     vertex  4.569698e+02  1.262380e+03  3.324888e+01
     vertex  4.697131e+02  1.262380e+03  4.463693e+01
   endloop
 endfacet
 facet normal  5.786713e-01 -4.415914e-17 -8.155609e-01
   outer loop
     vertex  4.569698e+02  4.826000e+02  3.324888e+01
     vertex  4.430317e+02  4.826000e+02  2.335923e+01
     vertex  4.569698e+02  1.262380e+03  3.324888e+01
   endloop
 endfacet
 facet normal  7.456422e-01  5.896958e-17 -6.663466e-01
   outer loop
     vertex  4.697131e+02  4.826000e+02  4.463693e+01
     vertex  4.697131e+02  1.262380e+03  4.463693e+01
     vertex  4.811011e+02  1.262380e+03  5.738015e+01
   endloop
 endfacet
 facet normal  6.663466e-01 -7.504897e-18 -7.456422e-01
   outer loop
     vertex  4.697131e+02  4.826000e+02  4.463693e+01
     vertex  4.569698e+02  4.826000e+02  3.324888e+01
     vertex  4.697131e+02  1.262380e+03  4.463693e+01
   endloop
 endfacet
 facet normal  7.456422e-01 -8.617105e-17 -6.663466e-01
   outer loop
     vertex  4.811011e+02  4.826000e+02  5.738015e+01
     vertex  4.697131e+02  4.826000e+02  4.463693e+01
     vertex  4.811011e+02  1.262380e+03  5.738015e+01
   endloop
 endfacet
 facet normal  8.155609e-01 -4.746779e-18 -5.786713e-01
   outer loop
     vertex  4.909908e+02  4.826000e+02  7.131831e+01
     vertex  4.811011e+02  1.262380e+03  5.738015e+01
     vertex  4.909908e+02  1.262380e+03  7.131831e+01
   endloop
 endfacet
 facet normal  8.752234e-01  5.244994e-17 -4.837189e-01
   outer loop
     vertex  4.909908e+02  4.826000e+02  7.131831e+01
     vertex  4.909908e+02  1.262380e+03  7.131831e+01
     vertex  4.992577e+02  1.262380e+03  8.627612e+01
   endloop
 endfacet
 facet normal  8.155609e-01 -2.559236e-17 -5.786713e-01
   outer loop
     vertex  4.909908e+02  4.826000e+02  7.131831e+01
     vertex  4.811011e+02  4.826000e+02  5.738015e+01
     vertex  4.811011e+02  1.262380e+03  5.738015e+01
   endloop
 endfacet
 facet normal  8.752234e-01 -4.870578e-17 -4.837189e-01
   outer loop
     vertex  4.992577e+02  4.826000e+02  8.627612e+01
     vertex  4.909908e+02  4.826000e+02  7.131831e+01
     vertex  4.992577e+02  1.262380e+03  8.627612e+01
   endloop
 endfacet
 facet normal  9.238795e-01 -1.185596e-16 -3.826834e-01
   outer loop
     vertex  5.057978e+02  4.826000e+02  1.020655e+02
     vertex  4.992577e+02  1.262380e+03  8.627612e+01
     vertex  5.057978e+02  1.262380e+03  1.020655e+02
   endloop
 endfacet
 facet normal  9.238795e-01 -5.331742e-18 -3.826834e-01
   outer loop
     vertex  5.057978e+02  4.826000e+02  1.020655e+02
     vertex  4.992577e+02  4.826000e+02  8.627612e+01
     vertex  4.992577e+02  1.262380e+03  8.627612e+01
   endloop
 endfacet
 facet normal  9.609173e-01 -6.054122e-17 -2.768355e-01
   outer loop
     vertex  5.105290e+02  4.826000e+02  1.184878e+02
     vertex  5.057978e+02  1.262380e+03  1.020655e+02
     vertex  5.105290e+02  1.262380e+03  1.184878e+02
   endloop
 endfacet
 facet normal  9.609173e-01 -8.637422e-17 -2.768355e-01
   outer loop
     vertex  5.105290e+02  4.826000e+02  1.184878e+02
     vertex  5.057978e+02  4.826000e+02  1.020655e+02
     vertex  5.057978e+02  1.262380e+03  1.020655e+02
   endloop
 endfacet
 facet normal  9.858710e-01 -2.442131e-17 -1.675062e-01
   outer loop
     vertex  5.133917e+02  4.826000e+02  1.353366e+02
     vertex  5.105290e+02  1.262380e+03  1.184878e+02
     vertex  5.133917e+02  1.262380e+03  1.353366e+02
   endloop
 endfacet
 facet normal  9.858710e-01 -3.678902e-17 -1.675062e-01
   outer loop
     vertex  5.133917e+02  4.826000e+02  1.353366e+02
     vertex  5.105290e+02  4.826000e+02  1.184878e+02
     vertex  5.105290e+02  1.262380e+03  1.184878e+02
   endloop
 endfacet
 facet normal  9.984268e-01  0.000000e+00 -5.607045e-02
   outer loop
     vertex  5.143500e+02  4.826000e+02  1.524000e+02
     vertex  5.133917e+02  1.262380e+03  1.353366e+02
     vertex  5.143500e+02  1.262380e+03  1.524000e+02
   endloop
 endfacet
 facet normal  9.984268e-01 -8.264200e-18 -5.607045e-02
   outer loop
     vertex  5.143500e+02  4.826000e+02  1.524000e+02
     vertex  5.133917e+02  4.826000e+02  1.353366e+02
     vertex  5.133917e+02  1.262380e+03  1.353366e+02
   endloop
 endfacet
 facet normal  0.000000e+00  0.000000e+00 -1.000000e+00
   outer loop
     vertex  3.302000e+01  1.262380e+03  0.000000e+00
     vertex  3.619500e+02  4.826000e+02  0.000000e+00
     vertex  3.302000e+01  4.826000e+02  0.000000e+00
   endloop
 endfacet
 facet normal -0.000000e+00 -0.000000e+00 -1.000000e+00
   outer loop
     vertex  3.619500e+02  1.262380e+03  0.000000e+00
     vertex  3.619500e+02  4.826000e+02  0.000000e+00
     vertex  3.302000e+01  1.262380e+03  0.000000e+00
   endloop
 endfacet
 facet normal -9.983868e-01  0.000000e+00 -5.677782e-02
   outer loop
     vertex -5.143500e+02  4.826000e+02  1.524000e+02
     vertex -5.143500e+02  1.262380e+03  1.524000e+02
     vertex -5.133674e+02  1.262380e+03  1.351220e+02
   endloop
 endfacet
 facet normal -9.855128e-01  3.090846e-17 -1.696013e-01
   outer loop
     vertex -5.133674e+02  4.826000e+02  1.351220e+02
     vertex -5.133674e+02  1.262380e+03  1.351220e+02
     vertex -5.104323e+02  1.262380e+03  1.180669e+02
   endloop
 endfacet
 facet normal -9.983868e-01  1.034730e-17 -5.677782e-02
   outer loop
     vertex -5.133674e+02  4.826000e+02  1.351220e+02
     vertex -5.143500e+02  4.826000e+02  1.524000e+02
     vertex -5.133674e+02  1.262380e+03  1.351220e+02
   endloop
 endfacet
 facet normal -9.599306e-01  5.107106e-17 -2.802378e-01
   outer loop
     vertex -5.104323e+02  4.826000e+02  1.180669e+02
     vertex -5.104323e+02  1.262380e+03  1.180669e+02
     vertex -5.055825e+02  1.262380e+03  1.014544e+02
   endloop
 endfacet
 facet normal -9.855128e-01  3.090846e-17 -1.696013e-01
   outer loop
     vertex -5.104323e+02  4.826000e+02  1.180669e+02
     vertex -5.133674e+02  4.826000e+02  1.351220e+02
     vertex -5.104323e+02  1.262380e+03  1.180669e+02
   endloop
 endfacet
 facet normal -9.219702e-01  6.351760e-17 -3.872607e-01
   outer loop
     vertex -5.055825e+02  4.826000e+02  1.014544e+02
     vertex -5.055825e+02  1.262380e+03  1.014544e+02
     vertex -4.988807e+02  1.262380e+03  8.549892e+01
   endloop
 endfacet
 facet normal -9.599306e-01  4.596396e-17 -2.802378e-01
   outer loop
     vertex -5.055825e+02  4.826000e+02  1.014544e+02
     vertex -5.104323e+02  4.826000e+02  1.180669e+02
     vertex -5.055825e+02  1.262380e+03  1.014544e+02
   endloop
 endfacet
 facet normal -8.721212e-01 -7.364812e-17 -4.892899e-01
   outer loop
     vertex -4.988807e+02  4.826000e+02  8.549892e+01
     vertex -4.988807e+02  1.262380e+03  8.549892e+01
     vertex -4.904131e+02  1.262380e+03  7.040609e+01
   endloop
 endfacet
 facet normal -9.219702e-01 -9.207218e-17 -3.872607e-01
   outer loop
     vertex -4.988807e+02  4.826000e+02  8.549892e+01
     vertex -5.055825e+02  4.826000e+02  1.014544e+02
     vertex -4.988807e+02  1.262380e+03  8.549892e+01
   endloop
 endfacet
 facet normal -8.721212e-01 -1.007333e-17 -4.892899e-01
   outer loop
     vertex -4.904131e+02  4.826000e+02  7.040609e+01
     vertex -4.988807e+02  4.826000e+02  8.549892e+01
     vertex -4.904131e+02  1.262380e+03  7.040609e+01
   endloop
 endfacet
 facet normal -8.110262e-01  6.396796e-17 -5.850098e-01
   outer loop
     vertex -4.802890e+02  4.826000e+02  5.637057e+01
     vertex -4.904131e+02  1.262380e+03  7.040609e+01
     vertex -4.802890e+02  1.262380e+03  5.637057e+01
   endloop
 endfacet
 facet normal -7.394732e-01  7.360960e-17 -6.731860e-01
   outer loop
     vertex -4.802890e+02  4.826000e+02  5.637057e+01
     vertex -4.802890e+02  1.262380e+03  5.637057e+01
     vertex -4.686389e+02  1.262380e+03  4.357333e+01
   endloop
 endfacet
 facet normal -8.110262e-01  6.318379e-18 -5.850098e-01
   outer loop
     vertex -4.802890e+02  4.826000e+02  5.637057e+01
     vertex -4.904131e+02  4.826000e+02  7.040609e+01
     vertex -4.904131e+02  1.262380e+03  7.040609e+01
   endloop
 endfacet
 facet normal -6.583847e-01 -4.112017e-17 -7.526816e-01
   outer loop
     vertex -4.686389e+02  4.826000e+02  4.357333e+01
     vertex -4.686389e+02  1.262380e+03  4.357333e+01
     vertex -4.556131e+02  1.262380e+03  3.217941e+01
   endloop
 endfacet
 facet normal -7.394732e-01 -5.873730e-17 -6.731860e-01
   outer loop
     vertex -4.686389e+02  4.826000e+02  4.357333e+01
     vertex -4.802890e+02  4.826000e+02  5.637057e+01
     vertex -4.686389e+02  1.262380e+03  4.357333e+01
   endloop
 endfacet
 facet normal -5.688065e-01 -2.297279e-17 -8.224714e-01
   outer loop
     vertex -4.556131e+02  4.826000e+02  3.217941e+01
     vertex -4.556131e+02  1.262380e+03  3.217941e+01
     vertex -4.413795e+02  1.262380e+03  2.233571e+01
   endloop
 endfacet
 facet normal -6.583847e-01 -4.112017e-17 -7.526816e-01
   outer loop
     vertex -4.556131e+02  4.826000e+02  3.217941e+01
     vertex -4.686389e+02  4.826000e+02  4.357333e+01
     vertex -4.556131e+02  1.262380e+03  3.217941e+01
   endloop
 endfacet
 facet normal -5.688065e-01 -2.297279e-17 -8.224714e-01
   outer loop
     vertex -4.413795e+02  4.826000e+02  2.233571e+01
     vertex -4.556131e+02  4.826000e+02  3.217941e+01
     vertex -4.413795e+02  1.262380e+03  2.233571e+01
   endloop
 endfacet
 facet normal -4.718935e-01 -4.529180e-18 -8.816556e-01
   outer loop
     vertex -4.261216e+02  4.826000e+02  1.416918e+01
     vertex -4.413795e+02  1.262380e+03  2.233571e+01
     vertex -4.261216e+02  1.262380e+03  1.416918e+01
   endloop
 endfacet
 facet normal -4.718935e-01 -4.212252e-18 -8.816556e-01
   outer loop
     vertex -4.261216e+02  4.826000e+02  1.416918e+01
     vertex -4.413795e+02  4.826000e+02  2.233571e+01
     vertex -4.413795e+02  1.262380e+03  2.233571e+01
   endloop
 endfacet
 facet normal -3.688955e-01  4.086411e-17 -9.294709e-01
   outer loop
     vertex -4.100363e+02  4.826000e+02  7.785116e+00
     vertex -4.261216e+02  1.262380e+03  1.416918e+01
     vertex -4.100363e+02  1.262380e+03  7.785116e+00
   endloop
 endfacet
 facet normal -3.688955e-01  1.368982e-17 -9.294709e-01
   outer loop
     vertex -4.100363e+02  4.826000e+02  7.785116e+00
     vertex -4.261216e+02  4.826000e+02  1.416918e+01
     vertex -4.261216e+02  1.262380e+03  1.416918e+01
   endloop
 endfacet
 facet normal -2.611407e-01 -1.429335e-17 -9.653007e-01
   outer loop
     vertex -3.933310e+02  4.826000e+02  3.265846e+00
     vertex -4.100363e+02  1.262380e+03  7.785116e+00
     vertex -3.933310e+02  1.262380e+03  3.265846e+00
   endloop
 endfacet
 facet normal -2.611407e-01  5.160009e-17 -9.653007e-01
   outer loop
     vertex -3.933310e+02  4.826000e+02  3.265846e+00
     vertex -4.100363e+02  4.826000e+02  7.785116e+00
     vertex -4.100363e+02  1.262380e+03  7.785116e+00
   endloop
 endfacet
 facet normal -1.000000e+00 -0.000000e+00  0.000000e+00
   outer loop
     vertex -5.143500e+02  1.028700e+03  9.525000e+02
     vertex -5.143500e+02  4.826000e+02  9.525000e+02
     vertex -5.143500e+02  4.826000e+02  9.652000e+02
   endloop
 endfacet
 facet normal -1.000000e+00 -0.000000e+00  0.000000e+00
   outer loop
     vertex -5.143500e+02  1.028700e+03  4.445000e+02
     vertex -5.143500e+02  4.826000e+02  1.524000e+02
     vertex -5.143500e+02  4.826000e+02  4.445000e+02
   endloop
 endfacet
 facet normal -1.000000e+00  0.000000e+00  0.000000e+00
   outer loop
     vertex -5.143500e+02  1.028700e+03  4.445000e+02
     vertex -5.143500e+02  1.028700e+03  9.525000e+02
     vertex -5.143500e+02  1.262380e+03  9.652000e+02
   endloop
 endfacet
 facet normal -1.000000e+00  0.000000e+00  0.000000e+00
   outer loop
     vertex -5.143500e+02  1.262380e+03  1.524000e+02
     vertex -5.143500e+02  4.826000e+02  1.524000e+02
     vertex -5.143500e+02  1.028700e+03  4.445000e+02
   endloop
 endfacet
 facet normal -1.000000e+00  0.000000e+00  0.000000e+00
   outer loop
     vertex -5.143500e+02  1.262380e+03  1.524000e+02
     vertex -5.143500e+02  1.028700e+03  4.445000e+02
     vertex -5.143500e+02  1.262380e+03  9.652000e+02
   endloop
 endfacet
 facet normal -1.000000e+00 -0.000000e+00  0.000000e+00
   outer loop
     vertex -5.143500e+02  1.262380e+03  9.652000e+02
     vertex -5.143500e+02  1.028700e+03  9.525000e+02
     vertex -5.143500e+02  4.826000e+02  9.652000e+02
   endloop
 endfacet
 facet normal  0.000000e+00  0.000000e+00  1.000000e+00
   outer loop
     vertex  5.135954e+02  1.265686e+03  9.652000e+02
     vertex  5.143500e+02  1.262380e+03  9.652000e+02
     vertex  5.141590e+02  1.264076e+03  9.652000e+02
   endloop
 endfacet
 facet normal  0.000000e+00  0.000000e+00  1.000000e+00
   outer loop
     vertex  5.114810e+02  1.268338e+03  9.652000e+02
     vertex  5.135954e+02  1.265686e+03  9.652000e+02
     vertex  5.126876e+02  1.267131e+03  9.652000e+02
   endloop
 endfacet
 facet normal  0.000000e+00  0.000000e+00  1.000000e+00
   outer loop
     vertex  5.114810e+02  1.268338e+03  9.652000e+02
     vertex  5.143500e+02  1.262380e+03  9.652000e+02
     vertex  5.135954e+02  1.265686e+03  9.652000e+02
   endloop
 endfacet
 facet normal  0.000000e+00  0.000000e+00  1.000000e+00
   outer loop
     vertex  5.100362e+02  1.269245e+03  9.652000e+02
     vertex  5.143500e+02  1.262380e+03  9.652000e+02
     vertex  5.114810e+02  1.268338e+03  9.652000e+02
   endloop
 endfacet
 facet normal  0.000000e+00  0.000000e+00  1.000000e+00
   outer loop
     vertex  5.067300e+02  1.270000e+03  9.652000e+02
     vertex  5.100362e+02  1.269245e+03  9.652000e+02
     vertex  5.084256e+02  1.269809e+03  9.652000e+02
   endloop
 endfacet
 facet normal  0.000000e+00  0.000000e+00  1.000000e+00
   outer loop
     vertex  5.067300e+02  1.270000e+03  9.652000e+02
     vertex  5.143500e+02  4.826000e+02  9.652000e+02
     vertex  5.143500e+02  1.262380e+03  9.652000e+02
   endloop
 endfacet
 facet normal  0.000000e+00  0.000000e+00  1.000000e+00
   outer loop
     vertex  5.067300e+02  1.270000e+03  9.652000e+02
     vertex  5.143500e+02  1.262380e+03  9.652000e+02
     vertex  5.100362e+02  1.269245e+03  9.652000e+02
   endloop
 endfacet
 facet normal  0.000000e+00  0.000000e+00  1.000000e+00
   outer loop
     vertex -5.067300e+02  1.270000e+03  9.652000e+02
     vertex -5.143500e+02  4.826000e+02  9.652000e+02
     vertex  5.143500e+02  4.826000e+02  9.652000e+02
   endloop
 endfacet
 facet normal -0.000000e+00  0.000000e+00  1.000000e+00
   outer loop
     vertex -5.067300e+02  1.270000e+03  9.652000e+02
     vertex  5.143500e+02  4.826000e+02  9.652000e+02
     vertex  5.067300e+02  1.270000e+03  9.652000e+02
   endloop
 endfacet
 facet normal -0.000000e+00  0.000000e+00  1.000000e+00
   outer loop
     vertex -5.143500e+02  1.262380e+03  9.652000e+02
     vertex -5.143500e+02  4.826000e+02  9.652000e+02
     vertex -5.067300e+02  1.270000e+03  9.652000e+02
   endloop
 endfacet
 facet normal  0.000000e+00  0.000000e+00  1.000000e+00
   outer loop
     vertex -5.114810e+02  1.268338e+03  9.652000e+02
     vertex -5.067300e+02  1.270000e+03  9.652000e+02
     vertex -5.084256e+02  1.269809e+03  9.652000e+02
   endloop
 endfacet
 facet normal  0.000000e+00  0.000000e+00  1.000000e+00
   outer loop
     vertex -5.114810e+02  1.268338e+03  9.652000e+02
     vertex -5.084256e+02  1.269809e+03  9.652000e+02
     vertex -5.100362e+02  1.269245e+03  9.652000e+02
   endloop
 endfacet
 facet normal  0.000000e+00  0.000000e+00  1.000000e+00
   outer loop
     vertex -5.114810e+02  1.268338e+03  9.652000e+02
     vertex -5.135954e+02  1.265686e+03  9.652000e+02
     vertex -5.141590e+02  1.264076e+03  9.652000e+02
   endloop
 endfacet
 facet normal  0.000000e+00  0.000000e+00  1.000000e+00
   outer loop
     vertex -5.114810e+02  1.268338e+03  9.652000e+02
     vertex -5.141590e+02  1.264076e+03  9.652000e+02
     vertex -5.143500e+02  1.262380e+03  9.652000e+02
   endloop
 endfacet
 facet normal -0.000000e+00  0.000000e+00  1.000000e+00
   outer loop
     vertex -5.114810e+02  1.268338e+03  9.652000e+02
     vertex -5.143500e+02  1.262380e+03  9.652000e+02
     vertex -5.067300e+02  1.270000e+03  9.652000e+02
   endloop
 endfacet
 facet normal -0.000000e+00  0.000000e+00  1.000000e+00
   outer loop
     vertex -5.126876e+02  1.267131e+03  9.652000e+02
     vertex -5.135954e+02  1.265686e+03  9.652000e+02
     vertex -5.114810e+02  1.268338e+03  9.652000e+02
   endloop
 endfacet
 facet normal  1.000000e+00  0.000000e+00  0.000000e+00
   outer loop
     vertex  5.143500e+02  1.028700e+03  4.445000e+02
     vertex  5.143500e+02  4.826000e+02  1.524000e+02
     vertex  5.143500e+02  1.262380e+03  1.524000e+02
   endloop
 endfacet
 facet normal  1.000000e+00  0.000000e+00  0.000000e+00
   outer loop
     vertex  5.143500e+02  1.028700e+03  4.445000e+02
     vertex  5.143500e+02  4.826000e+02  4.445000e+02
     vertex  5.143500e+02  4.826000e+02  1.524000e+02
   endloop
 endfacet
 facet normal  1.000000e+00  0.000000e+00  0.000000e+00
   outer loop
     vertex  5.143500e+02  1.028700e+03  9.525000e+02
     vertex  5.143500e+02  4.826000e+02  9.652000e+02
     vertex  5.143500e+02  4.826000e+02  9.525000e+02
   endloop
 endfacet
 facet normal  1.000000e+00  0.000000e+00  0.000000e+00
   outer loop
     vertex  5.143500e+02  1.262380e+03  9.652000e+02
     vertex  5.143500e+02  1.028700e+03  9.525000e+02
     vertex  5.143500e+02  1.028700e+03  4.445000e+02
   endloop
 endfacet
 facet normal  1.000000e+00  0.000000e+00  0.000000e+00
   outer loop
     vertex  5.143500e+02  1.262380e+03  9.652000e+02
     vertex  5.143500e+02  1.028700e+03  4.445000e+02
     vertex  5.143500e+02  1.262380e+03  1.524000e+02
   endloop
 endfacet
 facet normal  1.000000e+00 -0.000000e+00  0.000000e+00
   outer loop
     vertex  5.143500e+02  4.826000e+02  9.652000e+02
     vertex  5.143500e+02  1.028700e+03  9.525000e+02
     vertex  5.143500e+02  1.262380e+03  9.652000e+02
   endloop
 endfacet
 facet normal  0.000000e+00  1.000000e+00  0.000000e+00
   outer loop
     vertex -4.016905e+02  1.270000e+03  4.777665e+01
     vertex -3.917619e+02  1.270000e+03  1.072255e+01
     vertex -4.076320e+02  1.270000e+03  1.501586e+01
   endloop
 endfacet
 facet normal  0.000000e+00  1.000000e+00  0.000000e+00
   outer loop
     vertex -4.016905e+02  1.270000e+03  4.777665e+01
     vertex -4.076320e+02  1.270000e+03  1.501586e+01
     vertex -4.229131e+02  1.270000e+03  2.108072e+01
   endloop
 endfacet
 facet normal  0.000000e+00  1.000000e+00  0.000000e+00
   outer loop
     vertex -4.016905e+02  1.270000e+03  4.777665e+01
     vertex -4.229131e+02  1.270000e+03  2.108072e+01
     vertex -4.374080e+02  1.270000e+03  2.883893e+01
   endloop
 endfacet
 facet normal  0.000000e+00  1.000000e+00  0.000000e+00
   outer loop
     vertex -4.352686e+02  1.270000e+03  8.206549e+01
     vertex -4.633044e+02  1.270000e+03  4.901467e+01
     vertex -4.743720e+02  1.270000e+03  6.117204e+01
   endloop
 endfacet
 facet normal  0.000000e+00  1.000000e+00  0.000000e+00
   outer loop
     vertex -4.257350e+02  1.270000e+03  7.331754e+01
     vertex -4.509299e+02  1.270000e+03  3.819044e+01
     vertex -4.633044e+02  1.270000e+03  4.901467e+01
   endloop
 endfacet
 facet normal  0.000000e+00  1.000000e+00  0.000000e+00
   outer loop
     vertex -4.257350e+02  1.270000e+03  7.331754e+01
     vertex -4.633044e+02  1.270000e+03  4.901467e+01
     vertex -4.352686e+02  1.270000e+03  8.206549e+01
   endloop
 endfacet
 facet normal  0.000000e+00  1.000000e+00  0.000000e+00
   outer loop
     vertex -4.436131e+02  1.270000e+03  9.195415e+01
     vertex -4.743720e+02  1.270000e+03  6.117204e+01
     vertex -4.839899e+02  1.270000e+03  7.450579e+01
   endloop
 endfacet
 facet normal  0.000000e+00  1.000000e+00  0.000000e+00
   outer loop
     vertex -4.436131e+02  1.270000e+03  9.195415e+01
     vertex -4.352686e+02  1.270000e+03  8.206549e+01
     vertex -4.743720e+02  1.270000e+03  6.117204e+01
   endloop
 endfacet
 facet normal  0.000000e+00  1.000000e+00  0.000000e+00
   outer loop
     vertex -4.037026e+02  1.270000e+03  5.317922e+01
     vertex -4.016905e+02  1.270000e+03  4.777665e+01
     vertex -4.374080e+02  1.270000e+03  2.883893e+01
   endloop
 endfacet
 facet normal  0.000000e+00  1.000000e+00  0.000000e+00
   outer loop
     vertex -4.151669e+02  1.270000e+03  6.585219e+01
     vertex -4.374080e+02  1.270000e+03  2.883893e+01
     vertex -4.509299e+02  1.270000e+03  3.819044e+01
   endloop
 endfacet
 facet normal  0.000000e+00  1.000000e+00  0.000000e+00
   outer loop
     vertex -4.151669e+02  1.270000e+03  6.585219e+01
     vertex -4.509299e+02  1.270000e+03  3.819044e+01
     vertex -4.257350e+02  1.270000e+03  7.331754e+01
   endloop
 endfacet
 facet normal  0.000000e+00  1.000000e+00  0.000000e+00
   outer loop
     vertex -4.066959e+02  1.270000e+03  5.810629e+01
     vertex -4.037026e+02  1.270000e+03  5.317922e+01
     vertex -4.374080e+02  1.270000e+03  2.883893e+01
   endloop
 endfacet
 facet normal  0.000000e+00  1.000000e+00  0.000000e+00
   outer loop
     vertex -4.105635e+02  1.270000e+03  6.238160e+01
     vertex -4.374080e+02  1.270000e+03  2.883893e+01
     vertex -4.151669e+02  1.270000e+03  6.585219e+01
   endloop
 endfacet
 facet normal  0.000000e+00  1.000000e+00  0.000000e+00
   outer loop
     vertex -4.105635e+02  1.270000e+03  6.238160e+01
     vertex -4.066959e+02  1.270000e+03  5.810629e+01
     vertex -4.374080e+02  1.270000e+03  2.883893e+01
   endloop
 endfacet
 facet normal  0.000000e+00  1.000000e+00  0.000000e+00
   outer loop
     vertex -4.506331e+02  1.270000e+03  1.028232e+02
     vertex -4.839899e+02  1.270000e+03  7.450579e+01
     vertex -4.920341e+02  1.270000e+03  8.884397e+01
   endloop
 endfacet
 facet normal  0.000000e+00  1.000000e+00  0.000000e+00
   outer loop
     vertex -4.506331e+02  1.270000e+03  1.028232e+02
     vertex -4.436131e+02  1.270000e+03  9.195415e+01
     vertex -4.839899e+02  1.270000e+03  7.450579e+01
   endloop
 endfacet
 facet normal  0.000000e+00  1.000000e+00  0.000000e+00
   outer loop
     vertex -4.562149e+02  1.270000e+03  1.144962e+02
     vertex -4.920341e+02  1.270000e+03  8.884397e+01
     vertex -4.984009e+02  1.270000e+03  1.040017e+02
   endloop
 endfacet
 facet normal  0.000000e+00  1.000000e+00  0.000000e+00
   outer loop
     vertex -4.562149e+02  1.270000e+03  1.144962e+02
     vertex -4.506331e+02  1.270000e+03  1.028232e+02
     vertex -4.920341e+02  1.270000e+03  8.884397e+01
   endloop
 endfacet
 facet normal  0.000000e+00  1.000000e+00  0.000000e+00
   outer loop
     vertex -4.602678e+02  1.270000e+03  1.267840e+02
     vertex -4.984009e+02  1.270000e+03  1.040017e+02
     vertex -5.030082e+02  1.270000e+03  1.197835e+02
   endloop
 endfacet
 facet normal  0.000000e+00  1.000000e+00  0.000000e+00
   outer loop
     vertex -4.602678e+02  1.270000e+03  1.267840e+02
     vertex -4.562149e+02  1.270000e+03  1.144962e+02
     vertex -4.984009e+02  1.270000e+03  1.040017e+02
   endloop
 endfacet
 facet normal  0.000000e+00  1.000000e+00  0.000000e+00
   outer loop
     vertex -4.627261e+02  1.270000e+03  1.394873e+02
     vertex -4.602678e+02  1.270000e+03  1.267840e+02
     vertex -5.030082e+02  1.270000e+03  1.197835e+02
   endloop
 endfacet
 facet normal  0.000000e+00  1.000000e+00  0.000000e+00
   outer loop
     vertex -4.627261e+02  1.270000e+03  1.394873e+02
     vertex -5.030082e+02  1.270000e+03  1.197835e+02
     vertex -5.057965e+02  1.270000e+03  1.359859e+02
   endloop
 endfacet
 facet normal  0.000000e+00  1.000000e+00  0.000000e+00
   outer loop
     vertex -4.635500e+02  1.270000e+03  1.524000e+02
     vertex -4.627261e+02  1.270000e+03  1.394873e+02
     vertex -5.057965e+02  1.270000e+03  1.359859e+02
   endloop
 endfacet
 facet normal  0.000000e+00  1.000000e+00  0.000000e+00
   outer loop
     vertex -4.635500e+02  1.270000e+03  1.524000e+02
     vertex -5.057965e+02  1.270000e+03  1.359859e+02
     vertex -5.067300e+02  1.270000e+03  1.524000e+02
   endloop
 endfacet
 facet normal  0.000000e+00  1.000000e+00  0.000000e+00
   outer loop
     vertex -4.635500e+02  1.270000e+03  3.699022e+02
     vertex -4.635500e+02  1.270000e+03  1.524000e+02
     vertex -5.067300e+02  1.270000e+03  1.524000e+02
   endloop
 endfacet
 facet normal  0.000000e+00  1.000000e+00  0.000000e+00
   outer loop
     vertex -4.626715e+02  1.270000e+03  3.788217e+02
     vertex -4.635500e+02  1.270000e+03  3.699022e+02
     vertex -5.067300e+02  1.270000e+03  1.524000e+02
   endloop
 endfacet
 facet normal  0.000000e+00  1.000000e+00  0.000000e+00
   outer loop
     vertex  3.619500e+02  1.270000e+03  7.620000e+00
     vertex  3.302000e+01  1.270000e+03  7.620000e+00
     vertex  3.302000e+01  1.270000e+03  1.794893e+02
   endloop
 endfacet
 facet normal  0.000000e+00  1.000000e+00  0.000000e+00
   outer loop
     vertex  3.941666e+02  1.270000e+03  1.124994e+01
     vertex  3.781602e+02  1.270000e+03  8.530346e+00
     vertex  3.619500e+02  1.270000e+03  7.620000e+00
   endloop
 endfacet
 facet normal  0.000000e+00  1.000000e+00  0.000000e+00
   outer loop
     vertex -5.067300e+02  1.270000e+03  9.652000e+02
     vertex -4.626715e+02  1.270000e+03  3.788217e+02
     vertex -5.067300e+02  1.270000e+03  1.524000e+02
   endloop
 endfacet
 facet normal  0.000000e+00  1.000000e+00  0.000000e+00
   outer loop
     vertex -5.067300e+02  1.270000e+03  9.652000e+02
     vertex -7.709056e+01  1.270000e+03  4.156222e+02
     vertex -4.178300e+02  1.270000e+03  4.156222e+02
   endloop
 endfacet
 facet normal  0.000000e+00  1.000000e+00  0.000000e+00
   outer loop
     vertex -5.067300e+02  1.270000e+03  9.652000e+02
     vertex -4.178300e+02  1.270000e+03  4.156222e+02
     vertex -4.267495e+02  1.270000e+03  4.147437e+02
   endloop
 endfacet
 facet normal  0.000000e+00  1.000000e+00  0.000000e+00
   outer loop
     vertex -5.067300e+02  1.270000e+03  9.652000e+02
     vertex -4.267495e+02  1.270000e+03  4.147437e+02
     vertex -4.353263e+02  1.270000e+03  4.121420e+02
   endloop
 endfacet
 facet normal  0.000000e+00  1.000000e+00  0.000000e+00
   outer loop
     vertex -5.067300e+02  1.270000e+03  9.652000e+02
     vertex -4.353263e+02  1.270000e+03  4.121420e+02
     vertex -4.432307e+02  1.270000e+03  4.079170e+02
   endloop
 endfacet
 facet normal  0.000000e+00  1.000000e+00  0.000000e+00
   outer loop
     vertex -5.067300e+02  1.270000e+03  9.652000e+02
     vertex -4.432307e+02  1.270000e+03  4.079170e+02
     vertex -4.501589e+02  1.270000e+03  4.022311e+02
   endloop
 endfacet
 facet normal  0.000000e+00  1.000000e+00  0.000000e+00
   outer loop
     vertex -5.067300e+02  1.270000e+03  9.652000e+02
     vertex -4.501589e+02  1.270000e+03  4.022311e+02
     vertex -4.558448e+02  1.270000e+03  3.953028e+02
   endloop
 endfacet
 facet normal  0.000000e+00  1.000000e+00  0.000000e+00
   outer loop
     vertex -5.067300e+02  1.270000e+03  9.652000e+02
     vertex -4.558448e+02  1.270000e+03  3.953028e+02
     vertex -4.600698e+02  1.270000e+03  3.873985e+02
   endloop
 endfacet
 facet normal  0.000000e+00  1.000000e+00  0.000000e+00
   outer loop
     vertex -5.067300e+02  1.270000e+03  9.652000e+02
     vertex -4.600698e+02  1.270000e+03  3.873985e+02
     vertex -4.626715e+02  1.270000e+03  3.788217e+02
   endloop
 endfacet
 facet normal  0.000000e+00  1.000000e+00  0.000000e+00
   outer loop
     vertex  4.389776e+02  1.270000e+03  2.981127e+01
     vertex  4.247677e+02  1.270000e+03  2.195773e+01
     vertex  4.097678e+02  1.270000e+03  1.574457e+01
   endloop
 endfacet
 facet normal  0.000000e+00  1.000000e+00  0.000000e+00
   outer loop
     vertex  4.389776e+02  1.270000e+03  2.981127e+01
     vertex  4.097678e+02  1.270000e+03  1.574457e+01
     vertex  3.941666e+02  1.270000e+03  1.124994e+01
   endloop
 endfacet
 facet normal  0.000000e+00  1.000000e+00  0.000000e+00
   outer loop
     vertex  4.522189e+02  1.270000e+03  3.920644e+01
     vertex  4.389776e+02  1.270000e+03  2.981127e+01
     vertex  3.941666e+02  1.270000e+03  1.124994e+01
   endloop
 endfacet
 facet normal  0.000000e+00  1.000000e+00  0.000000e+00
   outer loop
     vertex  4.522189e+02  1.270000e+03  3.920644e+01
     vertex  3.941666e+02  1.270000e+03  1.124994e+01
     vertex  3.619500e+02  1.270000e+03  7.620000e+00
   endloop
 endfacet
 facet normal  0.000000e+00  1.000000e+00  0.000000e+00
   outer loop
     vertex  4.643249e+02  1.270000e+03  5.002508e+01
     vertex  4.522189e+02  1.270000e+03  3.920644e+01
     vertex  3.619500e+02  1.270000e+03  7.620000e+00
   endloop
 endfacet
 facet normal  0.000000e+00  1.000000e+00  0.000000e+00
   outer loop
     vertex  4.845387e+02  1.270000e+03  7.537240e+01
     vertex  4.751436e+02  1.270000e+03  6.213115e+01
     vertex  4.643249e+02  1.270000e+03  5.002508e+01
   endloop
 endfacet
 facet normal  0.000000e+00  1.000000e+00  0.000000e+00
   outer loop
     vertex  4.845387e+02  1.270000e+03  7.537240e+01
     vertex  4.643249e+02  1.270000e+03  5.002508e+01
     vertex  3.619500e+02  1.270000e+03  7.620000e+00
   endloop
 endfacet
 facet normal  0.000000e+00  1.000000e+00  0.000000e+00
   outer loop
     vertex  4.986054e+02  1.270000e+03  1.045822e+02
     vertex  4.923923e+02  1.270000e+03  8.958231e+01
     vertex  4.845387e+02  1.270000e+03  7.537240e+01
   endloop
 endfacet
 facet normal  0.000000e+00  1.000000e+00  0.000000e+00
   outer loop
     vertex  4.986054e+02  1.270000e+03  1.045822e+02
     vertex  4.845387e+02  1.270000e+03  7.537240e+01
     vertex  3.619500e+02  1.270000e+03  7.620000e+00
   endloop
 endfacet
 facet normal  0.000000e+00  1.000000e+00  0.000000e+00
   outer loop
     vertex  5.058197e+02  1.270000e+03  1.361898e+02
     vertex  5.031001e+02  1.270000e+03  1.201834e+02
     vertex  4.986054e+02  1.270000e+03  1.045822e+02
   endloop
 endfacet
 facet normal  0.000000e+00  1.000000e+00  0.000000e+00
   outer loop
     vertex  5.058197e+02  1.270000e+03  1.361898e+02
     vertex  4.986054e+02  1.270000e+03  1.045822e+02
     vertex  3.619500e+02  1.270000e+03  7.620000e+00
   endloop
 endfacet
 facet normal  0.000000e+00  1.000000e+00  0.000000e+00
   outer loop
     vertex  5.067300e+02  1.270000e+03  1.524000e+02
     vertex  3.302000e+01  1.270000e+03  1.794893e+02
     vertex -7.709056e+01  1.270000e+03  4.156222e+02
   endloop
 endfacet
 facet normal  0.000000e+00  1.000000e+00  0.000000e+00
   outer loop
     vertex  5.067300e+02  1.270000e+03  1.524000e+02
     vertex  3.619500e+02  1.270000e+03  7.620000e+00
     vertex  3.302000e+01  1.270000e+03  1.794893e+02
   endloop
 endfacet
 facet normal  0.000000e+00  1.000000e+00  0.000000e+00
   outer loop
     vertex  5.067300e+02  1.270000e+03  1.524000e+02
     vertex  5.058197e+02  1.270000e+03  1.361898e+02
     vertex  3.619500e+02  1.270000e+03  7.620000e+00
   endloop
 endfacet
 facet normal  0.000000e+00  1.000000e+00  0.000000e+00
   outer loop
     vertex  5.067300e+02  1.270000e+03  9.652000e+02
     vertex -7.709056e+01  1.270000e+03  4.156222e+02
     vertex -5.067300e+02  1.270000e+03  9.652000e+02
   endloop
 endfacet
 facet normal  0.000000e+00  1.000000e+00  0.000000e+00
   outer loop
     vertex  5.067300e+02  1.270000e+03  9.652000e+02
     vertex  5.067300e+02  1.270000e+03  1.524000e+02
     vertex -7.709056e+01  1.270000e+03  4.156222e+02
   endloop
 endfacet
 facet normal  0.000000e+00  1.000000e+00  0.000000e+00
   outer loop
     vertex -3.768607e+02  2.540000e+02  8.389866e+00
     vertex -3.842665e+02  2.540000e+02  9.350279e+00
     vertex -3.841462e+02  2.540000e+02  1.046770e+01
   endloop
 endfacet
 facet normal  0.000000e+00  1.000000e+00  0.000000e+00
   outer loop
     vertex -3.768607e+02  2.540000e+02  8.389866e+00
     vertex -3.841462e+02  2.540000e+02  1.046770e+01
     vertex -3.841915e+02  2.540000e+02  1.159067e+01
   endloop
 endfacet
 facet normal  0.000000e+00  1.000000e+00  0.000000e+00
   outer loop
     vertex -3.768607e+02  2.540000e+02  8.389866e+00
     vertex -3.841915e+02  2.540000e+02  1.159067e+01
     vertex -3.844015e+02  2.540000e+02  1.269475e+01
   endloop
 endfacet
 facet normal  0.000000e+00  1.000000e+00  0.000000e+00
   outer loop
     vertex -3.694153e+02  2.540000e+02  7.812595e+00
     vertex -3.768607e+02  2.540000e+02  8.389866e+00
     vertex -3.844015e+02  2.540000e+02  1.269475e+01
   endloop
 endfacet
 facet normal  0.000000e+00  1.000000e+00  0.000000e+00
   outer loop
     vertex -3.943302e+02  2.540000e+02  4.974885e+01
     vertex -3.619500e+02  2.540000e+02  7.620000e+00
     vertex -3.694153e+02  2.540000e+02  7.812595e+00
   endloop
 endfacet
 facet normal  0.000000e+00  1.000000e+00  0.000000e+00
   outer loop
     vertex -3.943302e+02  2.540000e+02  4.974885e+01
     vertex -3.694153e+02  2.540000e+02  7.812595e+00
     vertex -3.844015e+02  2.540000e+02  1.269475e+01
   endloop
 endfacet
 facet normal  0.000000e+00  1.000000e+00  0.000000e+00
   outer loop
     vertex -3.968452e+02  2.540000e+02  5.650206e+01
     vertex -3.619500e+02  2.540000e+02  7.620000e+00
     vertex -3.943302e+02  2.540000e+02  4.974885e+01
   endloop
 endfacet
 facet normal  0.000000e+00  1.000000e+00  0.000000e+00
   outer loop
     vertex -4.404279e+02  2.540000e+02  1.006945e+02
     vertex -4.222730e+02  2.540000e+02  8.033492e+01
     vertex -4.320931e+02  2.540000e+02  8.985252e+01
   endloop
 endfacet
 facet normal  0.000000e+00  1.000000e+00  0.000000e+00
   outer loop
     vertex -4.111756e+02  2.540000e+02  7.234327e+01
     vertex -4.222730e+02  2.540000e+02  8.033492e+01
     vertex -4.404279e+02  2.540000e+02  1.006945e+02
   endloop
 endfacet
 facet normal  0.000000e+00  1.000000e+00  0.000000e+00
   outer loop
     vertex -4.549350e+02  2.540000e+02  1.387608e+02
     vertex -4.404279e+02  2.540000e+02  1.006945e+02
     vertex -4.471010e+02  2.540000e+02  1.126314e+02
   endloop
 endfacet
 facet normal  0.000000e+00  1.000000e+00  0.000000e+00
   outer loop
     vertex -4.549350e+02  2.540000e+02  1.387608e+02
     vertex -4.471010e+02  2.540000e+02  1.126314e+02
     vertex -4.519711e+02  2.540000e+02  1.254103e+02
   endloop
 endfacet
 facet normal  0.000000e+00  1.000000e+00  0.000000e+00
   outer loop
     vertex -4.559300e+02  2.540000e+02  1.524000e+02
     vertex -4.054214e+02  2.540000e+02  6.800504e+01
     vertex -4.111756e+02  2.540000e+02  7.234327e+01
   endloop
 endfacet
 facet normal  0.000000e+00  1.000000e+00  0.000000e+00
   outer loop
     vertex -4.559300e+02  2.540000e+02  1.524000e+02
     vertex -4.111756e+02  2.540000e+02  7.234327e+01
     vertex -4.404279e+02  2.540000e+02  1.006945e+02
   endloop
 endfacet
 facet normal  0.000000e+00  1.000000e+00  0.000000e+00
   outer loop
     vertex -4.559300e+02  2.540000e+02  1.524000e+02
     vertex -4.404279e+02  2.540000e+02  1.006945e+02
     vertex -4.549350e+02  2.540000e+02  1.387608e+02
   endloop
 endfacet
 facet normal  0.000000e+00  1.000000e+00  0.000000e+00
   outer loop
     vertex -4.476178e+02  2.540000e+02  3.936571e+02
     vertex -4.549748e+02  2.540000e+02  3.783802e+02
     vertex -4.521569e+02  2.540000e+02  3.864331e+02
   endloop
 endfacet
 facet normal  0.000000e+00  1.000000e+00  0.000000e+00
   outer loop
     vertex -4.343610e+02  2.540000e+02  4.042291e+02
     vertex -4.559300e+02  2.540000e+02  3.699022e+02
     vertex -4.549748e+02  2.540000e+02  3.783802e+02
   endloop
 endfacet
 facet normal  0.000000e+00  1.000000e+00  0.000000e+00
   outer loop
     vertex -4.343610e+02  2.540000e+02  4.042291e+02
     vertex -4.476178e+02  2.540000e+02  3.936571e+02
     vertex -4.415850e+02  2.540000e+02  3.996900e+02
   endloop
 endfacet
 facet normal  0.000000e+00  1.000000e+00  0.000000e+00
   outer loop
     vertex -4.343610e+02  2.540000e+02  4.042291e+02
     vertex -4.549748e+02  2.540000e+02  3.783802e+02
     vertex -4.476178e+02  2.540000e+02  3.936571e+02
   endloop
 endfacet
 facet normal  0.000000e+00  1.000000e+00  0.000000e+00
   outer loop
     vertex -4.178300e+02  2.540000e+02  4.080022e+02
     vertex -4.559300e+02  2.540000e+02  1.524000e+02
     vertex -4.559300e+02  2.540000e+02  3.699022e+02
   endloop
 endfacet
 facet normal  0.000000e+00  1.000000e+00  0.000000e+00
   outer loop
     vertex -4.178300e+02  2.540000e+02  4.080022e+02
     vertex -4.343610e+02  2.540000e+02  4.042291e+02
     vertex -4.263080e+02  2.540000e+02  4.070469e+02
   endloop
 endfacet
 facet normal  0.000000e+00  1.000000e+00  0.000000e+00
   outer loop
     vertex -4.178300e+02  2.540000e+02  4.080022e+02
     vertex -4.559300e+02  2.540000e+02  3.699022e+02
     vertex -4.343610e+02  2.540000e+02  4.042291e+02
   endloop
 endfacet
 facet normal  0.000000e+00  1.000000e+00  0.000000e+00
   outer loop
     vertex  2.540000e+01  2.540000e+02  1.778000e+02
     vertex  2.540000e+01  2.540000e+02  7.620000e+00
     vertex -3.619500e+02  2.540000e+02  7.620000e+00
   endloop
 endfacet
 facet normal  0.000000e+00  1.000000e+00  0.000000e+00
   outer loop
     vertex  2.540000e+01  2.540000e+02  1.778000e+02
     vertex -3.968452e+02  2.540000e+02  5.650206e+01
     vertex -4.005869e+02  2.540000e+02  6.266091e+01
   endloop
 endfacet
 facet normal  0.000000e+00  1.000000e+00  0.000000e+00
   outer loop
     vertex  2.540000e+01  2.540000e+02  1.778000e+02
     vertex -3.619500e+02  2.540000e+02  7.620000e+00
     vertex -3.968452e+02  2.540000e+02  5.650206e+01
   endloop
 endfacet
 facet normal  0.000000e+00  1.000000e+00  0.000000e+00
   outer loop
     vertex -8.194504e+01  2.540000e+02  4.080022e+02
     vertex -4.005869e+02  2.540000e+02  6.266091e+01
     vertex -4.054214e+02  2.540000e+02  6.800504e+01
   endloop
 endfacet
 facet normal  0.000000e+00  1.000000e+00  0.000000e+00
   outer loop
     vertex -8.194504e+01  2.540000e+02  4.080022e+02
     vertex  2.540000e+01  2.540000e+02  1.778000e+02
     vertex -4.005869e+02  2.540000e+02  6.266091e+01
   endloop
 endfacet
 facet normal  0.000000e+00  1.000000e+00  0.000000e+00
   outer loop
     vertex -8.194504e+01  2.540000e+02  4.080022e+02
     vertex -4.054214e+02  2.540000e+02  6.800504e+01
     vertex -4.559300e+02  2.540000e+02  1.524000e+02
   endloop
 endfacet
 facet normal  0.000000e+00  1.000000e+00  0.000000e+00
   outer loop
     vertex -8.194504e+01  2.540000e+02  4.080022e+02
     vertex -4.559300e+02  2.540000e+02  1.524000e+02
     vertex -4.178300e+02  2.540000e+02  4.080022e+02
   endloop
 endfacet
 facet normal  9.659258e-01  0.000000e+00  2.588190e-01
   outer loop
     vertex -3.943302e+02  1.262380e+03  4.974885e+01
     vertex -3.943302e+02  2.540000e+02  4.974885e+01
     vertex -3.844015e+02  2.540000e+02  1.269475e+01
   endloop
 endfacet
 facet normal  9.659258e-01 -1.469480e-18  2.588190e-01
   outer loop
     vertex -3.943302e+02  1.262380e+03  4.974885e+01
     vertex -3.844015e+02  2.540000e+02  1.269475e+01
     vertex -3.844015e+02  1.262380e+03  1.269475e+01
   endloop
 endfacet
 facet normal  0.000000e+00 -0.000000e+00 -1.000000e+00
   outer loop
     vertex -8.194504e+01  1.262380e+03  4.080022e+02
     vertex -8.194504e+01  2.540000e+02  4.080022e+02
     vertex -4.178300e+02  2.540000e+02  4.080022e+02
   endloop
 endfacet
 facet normal -0.000000e+00  0.000000e+00 -1.000000e+00
   outer loop
     vertex -8.194504e+01  1.262380e+03  4.080022e+02
     vertex -4.178300e+02  2.540000e+02  4.080022e+02
     vertex -4.178300e+02  1.262380e+03  4.080022e+02
   endloop
 endfacet
 facet normal  9.937122e-01  0.000000e+00 -1.119645e-01
   outer loop
     vertex -4.549748e+02  1.262380e+03  3.783802e+02
     vertex -4.549748e+02  2.540000e+02  3.783802e+02
     vertex -4.559300e+02  2.540000e+02  3.699022e+02
   endloop
 endfacet
 facet normal  9.937122e-01  0.000000e+00 -1.119645e-01
   outer loop
     vertex -4.549748e+02  1.262380e+03  3.783802e+02
     vertex -4.559300e+02  2.540000e+02  3.699022e+02
     vertex -4.559300e+02  1.262380e+03  3.699022e+02
   endloop
 endfacet
 facet normal  9.438833e-01  0.000000e+00 -3.302791e-01
   outer loop
     vertex -4.521569e+02  1.262380e+03  3.864331e+02
     vertex -4.521569e+02  2.540000e+02  3.864331e+02
     vertex -4.549748e+02  2.540000e+02  3.783802e+02
   endloop
 endfacet
 facet normal  9.438833e-01  0.000000e+00 -3.302791e-01
   outer loop
     vertex -4.521569e+02  1.262380e+03  3.864331e+02
     vertex -4.549748e+02  2.540000e+02  3.783802e+02
     vertex -4.549748e+02  1.262380e+03  3.783802e+02
   endloop
 endfacet
 facet normal  8.467242e-01  0.000000e+00 -5.320321e-01
   outer loop
     vertex -4.476178e+02  1.262380e+03  3.936571e+02
     vertex -4.476178e+02  2.540000e+02  3.936571e+02
     vertex -4.521569e+02  2.540000e+02  3.864331e+02
   endloop
 endfacet
 facet normal  8.467242e-01  0.000000e+00 -5.320321e-01
   outer loop
     vertex -4.476178e+02  1.262380e+03  3.936571e+02
     vertex -4.521569e+02  2.540000e+02  3.864331e+02
     vertex -4.521569e+02  1.262380e+03  3.864331e+02
   endloop
 endfacet
 facet normal  7.071068e-01  0.000000e+00 -7.071068e-01
   outer loop
     vertex -4.415850e+02  1.262380e+03  3.996900e+02
     vertex -4.415850e+02  2.540000e+02  3.996900e+02
     vertex -4.476178e+02  2.540000e+02  3.936571e+02
   endloop
 endfacet
 facet normal  7.071068e-01  0.000000e+00 -7.071068e-01
   outer loop
     vertex -4.415850e+02  1.262380e+03  3.996900e+02
     vertex -4.476178e+02  2.540000e+02  3.936571e+02
     vertex -4.476178e+02  1.262380e+03  3.936571e+02
   endloop
 endfacet
 facet normal  5.320321e-01  0.000000e+00 -8.467242e-01
   outer loop
     vertex -4.343610e+02  1.262380e+03  4.042291e+02
     vertex -4.343610e+02  2.540000e+02  4.042291e+02
     vertex -4.415850e+02  2.540000e+02  3.996900e+02
   endloop
 endfacet
 facet normal  5.320321e-01  0.000000e+00 -8.467242e-01
   outer loop
     vertex -4.343610e+02  1.262380e+03  4.042291e+02
     vertex -4.415850e+02  2.540000e+02  3.996900e+02
     vertex -4.415850e+02  1.262380e+03  3.996900e+02
   endloop
 endfacet
 facet normal  3.302791e-01  0.000000e+00 -9.438833e-01
   outer loop
     vertex -4.263080e+02  1.262380e+03  4.070469e+02
     vertex -4.263080e+02  2.540000e+02  4.070469e+02
     vertex -4.343610e+02  2.540000e+02  4.042291e+02
   endloop
 endfacet
 facet normal  3.302791e-01  0.000000e+00 -9.438833e-01
   outer loop
     vertex -4.263080e+02  1.262380e+03  4.070469e+02
     vertex -4.343610e+02  2.540000e+02  4.042291e+02
     vertex -4.343610e+02  1.262380e+03  4.042291e+02
   endloop
 endfacet
 facet normal  1.119645e-01  0.000000e+00 -9.937122e-01
   outer loop
     vertex -4.178300e+02  1.262380e+03  4.080022e+02
     vertex -4.178300e+02  2.540000e+02  4.080022e+02
     vertex -4.263080e+02  2.540000e+02  4.070469e+02
   endloop
 endfacet
 facet normal  1.119645e-01  0.000000e+00 -9.937122e-01
   outer loop
     vertex -4.178300e+02  1.262380e+03  4.080022e+02
     vertex -4.263080e+02  2.540000e+02  4.070469e+02
     vertex -4.263080e+02  1.262380e+03  4.070469e+02
   endloop
 endfacet
 facet normal  1.000000e+00  0.000000e+00  0.000000e+00
   outer loop
     vertex -4.559300e+02  1.262380e+03  3.699022e+02
     vertex -4.559300e+02  2.540000e+02  3.699022e+02
     vertex -4.559300e+02  2.540000e+02  1.524000e+02
   endloop
 endfacet
 facet normal  1.000000e+00  0.000000e+00  0.000000e+00
   outer loop
     vertex -4.559300e+02  1.262380e+03  3.699022e+02
     vertex -4.559300e+02  2.540000e+02  1.524000e+02
     vertex -4.559300e+02  1.262380e+03  1.524000e+02
   endloop
 endfacet
 facet normal  5.843782e-01  0.000000e+00  8.114814e-01
   outer loop
     vertex -4.111756e+02  1.262380e+03  7.234327e+01
     vertex -4.222730e+02  2.540000e+02  8.033492e+01
     vertex -4.111756e+02  2.540000e+02  7.234327e+01
   endloop
 endfacet
 facet normal  5.843782e-01  0.000000e+00  8.114814e-01
   outer loop
     vertex -4.222730e+02  1.262380e+03  8.033492e+01
     vertex -4.222730e+02  2.540000e+02  8.033492e+01
     vertex -4.111756e+02  1.262380e+03  7.234327e+01
   endloop
 endfacet
 facet normal  6.959608e-01  0.000000e+00  7.180797e-01
   outer loop
     vertex -4.320931e+02  1.262380e+03  8.985252e+01
     vertex -4.320931e+02  2.540000e+02  8.985252e+01
     vertex -4.222730e+02  2.540000e+02  8.033492e+01
   endloop
 endfacet
 facet normal  6.959608e-01  0.000000e+00  7.180797e-01
   outer loop
     vertex -4.320931e+02  1.262380e+03  8.985252e+01
     vertex -4.222730e+02  2.540000e+02  8.033492e+01
     vertex -4.222730e+02  1.262380e+03  8.033492e+01
   endloop
 endfacet
 facet normal  7.928068e-01  0.000000e+00  6.094730e-01
   outer loop
     vertex -4.404279e+02  1.262380e+03  1.006945e+02
     vertex -4.404279e+02  2.540000e+02  1.006945e+02
     vertex -4.320931e+02  2.540000e+02  8.985252e+01
   endloop
 endfacet
 facet normal  8.728654e-01  0.000000e+00  4.879610e-01
   outer loop
     vertex -4.404279e+02  1.262380e+03  1.006945e+02
     vertex -4.471010e+02  2.540000e+02  1.126314e+02
     vertex -4.404279e+02  2.540000e+02  1.006945e+02
   endloop
 endfacet
 facet normal  7.928068e-01  0.000000e+00  6.094730e-01
   outer loop
     vertex -4.404279e+02  1.262380e+03  1.006945e+02
     vertex -4.320931e+02  2.540000e+02  8.985252e+01
     vertex -4.320931e+02  1.262380e+03  8.985252e+01
   endloop
 endfacet
 facet normal  8.728654e-01  0.000000e+00  4.879610e-01
   outer loop
     vertex -4.471010e+02  1.262380e+03  1.126314e+02
     vertex -4.471010e+02  2.540000e+02  1.126314e+02
     vertex -4.404279e+02  1.262380e+03  1.006945e+02
   endloop
 endfacet
 facet normal  9.344415e-01  0.000000e+00  3.561166e-01
   outer loop
     vertex -4.519711e+02  1.262380e+03  1.254103e+02
     vertex -4.519711e+02  2.540000e+02  1.254103e+02
     vertex -4.471010e+02  2.540000e+02  1.126314e+02
   endloop
 endfacet
 facet normal  9.762312e-01  0.000000e+00  2.167316e-01
   outer loop
     vertex -4.519711e+02  1.262380e+03  1.254103e+02
     vertex -4.549350e+02  2.540000e+02  1.387608e+02
     vertex -4.519711e+02  2.540000e+02  1.254103e+02
   endloop
 endfacet
 facet normal  9.344415e-01  0.000000e+00  3.561166e-01
   outer loop
     vertex -4.519711e+02  1.262380e+03  1.254103e+02
     vertex -4.471010e+02  2.540000e+02  1.126314e+02
     vertex -4.471010e+02  1.262380e+03  1.126314e+02
   endloop
 endfacet
 facet normal  9.973497e-01  0.000000e+00  7.275740e-02
   outer loop
     vertex -4.549350e+02  1.262380e+03  1.387608e+02
     vertex -4.559300e+02  2.540000e+02  1.524000e+02
     vertex -4.549350e+02  2.540000e+02  1.387608e+02
   endloop
 endfacet
 facet normal  9.762312e-01  0.000000e+00  2.167316e-01
   outer loop
     vertex -4.549350e+02  1.262380e+03  1.387608e+02
     vertex -4.549350e+02  2.540000e+02  1.387608e+02
     vertex -4.519711e+02  1.262380e+03  1.254103e+02
   endloop
 endfacet
 facet normal  9.973497e-01  0.000000e+00  7.275740e-02
   outer loop
     vertex -4.559300e+02  1.262380e+03  1.524000e+02
     vertex -4.559300e+02  2.540000e+02  1.524000e+02
     vertex -4.549350e+02  1.262380e+03  1.387608e+02
   endloop
 endfacet
 facet normal  6.020012e-01  0.000000e+00  7.984952e-01
   outer loop
     vertex -4.111756e+02  1.262380e+03  7.234327e+01
     vertex -4.111756e+02  2.540000e+02  7.234327e+01
     vertex -4.054214e+02  2.540000e+02  6.800504e+01
   endloop
 endfacet
 facet normal  6.020012e-01 -1.125300e-17  7.984952e-01
   outer loop
     vertex -4.054214e+02  1.262380e+03  6.800504e+01
     vertex -4.111756e+02  1.262380e+03  7.234327e+01
     vertex -4.054214e+02  2.540000e+02  6.800504e+01
   endloop
 endfacet
 facet normal  7.415859e-01 -4.727119e-18  6.708579e-01
   outer loop
     vertex -4.005869e+02  1.262380e+03  6.266091e+01
     vertex -4.054214e+02  2.540000e+02  6.800504e+01
     vertex -4.005869e+02  2.540000e+02  6.266091e+01
   endloop
 endfacet
 facet normal  7.415859e-01 -9.289106e-18  6.708579e-01
   outer loop
     vertex -4.005869e+02  1.262380e+03  6.266091e+01
     vertex -4.054214e+02  1.262380e+03  6.800504e+01
     vertex -4.054214e+02  2.540000e+02  6.800504e+01
   endloop
 endfacet
 facet normal  8.546402e-01  0.000000e+00  5.192206e-01
   outer loop
     vertex -3.968452e+02  1.262380e+03  5.650206e+01
     vertex -4.005869e+02  2.540000e+02  6.266091e+01
     vertex -3.968452e+02  2.540000e+02  5.650206e+01
   endloop
 endfacet
 facet normal  8.546402e-01 -3.422302e-18  5.192206e-01
   outer loop
     vertex -3.968452e+02  1.262380e+03  5.650206e+01
     vertex -4.005869e+02  1.262380e+03  6.266091e+01
     vertex -4.005869e+02  2.540000e+02  6.266091e+01
   endloop
 endfacet
 facet normal  9.371197e-01  0.000000e+00  3.490082e-01
   outer loop
     vertex -3.943302e+02  1.262380e+03  4.974885e+01
     vertex -3.968452e+02  2.540000e+02  5.650206e+01
     vertex -3.943302e+02  2.540000e+02  4.974885e+01
   endloop
 endfacet
 facet normal  9.371197e-01  0.000000e+00  3.490082e-01
   outer loop
     vertex -3.943302e+02  1.262380e+03  4.974885e+01
     vertex -3.968452e+02  1.262380e+03  5.650206e+01
     vertex -3.968452e+02  2.540000e+02  5.650206e+01
   endloop
 endfacet
 facet normal -1.000000e+00  0.000000e+00  0.000000e+00
   outer loop
     vertex  2.540000e+01  1.262380e+03  7.620000e+00
     vertex  2.540000e+01  2.540000e+02  1.778000e+02
     vertex  2.540000e+01  1.262380e+03  1.778000e+02
   endloop
 endfacet
 facet normal -1.000000e+00 -0.000000e+00  0.000000e+00
   outer loop
     vertex  2.540000e+01  1.262380e+03  7.620000e+00
     vertex  2.540000e+01  2.540000e+02  7.620000e+00
     vertex  2.540000e+01  2.540000e+02  1.778000e+02
   endloop
 endfacet
 facet normal -9.063078e-01 -0.000000e+00 -4.226183e-01
   outer loop
     vertex  2.540000e+01  1.262380e+03  1.778000e+02
     vertex  2.540000e+01  2.540000e+02  1.778000e+02
     vertex -8.194504e+01  2.540000e+02  4.080022e+02
   endloop
 endfacet
 facet normal -9.063078e-01  0.000000e+00 -4.226183e-01
   outer loop
     vertex  2.540000e+01  1.262380e+03  1.778000e+02
     vertex -8.194504e+01  2.540000e+02  4.080022e+02
     vertex -8.194504e+01  1.262380e+03  4.080022e+02
   endloop
 endfacet
 facet normal  9.937122e-01 -1.119645e-01  7.505487e-17
   outer loop
     vertex  5.143500e+02  7.620000e+00  3.027218e+02
     vertex  5.143500e+02  7.620000e+00  9.652000e+02
     vertex  5.141590e+02  5.924390e+00  9.652000e+02
   endloop
 endfacet
 facet normal  9.438833e-01 -3.302791e-01  2.573188e-05
   outer loop
     vertex  5.141196e+02  5.760322e+00  3.032290e+02
     vertex  5.141590e+02  5.924390e+00  9.652000e+02
     vertex  5.135954e+02  4.313806e+00  9.652000e+02
   endloop
 endfacet
 facet normal  9.924108e-01 -1.229668e-01 -2.853577e-05
   outer loop
     vertex  5.141196e+02  5.760322e+00  3.032290e+02
     vertex  5.143500e+02  7.620000e+00  3.027218e+02
     vertex  5.141590e+02  5.924390e+00  9.652000e+02
   endloop
 endfacet
 facet normal  8.467242e-01 -5.320321e-01  3.825082e-05
   outer loop
     vertex  5.134750e+02  4.074604e+00  3.036887e+02
     vertex  5.135954e+02  4.313806e+00  9.652000e+02
     vertex  5.126876e+02  2.869008e+00  9.652000e+02
   endloop
 endfacet
 facet normal  9.340330e-01 -3.571867e-01 -4.086617e-05
   outer loop
     vertex  5.134750e+02  4.074604e+00  3.036887e+02
     vertex  5.141196e+02  5.760322e+00  3.032290e+02
     vertex  5.135954e+02  4.313806e+00  9.652000e+02
   endloop
 endfacet
 facet normal  7.071068e-01 -7.071068e-01  3.557313e-05
   outer loop
     vertex  5.125317e+02  2.679895e+00  3.040691e+02
     vertex  5.126876e+02  2.869008e+00  9.652000e+02
     vertex  5.114810e+02  1.662444e+00  9.652000e+02
   endloop
 endfacet
 facet normal  8.283388e-01 -5.602275e-01 -3.501947e-05
   outer loop
     vertex  5.125317e+02  2.679895e+00  3.040691e+02
     vertex  5.134750e+02  4.074604e+00  3.036887e+02
     vertex  5.126876e+02  2.869008e+00  9.652000e+02
   endloop
 endfacet
 facet normal  5.320321e-01 -8.467242e-01  3.465046e-05
   outer loop
     vertex  5.112931e+02  1.517372e+00  3.043862e+02
     vertex  5.114810e+02  1.662444e+00  9.652000e+02
     vertex  5.100362e+02  7.546172e-01  9.652000e+02
   endloop
 endfacet
 facet normal  6.843683e-01 -7.291365e-01 -3.446711e-05
   outer loop
     vertex  5.112931e+02  1.517372e+00  3.043862e+02
     vertex  5.125317e+02  2.679895e+00  3.040691e+02
     vertex  5.114810e+02  1.662444e+00  9.652000e+02
   endloop
 endfacet
 facet normal  3.302791e-01 -9.438833e-01  3.031896e-05
   outer loop
     vertex  5.098523e+02  6.690385e-01  3.046175e+02
     vertex  5.100362e+02  7.546172e-01  9.652000e+02
     vertex  5.084256e+02  1.910493e-01  9.652000e+02
   endloop
 endfacet
 facet normal  5.073516e-01 -8.617391e-01 -2.962622e-05
   outer loop
     vertex  5.098523e+02  6.690385e-01  3.046175e+02
     vertex  5.112931e+02  1.517372e+00  3.043862e+02
     vertex  5.100362e+02  7.546172e-01  9.652000e+02
   endloop
 endfacet
 facet normal  3.112306e-01 -9.503344e-01 -1.548766e-05
   outer loop
     vertex  5.083244e+02  1.686816e-01  3.047540e+02
     vertex  5.098523e+02  6.690385e-01  3.046175e+02
     vertex  5.084256e+02  1.910493e-01  9.652000e+02
   endloop
 endfacet
 facet normal  1.119645e-01 -9.937122e-01  7.210679e-05
   outer loop
     vertex  5.075168e+02  4.072430e-02  3.047889e+02
     vertex  5.084256e+02  1.910493e-01  9.652000e+02
     vertex  5.067300e+02  0.000000e+00  9.652000e+02
   endloop
 endfacet
 facet normal  1.564724e-01 -9.876823e-01  9.482529e-06
   outer loop
     vertex  5.075168e+02  4.072430e-02  3.047889e+02
     vertex  5.083244e+02  1.686816e-01  3.047540e+02
     vertex  5.084256e+02  1.910493e-01  9.652000e+02
   endloop
 endfacet
 facet normal  5.169331e-02 -9.986630e-01  6.033509e-17
   outer loop
     vertex  5.067300e+02 -3.989864e-14  3.048000e+02
     vertex  5.075168e+02  4.072430e-02  3.047889e+02
     vertex  5.067300e+02  0.000000e+00  9.652000e+02
   endloop
 endfacet
 facet normal  1.119645e-01  9.937122e-01  0.000000e+00
   outer loop
     vertex -4.618544e+02  1.269809e+03  1.524000e+02
     vertex -4.635500e+02  1.270000e+03  1.524000e+02
     vertex -4.635500e+02  1.270000e+03  3.699022e+02
   endloop
 endfacet
 facet normal  1.119645e-01  9.937122e-01  2.926152e-17
   outer loop
     vertex -4.618544e+02  1.269809e+03  1.524000e+02
     vertex -4.635500e+02  1.270000e+03  3.699022e+02
     vertex -4.618544e+02  1.269809e+03  3.699022e+02
   endloop
 endfacet
 facet normal  5.320321e-01  8.467242e-01  8.851534e-16
   outer loop
     vertex -4.602438e+02  1.269245e+03  1.524000e+02
     vertex -4.602438e+02  1.269245e+03  3.699022e+02
     vertex -4.587990e+02  1.268338e+03  3.699022e+02
   endloop
 endfacet
 facet normal  3.302791e-01  9.438833e-01  9.867222e-16
   outer loop
     vertex -4.602438e+02  1.269245e+03  1.524000e+02
     vertex -4.618544e+02  1.269809e+03  3.699022e+02
     vertex -4.602438e+02  1.269245e+03  3.699022e+02
   endloop
 endfacet
 facet normal  3.302791e-01  9.438833e-01  8.645284e-17
   outer loop
     vertex -4.602438e+02  1.269245e+03  1.524000e+02
     vertex -4.618544e+02  1.269809e+03  1.524000e+02
     vertex -4.618544e+02  1.269809e+03  3.699022e+02
   endloop
 endfacet
 facet normal  5.320321e-01  8.467242e-01 -0.000000e+00
   outer loop
     vertex -4.587990e+02  1.268338e+03  1.524000e+02
     vertex -4.602438e+02  1.269245e+03  1.524000e+02
     vertex -4.587990e+02  1.268338e+03  3.699022e+02
   endloop
 endfacet
 facet normal  7.071068e-01  7.071068e-01  1.847998e-16
   outer loop
     vertex -4.575924e+02  1.267131e+03  1.524000e+02
     vertex -4.587990e+02  1.268338e+03  3.699022e+02
     vertex -4.575924e+02  1.267131e+03  3.699022e+02
   endloop
 endfacet
 facet normal  7.071068e-01  7.071068e-01  0.000000e+00
   outer loop
     vertex -4.575924e+02  1.267131e+03  1.524000e+02
     vertex -4.587990e+02  1.268338e+03  1.524000e+02
     vertex -4.587990e+02  1.268338e+03  3.699022e+02
   endloop
 endfacet
 facet normal  8.467242e-01  5.320321e-01  2.212884e-16
   outer loop
     vertex -4.566846e+02  1.265686e+03  1.524000e+02
     vertex -4.575924e+02  1.267131e+03  3.699022e+02
     vertex -4.566846e+02  1.265686e+03  3.699022e+02
   endloop
 endfacet
 facet normal  8.467242e-01  5.320321e-01  2.213671e-16
   outer loop
     vertex -4.566846e+02  1.265686e+03  1.524000e+02
     vertex -4.575924e+02  1.267131e+03  1.524000e+02
     vertex -4.575924e+02  1.267131e+03  3.699022e+02
   endloop
 endfacet
 facet normal  9.438833e-01  3.302791e-01  2.466805e-16
   outer loop
     vertex -4.561210e+02  1.264076e+03  1.524000e+02
     vertex -4.566846e+02  1.265686e+03  3.699022e+02
     vertex -4.561210e+02  1.264076e+03  3.699022e+02
   endloop
 endfacet
 facet normal  9.438833e-01  3.302791e-01  2.464953e-16
   outer loop
     vertex -4.561210e+02  1.264076e+03  1.524000e+02
     vertex -4.566846e+02  1.265686e+03  1.524000e+02
     vertex -4.566846e+02  1.265686e+03  3.699022e+02
   endloop
 endfacet
 facet normal  9.937122e-01  1.119645e-01 -0.000000e+00
   outer loop
     vertex -4.559300e+02  1.262380e+03  1.524000e+02
     vertex -4.561210e+02  1.264076e+03  3.699022e+02
     vertex -4.559300e+02  1.262380e+03  3.699022e+02
   endloop
 endfacet
 facet normal  9.937122e-01  1.119645e-01  2.596577e-16
   outer loop
     vertex -4.559300e+02  1.262380e+03  1.524000e+02
     vertex -4.561210e+02  1.264076e+03  1.524000e+02
     vertex -4.561210e+02  1.264076e+03  3.699022e+02
   endloop
 endfacet
 facet normal  1.119577e-01  9.936518e-01 -1.102687e-02
   outer loop
     vertex -4.626715e+02  1.270000e+03  3.788217e+02
     vertex -4.618544e+02  1.269809e+03  3.699022e+02
     vertex -4.635500e+02  1.270000e+03  3.699022e+02
   endloop
 endfacet
 facet normal  1.102687e-02  9.936518e-01 -1.119577e-01
   outer loop
     vertex -4.178300e+02  1.269809e+03  4.139266e+02
     vertex -4.267495e+02  1.270000e+03  4.147437e+02
     vertex -4.178300e+02  1.270000e+03  4.156222e+02
   endloop
 endfacet
 facet normal -1.003891e-02  9.438358e-01 -3.302624e-01
   outer loop
     vertex -4.178300e+02  1.269245e+03  4.123160e+02
     vertex -4.267495e+02  1.270000e+03  4.147437e+02
     vertex -4.178300e+02  1.269809e+03  4.139266e+02
   endloop
 endfacet
 facet normal  1.119577e-01  9.936518e-01 -1.102687e-02
   outer loop
     vertex -4.610085e+02  1.269809e+03  3.784909e+02
     vertex -4.618544e+02  1.269809e+03  3.699022e+02
     vertex -4.626715e+02  1.270000e+03  3.788217e+02
   endloop
 endfacet
 facet normal  3.301045e-01  9.433843e-01 -3.251245e-02
   outer loop
     vertex -4.594288e+02  1.269245e+03  3.781767e+02
     vertex -4.602438e+02  1.269245e+03  3.699022e+02
     vertex -4.618544e+02  1.269809e+03  3.699022e+02
   endloop
 endfacet
 facet normal  3.301045e-01  9.433843e-01 -3.251245e-02
   outer loop
     vertex -4.594288e+02  1.269245e+03  3.781767e+02
     vertex -4.618544e+02  1.269809e+03  3.699022e+02
     vertex -4.610085e+02  1.269809e+03  3.784909e+02
   endloop
 endfacet
 facet normal  5.313031e-01  8.455641e-01 -5.232879e-02
   outer loop
     vertex -4.580118e+02  1.268338e+03  3.778948e+02
     vertex -4.587990e+02  1.268338e+03  3.699022e+02
     vertex -4.602438e+02  1.269245e+03  3.699022e+02
   endloop
 endfacet
 facet normal  5.313031e-01  8.455641e-01 -5.232879e-02
   outer loop
     vertex -4.580118e+02  1.268338e+03  3.778948e+02
     vertex -4.602438e+02  1.269245e+03  3.699022e+02
     vertex -4.594288e+02  1.269245e+03  3.781767e+02
   endloop
 endfacet
 facet normal  7.053982e-01  7.053982e-01 -6.947565e-02
   outer loop
     vertex -4.568284e+02  1.267131e+03  3.776594e+02
     vertex -4.575924e+02  1.267131e+03  3.699022e+02
     vertex -4.587990e+02  1.268338e+03  3.699022e+02
   endloop
 endfacet
 facet normal  7.053982e-01  7.053982e-01 -6.947565e-02
   outer loop
     vertex -4.568284e+02  1.267131e+03  3.776594e+02
     vertex -4.587990e+02  1.268338e+03  3.699022e+02
     vertex -4.580118e+02  1.268338e+03  3.778948e+02
   endloop
 endfacet
 facet normal  8.437951e-01  5.301916e-01 -8.310656e-02
   outer loop
     vertex -4.559380e+02  1.265686e+03  3.774823e+02
     vertex -4.566846e+02  1.265686e+03  3.699022e+02
     vertex -4.575924e+02  1.267131e+03  3.699022e+02
   endloop
 endfacet
 facet normal  8.437951e-01  5.301916e-01 -8.310656e-02
   outer loop
     vertex -4.559380e+02  1.265686e+03  3.774823e+02
     vertex -4.575924e+02  1.267131e+03  3.699022e+02
     vertex -4.568284e+02  1.267131e+03  3.776594e+02
   endloop
 endfacet
 facet normal  1.076552e-01  9.936518e-01 -3.265685e-02
   outer loop
     vertex -4.585032e+02  1.269809e+03  3.867496e+02
     vertex -4.626715e+02  1.270000e+03  3.788217e+02
     vertex -4.600698e+02  1.270000e+03  3.873985e+02
   endloop
 endfacet
 facet normal  1.076552e-01  9.936518e-01 -3.265685e-02
   outer loop
     vertex -4.585032e+02  1.269809e+03  3.867496e+02
     vertex -4.610085e+02  1.269809e+03  3.784909e+02
     vertex -4.626715e+02  1.270000e+03  3.788217e+02
   endloop
 endfacet
 facet normal  9.889868e-01  1.114320e-01 -9.740670e-02
   outer loop
     vertex -4.553853e+02  1.264076e+03  3.773724e+02
     vertex -4.559300e+02  1.262380e+03  3.699022e+02
     vertex -4.561210e+02  1.264076e+03  3.699022e+02
   endloop
 endfacet
 facet normal  9.398309e-01  3.288610e-01 -9.256526e-02
   outer loop
     vertex -4.553853e+02  1.264076e+03  3.773724e+02
     vertex -4.561210e+02  1.264076e+03  3.699022e+02
     vertex -4.566846e+02  1.265686e+03  3.699022e+02
   endloop
 endfacet
 facet normal  9.789943e-01  1.714722e-01 -1.103062e-01
   outer loop
     vertex -4.553853e+02  1.264076e+03  3.773724e+02
     vertex -4.549748e+02  1.262380e+03  3.783802e+02
     vertex -4.559300e+02  1.262380e+03  3.699022e+02
   endloop
 endfacet
 facet normal  9.390578e-01  3.124992e-01  1.432298e-01
   outer loop
     vertex -4.553853e+02  1.264076e+03  3.773724e+02
     vertex -4.559380e+02  1.265686e+03  3.774823e+02
     vertex -4.549748e+02  1.262380e+03  3.783802e+02
   endloop
 endfacet
 facet normal  9.398309e-01  3.288610e-01 -9.256526e-02
   outer loop
     vertex -4.553853e+02  1.264076e+03  3.773724e+02
     vertex -4.566846e+02  1.265686e+03  3.699022e+02
     vertex -4.559380e+02  1.265686e+03  3.774823e+02
   endloop
 endfacet
 facet normal  3.174187e-01  9.433843e-01 -9.628792e-02
   outer loop
     vertex -4.570152e+02  1.269245e+03  3.861332e+02
     vertex -4.610085e+02  1.269809e+03  3.784909e+02
     vertex -4.585032e+02  1.269809e+03  3.867496e+02
   endloop
 endfacet
 facet normal  3.174187e-01  9.433843e-01 -9.628792e-02
   outer loop
     vertex -4.570152e+02  1.269245e+03  3.861332e+02
     vertex -4.594288e+02  1.269245e+03  3.781767e+02
     vertex -4.610085e+02  1.269809e+03  3.784909e+02
   endloop
 endfacet
 facet normal  1.103827e-01  9.921364e-01 -5.900078e-02
   outer loop
     vertex -4.574946e+02  1.269809e+03  3.890036e+02
     vertex -4.600698e+02  1.270000e+03  3.873985e+02
     vertex -4.558448e+02  1.270000e+03  3.953028e+02
   endloop
 endfacet
 facet normal  1.022390e-01  9.937073e-01 -4.574902e-02
   outer loop
     vertex -4.574946e+02  1.269809e+03  3.890036e+02
     vertex -4.585032e+02  1.269809e+03  3.867496e+02
     vertex -4.600698e+02  1.270000e+03  3.873985e+02
   endloop
 endfacet
 facet normal  3.015789e-01  9.438428e-01 -1.349479e-01
   outer loop
     vertex -4.574946e+02  1.269809e+03  3.890036e+02
     vertex -4.570152e+02  1.269245e+03  3.861332e+02
     vertex -4.585032e+02  1.269809e+03  3.867496e+02
   endloop
 endfacet
 facet normal  5.108855e-01  8.455641e-01 -1.549754e-01
   outer loop
     vertex -4.556804e+02  1.268338e+03  3.855803e+02
     vertex -4.580118e+02  1.268338e+03  3.778948e+02
     vertex -4.594288e+02  1.269245e+03  3.781767e+02
   endloop
 endfacet
 facet normal  5.108855e-01  8.455641e-01 -1.549754e-01
   outer loop
     vertex -4.556804e+02  1.268338e+03  3.855803e+02
     vertex -4.594288e+02  1.269245e+03  3.781767e+02
     vertex -4.570152e+02  1.269245e+03  3.861332e+02
   endloop
 endfacet
 facet normal  4.857670e-01  8.466299e-01 -2.173667e-01
   outer loop
     vertex -4.560435e+02  1.269245e+03  3.883048e+02
     vertex -4.556804e+02  1.268338e+03  3.855803e+02
     vertex -4.570152e+02  1.269245e+03  3.861332e+02
   endloop
 endfacet
 facet normal  3.015789e-01  9.438428e-01 -1.349479e-01
   outer loop
     vertex -4.560435e+02  1.269245e+03  3.883048e+02
     vertex -4.570152e+02  1.269245e+03  3.861332e+02
     vertex -4.574946e+02  1.269809e+03  3.890036e+02
   endloop
 endfacet
 facet normal  6.782901e-01  7.053982e-01 -2.057571e-01
   outer loop
     vertex -4.545657e+02  1.267131e+03  3.851186e+02
     vertex -4.580118e+02  1.268338e+03  3.778948e+02
     vertex -4.556804e+02  1.268338e+03  3.855803e+02
   endloop
 endfacet
 facet normal  6.782901e-01  7.053982e-01 -2.057571e-01
   outer loop
     vertex -4.545657e+02  1.267131e+03  3.851186e+02
     vertex -4.568284e+02  1.267131e+03  3.776594e+02
     vertex -4.580118e+02  1.268338e+03  3.778948e+02
   endloop
 endfacet
 facet normal  4.857670e-01  8.466299e-01 -2.173667e-01
   outer loop
     vertex -4.547418e+02  1.268338e+03  3.876780e+02
     vertex -4.556804e+02  1.268338e+03  3.855803e+02
     vertex -4.560435e+02  1.269245e+03  3.883048e+02
   endloop
 endfacet
 facet normal  9.383614e-01  1.960941e-01 -2.846488e-01
   outer loop
     vertex -4.537270e+02  1.265686e+03  3.847712e+02
     vertex -4.549748e+02  1.262380e+03  3.783802e+02
     vertex -4.559380e+02  1.265686e+03  3.774823e+02
   endloop
 endfacet
 facet normal  8.113685e-01  5.301916e-01 -2.461260e-01
   outer loop
     vertex -4.537270e+02  1.265686e+03  3.847712e+02
     vertex -4.559380e+02  1.265686e+03  3.774823e+02
     vertex -4.568284e+02  1.267131e+03  3.776594e+02
   endloop
 endfacet
 facet normal  8.113685e-01  5.301916e-01 -2.461260e-01
   outer loop
     vertex -4.537270e+02  1.265686e+03  3.847712e+02
     vertex -4.568284e+02  1.267131e+03  3.776594e+02
     vertex -4.545657e+02  1.267131e+03  3.851186e+02
   endloop
 endfacet
 facet normal  6.455622e-01  7.069677e-01 -2.888705e-01
   outer loop
     vertex -4.536547e+02  1.267131e+03  3.871545e+02
     vertex -4.545657e+02  1.267131e+03  3.851186e+02
     vertex -4.556804e+02  1.268338e+03  3.855803e+02
   endloop
 endfacet
 facet normal  6.455622e-01  7.069677e-01 -2.888705e-01
   outer loop
     vertex -4.536547e+02  1.267131e+03  3.871545e+02
     vertex -4.556804e+02  1.268338e+03  3.855803e+02
     vertex -4.547418e+02  1.268338e+03  3.876780e+02
   endloop
 endfacet
 facet normal  9.746126e-02  9.936815e-01 -5.566341e-02
   outer loop
     vertex -4.544349e+02  1.269809e+03  3.943608e+02
     vertex -4.574946e+02  1.269809e+03  3.890036e+02
     vertex -4.558448e+02  1.270000e+03  3.953028e+02
   endloop
 endfacet
 facet normal  9.221408e-01  2.134003e-01 -3.226710e-01
   outer loop
     vertex -4.532063e+02  1.264076e+03  3.845555e+02
     vertex -4.521569e+02  1.262380e+03  3.864331e+02
     vertex -4.549748e+02  1.262380e+03  3.783802e+02
   endloop
 endfacet
 facet normal  8.795563e-01  3.302122e-01 -3.425501e-01
   outer loop
     vertex -4.532063e+02  1.264076e+03  3.845555e+02
     vertex -4.549748e+02  1.262380e+03  3.783802e+02
     vertex -4.537270e+02  1.265686e+03  3.847712e+02
   endloop
 endfacet
 facet normal  8.615979e-01  3.301633e-01 -3.855403e-01
   outer loop
     vertex -4.528368e+02  1.265686e+03  3.867606e+02
     vertex -4.532063e+02  1.264076e+03  3.845555e+02
     vertex -4.537270e+02  1.265686e+03  3.847712e+02
   endloop
 endfacet
 facet normal  7.729617e-01  5.318820e-01 -3.458781e-01
   outer loop
     vertex -4.528368e+02  1.265686e+03  3.867606e+02
     vertex -4.545657e+02  1.267131e+03  3.851186e+02
     vertex -4.536547e+02  1.267131e+03  3.871545e+02
   endloop
 endfacet
 facet normal  7.729617e-01  5.318820e-01 -3.458781e-01
   outer loop
     vertex -4.528368e+02  1.265686e+03  3.867606e+02
     vertex -4.537270e+02  1.265686e+03  3.847712e+02
     vertex -4.545657e+02  1.267131e+03  3.851186e+02
   endloop
 endfacet
 facet normal  2.874282e-01  9.436294e-01 -1.641599e-01
   outer loop
     vertex -4.530958e+02  1.269245e+03  3.934660e+02
     vertex -4.574946e+02  1.269809e+03  3.890036e+02
     vertex -4.544349e+02  1.269809e+03  3.943608e+02
   endloop
 endfacet
 facet normal  2.874282e-01  9.436294e-01 -1.641599e-01
   outer loop
     vertex -4.530958e+02  1.269245e+03  3.934660e+02
     vertex -4.560435e+02  1.269245e+03  3.883048e+02
     vertex -4.574946e+02  1.269809e+03  3.890036e+02
   endloop
 endfacet
 facet normal  8.615979e-01  3.301633e-01 -3.855403e-01
   outer loop
     vertex -4.523290e+02  1.264076e+03  3.865160e+02
     vertex -4.532063e+02  1.264076e+03  3.845555e+02
     vertex -4.528368e+02  1.265686e+03  3.867606e+02
   endloop
 endfacet
 facet normal  9.070483e-01  1.119210e-01 -4.058780e-01
   outer loop
     vertex -4.523290e+02  1.264076e+03  3.865160e+02
     vertex -4.521569e+02  1.262380e+03  3.864331e+02
     vertex -4.532063e+02  1.264076e+03  3.845555e+02
   endloop
 endfacet
 facet normal  4.628071e-01  8.461336e-01 -2.643247e-01
   outer loop
     vertex -4.518945e+02  1.268338e+03  3.926633e+02
     vertex -4.560435e+02  1.269245e+03  3.883048e+02
     vertex -4.530958e+02  1.269245e+03  3.934660e+02
   endloop
 endfacet
 facet normal  4.628071e-01  8.461336e-01 -2.643247e-01
   outer loop
     vertex -4.518945e+02  1.268338e+03  3.926633e+02
     vertex -4.547418e+02  1.268338e+03  3.876780e+02
     vertex -4.560435e+02  1.269245e+03  3.883048e+02
   endloop
 endfacet
 facet normal  9.897889e-02  9.917686e-01 -8.122987e-02
   outer loop
     vertex -4.522497e+02  1.269809e+03  3.973509e+02
     vertex -4.558448e+02  1.270000e+03  3.953028e+02
     vertex -4.501589e+02  1.270000e+03  4.022311e+02
   endloop
 endfacet
 facet normal  9.047528e-02  9.937012e-01 -6.612267e-02
   outer loop
     vertex -4.522497e+02  1.269809e+03  3.973509e+02
     vertex -4.544349e+02  1.269809e+03  3.943608e+02
     vertex -4.558448e+02  1.270000e+03  3.953028e+02
   endloop
 endfacet
 facet normal  6.147736e-01  7.062362e-01 -3.511179e-01
   outer loop
     vertex -4.508913e+02  1.267131e+03  3.919930e+02
     vertex -4.547418e+02  1.268338e+03  3.876780e+02
     vertex -4.518945e+02  1.268338e+03  3.926633e+02
   endloop
 endfacet
 facet normal  6.147736e-01  7.062362e-01 -3.511179e-01
   outer loop
     vertex -4.508913e+02  1.267131e+03  3.919930e+02
     vertex -4.536547e+02  1.267131e+03  3.871545e+02
     vertex -4.547418e+02  1.268338e+03  3.876780e+02
   endloop
 endfacet
 facet normal  2.668662e-01  9.437921e-01 -1.950357e-01
   outer loop
     vertex -4.509904e+02  1.269245e+03  3.963468e+02
     vertex -4.530958e+02  1.269245e+03  3.934660e+02
     vertex -4.544349e+02  1.269809e+03  3.943608e+02
   endloop
 endfacet
 facet normal  2.668662e-01  9.437921e-01 -1.950357e-01
   outer loop
     vertex -4.509904e+02  1.269245e+03  3.963468e+02
     vertex -4.544349e+02  1.269809e+03  3.943608e+02
     vertex -4.522497e+02  1.269809e+03  3.973509e+02
   endloop
 endfacet
 facet normal  7.357673e-01  5.310936e-01 -4.202215e-01
   outer loop
     vertex -4.501364e+02  1.265686e+03  3.914886e+02
     vertex -4.528368e+02  1.265686e+03  3.867606e+02
     vertex -4.536547e+02  1.267131e+03  3.871545e+02
   endloop
 endfacet
 facet normal  7.357673e-01  5.310936e-01 -4.202215e-01
   outer loop
     vertex -4.501364e+02  1.265686e+03  3.914886e+02
     vertex -4.536547e+02  1.267131e+03  3.871545e+02
     vertex -4.508913e+02  1.267131e+03  3.919930e+02
   endloop
 endfacet
 facet normal  4.298168e-01  8.465119e-01 -3.141260e-01
   outer loop
     vertex -4.498609e+02  1.268338e+03  3.954459e+02
     vertex -4.530958e+02  1.269245e+03  3.934660e+02
     vertex -4.509904e+02  1.269245e+03  3.963468e+02
   endloop
 endfacet
 facet normal  4.298168e-01  8.465119e-01 -3.141260e-01
   outer loop
     vertex -4.498609e+02  1.268338e+03  3.954459e+02
     vertex -4.518945e+02  1.268338e+03  3.926633e+02
     vertex -4.530958e+02  1.269245e+03  3.934660e+02
   endloop
 endfacet
 facet normal  8.361533e-02  9.936926e-01 -7.472322e-02
   outer loop
     vertex -4.489599e+02  1.269809e+03  4.010321e+02
     vertex -4.522497e+02  1.269809e+03  3.973509e+02
     vertex -4.501589e+02  1.270000e+03  4.022311e+02
   endloop
 endfacet
 facet normal  8.198439e-01  3.295556e-01 -4.682405e-01
   outer loop
     vertex -4.496678e+02  1.264076e+03  3.911755e+02
     vertex -4.523290e+02  1.264076e+03  3.865160e+02
     vertex -4.528368e+02  1.265686e+03  3.867606e+02
   endloop
 endfacet
 facet normal  8.629200e-01  1.116927e-01 -4.928427e-01
   outer loop
     vertex -4.496678e+02  1.264076e+03  3.911755e+02
     vertex -4.521569e+02  1.262380e+03  3.864331e+02
     vertex -4.523290e+02  1.264076e+03  3.865160e+02
   endloop
 endfacet
 facet normal  8.198439e-01  3.295556e-01 -4.682405e-01
   outer loop
     vertex -4.496678e+02  1.264076e+03  3.911755e+02
     vertex -4.528368e+02  1.265686e+03  3.867606e+02
     vertex -4.501364e+02  1.265686e+03  3.914886e+02
   endloop
 endfacet
 facet normal  8.223873e-01  2.380309e-01 -5.167402e-01
   outer loop
     vertex -4.496678e+02  1.264076e+03  3.911755e+02
     vertex -4.476178e+02  1.262380e+03  3.936571e+02
     vertex -4.521569e+02  1.262380e+03  3.864331e+02
   endloop
 endfacet
 facet normal  5.711460e-01  7.067937e-01 -4.174146e-01
   outer loop
     vertex -4.489175e+02  1.267131e+03  3.946937e+02
     vertex -4.508913e+02  1.267131e+03  3.919930e+02
     vertex -4.518945e+02  1.268338e+03  3.926633e+02
   endloop
 endfacet
 facet normal  5.711460e-01  7.067937e-01 -4.174146e-01
   outer loop
     vertex -4.489175e+02  1.267131e+03  3.946937e+02
     vertex -4.518945e+02  1.268338e+03  3.926633e+02
     vertex -4.498609e+02  1.268338e+03  3.954459e+02
   endloop
 endfacet
 facet normal  2.466156e-01  9.437210e-01 -2.203892e-01
   outer loop
     vertex -4.478211e+02  1.269245e+03  3.998933e+02
     vertex -4.509904e+02  1.269245e+03  3.963468e+02
     vertex -4.522497e+02  1.269809e+03  3.973509e+02
   endloop
 endfacet
 facet normal  2.466156e-01  9.437210e-01 -2.203892e-01
   outer loop
     vertex -4.478211e+02  1.269245e+03  3.998933e+02
     vertex -4.522497e+02  1.269809e+03  3.973509e+02
     vertex -4.489599e+02  1.269809e+03  4.010321e+02
   endloop
 endfacet
 facet normal  6.837868e-01  5.316944e-01 -4.997366e-01
   outer loop
     vertex -4.482078e+02  1.265686e+03  3.941276e+02
     vertex -4.508913e+02  1.267131e+03  3.919930e+02
     vertex -4.489175e+02  1.267131e+03  3.946937e+02
   endloop
 endfacet
 facet normal  6.837868e-01  5.316944e-01 -4.997366e-01
   outer loop
     vertex -4.482078e+02  1.265686e+03  3.941276e+02
     vertex -4.501364e+02  1.265686e+03  3.914886e+02
     vertex -4.508913e+02  1.267131e+03  3.919930e+02
   endloop
 endfacet
 facet normal  3.971534e-01  8.463465e-01 -3.549180e-01
   outer loop
     vertex -4.467995e+02  1.268338e+03  3.988716e+02
     vertex -4.498609e+02  1.268338e+03  3.954459e+02
     vertex -4.509904e+02  1.269245e+03  3.963468e+02
   endloop
 endfacet
 facet normal  3.971534e-01  8.463465e-01 -3.549180e-01
   outer loop
     vertex -4.467995e+02  1.268338e+03  3.988716e+02
     vertex -4.509904e+02  1.269245e+03  3.963468e+02
     vertex -4.478211e+02  1.269245e+03  3.998933e+02
   endloop
 endfacet
 facet normal  7.621320e-01  3.300186e-01 -5.569942e-01
   outer loop
     vertex -4.477671e+02  1.264076e+03  3.937763e+02
     vertex -4.496678e+02  1.264076e+03  3.911755e+02
     vertex -4.501364e+02  1.265686e+03  3.914886e+02
   endloop
 endfacet
 facet normal  8.022974e-01  1.118666e-01 -5.863486e-01
   outer loop
     vertex -4.477671e+02  1.264076e+03  3.937763e+02
     vertex -4.476178e+02  1.262380e+03  3.936571e+02
     vertex -4.496678e+02  1.264076e+03  3.911755e+02
   endloop
 endfacet
 facet normal  7.621320e-01  3.300186e-01 -5.569942e-01
   outer loop
     vertex -4.477671e+02  1.264076e+03  3.937763e+02
     vertex -4.501364e+02  1.265686e+03  3.914886e+02
     vertex -4.482078e+02  1.265686e+03  3.941276e+02
   endloop
 endfacet
 facet normal  8.122987e-02  9.917686e-01 -9.897889e-02
   outer loop
     vertex -4.452788e+02  1.269809e+03  4.043218e+02
     vertex -4.501589e+02  1.270000e+03  4.022311e+02
     vertex -4.432307e+02  1.270000e+03  4.079170e+02
   endloop
 endfacet
 facet normal  7.472322e-02  9.936926e-01 -8.361533e-02
   outer loop
     vertex -4.452788e+02  1.269809e+03  4.043218e+02
     vertex -4.489599e+02  1.269809e+03  4.010321e+02
     vertex -4.501589e+02  1.270000e+03  4.022311e+02
   endloop
 endfacet
 facet normal  5.276635e-01  7.065499e-01 -4.715490e-01
   outer loop
     vertex -4.459463e+02  1.267131e+03  3.980185e+02
     vertex -4.489175e+02  1.267131e+03  3.946937e+02
     vertex -4.498609e+02  1.268338e+03  3.954459e+02
   endloop
 endfacet
 facet normal  6.316344e-01  5.314316e-01 -5.644630e-01
   outer loop
     vertex -4.459463e+02  1.267131e+03  3.980185e+02
     vertex -4.482078e+02  1.265686e+03  3.941276e+02
     vertex -4.489175e+02  1.267131e+03  3.946937e+02
   endloop
 endfacet
 facet normal  5.276635e-01  7.065499e-01 -4.715490e-01
   outer loop
     vertex -4.459463e+02  1.267131e+03  3.980185e+02
     vertex -4.498609e+02  1.268338e+03  3.954459e+02
     vertex -4.467995e+02  1.268338e+03  3.988716e+02
   endloop
 endfacet
 facet normal  2.203892e-01  9.437210e-01 -2.466156e-01
   outer loop
     vertex -4.442746e+02  1.269245e+03  4.030626e+02
     vertex -4.489599e+02  1.269809e+03  4.010321e+02
     vertex -4.452788e+02  1.269809e+03  4.043218e+02
   endloop
 endfacet
 facet normal  2.203892e-01  9.437210e-01 -2.466156e-01
   outer loop
     vertex -4.442746e+02  1.269245e+03  4.030626e+02
     vertex -4.478211e+02  1.269245e+03  3.998933e+02
     vertex -4.489599e+02  1.269809e+03  4.010321e+02
   endloop
 endfacet
 facet normal  6.316344e-01  5.314316e-01 -5.644630e-01
   outer loop
     vertex -4.453044e+02  1.265686e+03  3.973765e+02
     vertex -4.482078e+02  1.265686e+03  3.941276e+02
     vertex -4.459463e+02  1.267131e+03  3.980185e+02
   endloop
 endfacet
 facet normal  3.549180e-01  8.463465e-01 -3.971534e-01
   outer loop
     vertex -4.433738e+02  1.268338e+03  4.019330e+02
     vertex -4.467995e+02  1.268338e+03  3.988716e+02
     vertex -4.478211e+02  1.269245e+03  3.998933e+02
   endloop
 endfacet
 facet normal  3.549180e-01  8.463465e-01 -3.971534e-01
   outer loop
     vertex -4.433738e+02  1.268338e+03  4.019330e+02
     vertex -4.478211e+02  1.269245e+03  3.998933e+02
     vertex -4.442746e+02  1.269245e+03  4.030626e+02
   endloop
 endfacet
 facet normal  6.612267e-02  9.937012e-01 -9.047528e-02
   outer loop
     vertex -4.422886e+02  1.269809e+03  4.065071e+02
     vertex -4.452788e+02  1.269809e+03  4.043218e+02
     vertex -4.432307e+02  1.270000e+03  4.079170e+02
   endloop
 endfacet
 facet normal  6.853513e-01  2.461448e-01 -6.853513e-01
   outer loop
     vertex -4.449059e+02  1.264076e+03  3.969780e+02
     vertex -4.415850e+02  1.262380e+03  3.996900e+02
     vertex -4.476178e+02  1.262380e+03  3.936571e+02
   endloop
 endfacet
 facet normal  7.409683e-01  1.117905e-01 -6.621698e-01
   outer loop
     vertex -4.449059e+02  1.264076e+03  3.969780e+02
     vertex -4.476178e+02  1.262380e+03  3.936571e+02
     vertex -4.477671e+02  1.264076e+03  3.937763e+02
   endloop
 endfacet
 facet normal  7.039199e-01  3.298160e-01 -6.290613e-01
   outer loop
     vertex -4.449059e+02  1.264076e+03  3.969780e+02
     vertex -4.477671e+02  1.264076e+03  3.937763e+02
     vertex -4.482078e+02  1.265686e+03  3.941276e+02
   endloop
 endfacet
 facet normal  7.039199e-01  3.298160e-01 -6.290613e-01
   outer loop
     vertex -4.449059e+02  1.264076e+03  3.969780e+02
     vertex -4.482078e+02  1.265686e+03  3.941276e+02
     vertex -4.453044e+02  1.265686e+03  3.973765e+02
   endloop
 endfacet
 facet normal  4.715490e-01  7.065499e-01 -5.276635e-01
   outer loop
     vertex -4.426215e+02  1.267131e+03  4.009897e+02
     vertex -4.467995e+02  1.268338e+03  3.988716e+02
     vertex -4.433738e+02  1.268338e+03  4.019330e+02
   endloop
 endfacet
 facet normal  4.715490e-01  7.065499e-01 -5.276635e-01
   outer loop
     vertex -4.426215e+02  1.267131e+03  4.009897e+02
     vertex -4.459463e+02  1.267131e+03  3.980185e+02
     vertex -4.467995e+02  1.268338e+03  3.988716e+02
   endloop
 endfacet
 facet normal  1.950357e-01  9.437921e-01 -2.668662e-01
   outer loop
     vertex -4.413938e+02  1.269245e+03  4.051680e+02
     vertex -4.442746e+02  1.269245e+03  4.030626e+02
     vertex -4.452788e+02  1.269809e+03  4.043218e+02
   endloop
 endfacet
 facet normal  1.950357e-01  9.437921e-01 -2.668662e-01
   outer loop
     vertex -4.413938e+02  1.269245e+03  4.051680e+02
     vertex -4.452788e+02  1.269809e+03  4.043218e+02
     vertex -4.422886e+02  1.269809e+03  4.065071e+02
   endloop
 endfacet
 facet normal  3.141260e-01  8.465119e-01 -4.298168e-01
   outer loop
     vertex -4.413938e+02  1.269245e+03  4.051680e+02
     vertex -4.433738e+02  1.268338e+03  4.019330e+02
     vertex -4.442746e+02  1.269245e+03  4.030626e+02
   endloop
 endfacet
 facet normal  5.644630e-01  5.314316e-01 -6.316344e-01
   outer loop
     vertex -4.420555e+02  1.265686e+03  4.002799e+02
     vertex -4.453044e+02  1.265686e+03  3.973765e+02
     vertex -4.459463e+02  1.267131e+03  3.980185e+02
   endloop
 endfacet
 facet normal  5.644630e-01  5.314316e-01 -6.316344e-01
   outer loop
     vertex -4.420555e+02  1.265686e+03  4.002799e+02
     vertex -4.459463e+02  1.267131e+03  3.980185e+02
     vertex -4.426215e+02  1.267131e+03  4.009897e+02
   endloop
 endfacet
 facet normal  3.141260e-01  8.465119e-01 -4.298168e-01
   outer loop
     vertex -4.405912e+02  1.268338e+03  4.039667e+02
     vertex -4.433738e+02  1.268338e+03  4.019330e+02
     vertex -4.413938e+02  1.269245e+03  4.051680e+02
   endloop
 endfacet
 facet normal  6.290613e-01  3.298160e-01 -7.039199e-01
   outer loop
     vertex -4.417041e+02  1.264076e+03  3.998393e+02
     vertex -4.453044e+02  1.265686e+03  3.973765e+02
     vertex -4.420555e+02  1.265686e+03  4.002799e+02
   endloop
 endfacet
 facet normal  6.621698e-01  1.117905e-01 -7.409683e-01
   outer loop
     vertex -4.417041e+02  1.264076e+03  3.998393e+02
     vertex -4.415850e+02  1.262380e+03  3.996900e+02
     vertex -4.449059e+02  1.264076e+03  3.969780e+02
   endloop
 endfacet
 facet normal  6.290613e-01  3.298160e-01 -7.039199e-01
   outer loop
     vertex -4.417041e+02  1.264076e+03  3.998393e+02
     vertex -4.449059e+02  1.264076e+03  3.969780e+02
     vertex -4.453044e+02  1.265686e+03  3.973765e+02
   endloop
 endfacet
 facet normal  4.174146e-01  7.067937e-01 -5.711460e-01
   outer loop
     vertex -4.399208e+02  1.267131e+03  4.029634e+02
     vertex -4.426215e+02  1.267131e+03  4.009897e+02
     vertex -4.433738e+02  1.268338e+03  4.019330e+02
   endloop
 endfacet
 facet normal  4.997366e-01  5.316944e-01 -6.837868e-01
   outer loop
     vertex -4.399208e+02  1.267131e+03  4.029634e+02
     vertex -4.420555e+02  1.265686e+03  4.002799e+02
     vertex -4.426215e+02  1.267131e+03  4.009897e+02
   endloop
 endfacet
 facet normal  4.174146e-01  7.067937e-01 -5.711460e-01
   outer loop
     vertex -4.399208e+02  1.267131e+03  4.029634e+02
     vertex -4.433738e+02  1.268338e+03  4.019330e+02
     vertex -4.405912e+02  1.268338e+03  4.039667e+02
   endloop
 endfacet
 facet normal  5.900078e-02  9.921364e-01 -1.103827e-01
   outer loop
     vertex -4.369315e+02  1.269809e+03  4.095668e+02
     vertex -4.432307e+02  1.270000e+03  4.079170e+02
     vertex -4.353263e+02  1.270000e+03  4.121420e+02
   endloop
 endfacet
 facet normal  5.566341e-02  9.936815e-01 -9.746126e-02
   outer loop
     vertex -4.369315e+02  1.269809e+03  4.095668e+02
     vertex -4.422886e+02  1.269809e+03  4.065071e+02
     vertex -4.432307e+02  1.270000e+03  4.079170e+02
   endloop
 endfacet
 facet normal  4.997366e-01  5.316944e-01 -6.837868e-01
   outer loop
     vertex -4.394165e+02  1.265686e+03  4.022086e+02
     vertex -4.420555e+02  1.265686e+03  4.002799e+02
     vertex -4.399208e+02  1.267131e+03  4.029634e+02
   endloop
 endfacet
 facet normal  1.641599e-01  9.436294e-01 -2.874282e-01
   outer loop
     vertex -4.362327e+02  1.269245e+03  4.081157e+02
     vertex -4.422886e+02  1.269809e+03  4.065071e+02
     vertex -4.369315e+02  1.269809e+03  4.095668e+02
   endloop
 endfacet
 facet normal  1.641599e-01  9.436294e-01 -2.874282e-01
   outer loop
     vertex -4.362327e+02  1.269245e+03  4.081157e+02
     vertex -4.413938e+02  1.269245e+03  4.051680e+02
     vertex -4.422886e+02  1.269809e+03  4.065071e+02
   endloop
 endfacet
 facet normal  2.658493e-01  9.349145e-01 -2.350725e-01
   outer loop
     vertex -4.362327e+02  1.269245e+03  4.081157e+02
     vertex -4.369315e+02  1.269809e+03  4.095668e+02
     vertex -4.353263e+02  1.270000e+03  4.121420e+02
   endloop
 endfacet
 facet normal  2.643247e-01  8.461336e-01 -4.628071e-01
   outer loop
     vertex -4.362327e+02  1.269245e+03  4.081157e+02
     vertex -4.405912e+02  1.268338e+03  4.039667e+02
     vertex -4.413938e+02  1.269245e+03  4.051680e+02
   endloop
 endfacet
 facet normal  5.167402e-01  2.380309e-01 -8.223873e-01
   outer loop
     vertex -4.391034e+02  1.264076e+03  4.017400e+02
     vertex -4.343610e+02  1.262380e+03  4.042291e+02
     vertex -4.415850e+02  1.262380e+03  3.996900e+02
   endloop
 endfacet
 facet normal  5.863486e-01  1.118666e-01 -8.022974e-01
   outer loop
     vertex -4.391034e+02  1.264076e+03  4.017400e+02
     vertex -4.415850e+02  1.262380e+03  3.996900e+02
     vertex -4.417041e+02  1.264076e+03  3.998393e+02
   endloop
 endfacet
 facet normal  5.569942e-01  3.300186e-01 -7.621320e-01
   outer loop
     vertex -4.391034e+02  1.264076e+03  4.017400e+02
     vertex -4.417041e+02  1.264076e+03  3.998393e+02
     vertex -4.420555e+02  1.265686e+03  4.002799e+02
   endloop
 endfacet
 facet normal  5.569942e-01  3.300186e-01 -7.621320e-01
   outer loop
     vertex -4.391034e+02  1.264076e+03  4.017400e+02
     vertex -4.420555e+02  1.265686e+03  4.002799e+02
     vertex -4.394165e+02  1.265686e+03  4.022086e+02
   endloop
 endfacet
 facet normal  2.643247e-01  8.461336e-01 -4.628071e-01
   outer loop
     vertex -4.356058e+02  1.268338e+03  4.068140e+02
     vertex -4.405912e+02  1.268338e+03  4.039667e+02
     vertex -4.362327e+02  1.269245e+03  4.081157e+02
   endloop
 endfacet
 facet normal  3.511179e-01  7.062362e-01 -6.147736e-01
   outer loop
     vertex -4.350823e+02  1.267131e+03  4.057269e+02
     vertex -4.405912e+02  1.268338e+03  4.039667e+02
     vertex -4.356058e+02  1.268338e+03  4.068140e+02
   endloop
 endfacet
 facet normal  3.511179e-01  7.062362e-01 -6.147736e-01
   outer loop
     vertex -4.350823e+02  1.267131e+03  4.057269e+02
     vertex -4.399208e+02  1.267131e+03  4.029634e+02
     vertex -4.405912e+02  1.268338e+03  4.039667e+02
   endloop
 endfacet
 facet normal  4.202215e-01  5.310936e-01 -7.357673e-01
   outer loop
     vertex -4.346884e+02  1.265686e+03  4.049090e+02
     vertex -4.399208e+02  1.267131e+03  4.029634e+02
     vertex -4.350823e+02  1.267131e+03  4.057269e+02
   endloop
 endfacet
 facet normal  4.202215e-01  5.310936e-01 -7.357673e-01
   outer loop
     vertex -4.346884e+02  1.265686e+03  4.049090e+02
     vertex -4.394165e+02  1.265686e+03  4.022086e+02
     vertex -4.399208e+02  1.267131e+03  4.029634e+02
   endloop
 endfacet
 facet normal  4.682405e-01  3.295556e-01 -8.198439e-01
   outer loop
     vertex -4.344439e+02  1.264076e+03  4.044012e+02
     vertex -4.391034e+02  1.264076e+03  4.017400e+02
     vertex -4.394165e+02  1.265686e+03  4.022086e+02
   endloop
 endfacet
 facet normal  4.928427e-01  1.116927e-01 -8.629200e-01
   outer loop
     vertex -4.344439e+02  1.264076e+03  4.044012e+02
     vertex -4.343610e+02  1.262380e+03  4.042291e+02
     vertex -4.391034e+02  1.264076e+03  4.017400e+02
   endloop
 endfacet
 facet normal  4.682405e-01  3.295556e-01 -8.198439e-01
   outer loop
     vertex -4.344439e+02  1.264076e+03  4.044012e+02
     vertex -4.394165e+02  1.265686e+03  4.022086e+02
     vertex -4.346884e+02  1.265686e+03  4.049090e+02
   endloop
 endfacet
 facet normal  3.476733e-02  9.928017e-01 -1.146125e-01
   outer loop
     vertex -4.276263e+02  1.269809e+03  4.128228e+02
     vertex -4.353263e+02  1.270000e+03  4.121420e+02
     vertex -4.267495e+02  1.270000e+03  4.147437e+02
   endloop
 endfacet
 facet normal  5.230582e-02  9.436608e-01 -3.267545e-01
   outer loop
     vertex -4.272680e+02  1.269245e+03  4.112526e+02
     vertex -4.353263e+02  1.270000e+03  4.121420e+02
     vertex -4.276263e+02  1.269809e+03  4.128228e+02
   endloop
 endfacet
 facet normal  2.418449e-02  9.763931e-01 -2.146432e-01
   outer loop
     vertex -4.272680e+02  1.269245e+03  4.112526e+02
     vertex -4.267495e+02  1.270000e+03  4.147437e+02
     vertex -4.178300e+02  1.269245e+03  4.123160e+02
   endloop
 endfacet
 facet normal  3.433756e-01  9.061737e-01 -2.468651e-01
   outer loop
     vertex -4.272680e+02  1.269245e+03  4.112526e+02
     vertex -4.276263e+02  1.269809e+03  4.128228e+02
     vertex -4.267495e+02  1.270000e+03  4.147437e+02
   endloop
 endfacet
 facet normal  6.959205e-02  9.775493e-01 -1.988827e-01
   outer loop
     vertex -4.272680e+02  1.269245e+03  4.112526e+02
     vertex -4.362327e+02  1.269245e+03  4.081157e+02
     vertex -4.353263e+02  1.270000e+03  4.121420e+02
   endloop
 endfacet
 facet normal  1.765141e-01  8.452069e-01 -5.044482e-01
   outer loop
     vertex -4.269465e+02  1.268338e+03  4.098440e+02
     vertex -4.356058e+02  1.268338e+03  4.068140e+02
     vertex -4.362327e+02  1.269245e+03  4.081157e+02
   endloop
 endfacet
 facet normal  5.983820e-02  8.452069e-01 -5.310787e-01
   outer loop
     vertex -4.269465e+02  1.268338e+03  4.098440e+02
     vertex -4.178300e+02  1.269245e+03  4.123160e+02
     vertex -4.178300e+02  1.268338e+03  4.108712e+02
   endloop
 endfacet
 facet normal  2.342779e-01  7.048732e-01 -6.695279e-01
   outer loop
     vertex -4.269465e+02  1.268338e+03  4.098440e+02
     vertex -4.350823e+02  1.267131e+03  4.057269e+02
     vertex -4.356058e+02  1.268338e+03  4.068140e+02
   endloop
 endfacet
 facet normal  1.765141e-01  8.452069e-01 -5.044482e-01
   outer loop
     vertex -4.269465e+02  1.268338e+03  4.098440e+02
     vertex -4.362327e+02  1.269245e+03  4.081157e+02
     vertex -4.272680e+02  1.269245e+03  4.112526e+02
   endloop
 endfacet
 facet normal  5.983820e-02  8.452069e-01 -5.310787e-01
   outer loop
     vertex -4.269465e+02  1.268338e+03  4.098440e+02
     vertex -4.272680e+02  1.269245e+03  4.112526e+02
     vertex -4.178300e+02  1.269245e+03  4.123160e+02
   endloop
 endfacet
 facet normal  2.342779e-01  7.048732e-01 -6.695279e-01
   outer loop
     vertex -4.266780e+02  1.267131e+03  4.086677e+02
     vertex -4.350823e+02  1.267131e+03  4.057269e+02
     vertex -4.269465e+02  1.268338e+03  4.098440e+02
   endloop
 endfacet
 facet normal  7.942014e-02  7.048732e-01 -7.048732e-01
   outer loop
     vertex -4.266780e+02  1.267131e+03  4.086677e+02
     vertex -4.178300e+02  1.268338e+03  4.108712e+02
     vertex -4.178300e+02  1.267131e+03  4.096646e+02
   endloop
 endfacet
 facet normal  7.942014e-02  7.048732e-01 -7.048732e-01
   outer loop
     vertex -4.266780e+02  1.267131e+03  4.086677e+02
     vertex -4.269465e+02  1.268338e+03  4.098440e+02
     vertex -4.178300e+02  1.268338e+03  4.108712e+02
   endloop
 endfacet
 facet normal  2.801528e-01  5.296273e-01 -8.006306e-01
   outer loop
     vertex -4.264760e+02  1.265686e+03  4.077826e+02
     vertex -4.346884e+02  1.265686e+03  4.049090e+02
     vertex -4.350823e+02  1.267131e+03  4.057269e+02
   endloop
 endfacet
 facet normal  2.801528e-01  5.296273e-01 -8.006306e-01
   outer loop
     vertex -4.264760e+02  1.265686e+03  4.077826e+02
     vertex -4.350823e+02  1.267131e+03  4.057269e+02
     vertex -4.266780e+02  1.267131e+03  4.086677e+02
   endloop
 endfacet
 facet normal  9.497168e-02  5.296273e-01 -8.428970e-01
   outer loop
     vertex -4.264760e+02  1.265686e+03  4.077826e+02
     vertex -4.178300e+02  1.267131e+03  4.096646e+02
     vertex -4.178300e+02  1.265686e+03  4.087568e+02
   endloop
 endfacet
 facet normal  9.497168e-02  5.296273e-01 -8.428970e-01
   outer loop
     vertex -4.264760e+02  1.265686e+03  4.077826e+02
     vertex -4.266780e+02  1.267131e+03  4.086677e+02
     vertex -4.178300e+02  1.267131e+03  4.096646e+02
   endloop
 endfacet
 facet normal  3.119583e-01  3.284270e-01 -8.915255e-01
   outer loop
     vertex -4.263506e+02  1.264076e+03  4.072332e+02
     vertex -4.344439e+02  1.264076e+03  4.044012e+02
     vertex -4.346884e+02  1.265686e+03  4.049090e+02
   endloop
 endfacet
 facet normal  3.282281e-01  1.112692e-01 -9.380221e-01
   outer loop
     vertex -4.263506e+02  1.264076e+03  4.072332e+02
     vertex -4.343610e+02  1.262380e+03  4.042291e+02
     vertex -4.344439e+02  1.264076e+03  4.044012e+02
   endloop
 endfacet
 facet normal  1.112692e-01  1.112692e-01 -9.875416e-01
   outer loop
     vertex -4.263506e+02  1.264076e+03  4.072332e+02
     vertex -4.178300e+02  1.264076e+03  4.081932e+02
     vertex -4.178300e+02  1.262380e+03  4.080022e+02
   endloop
 endfacet
 facet normal  1.057537e-01  3.284270e-01 -9.385904e-01
   outer loop
     vertex -4.263506e+02  1.264076e+03  4.072332e+02
     vertex -4.178300e+02  1.265686e+03  4.087568e+02
     vertex -4.178300e+02  1.264076e+03  4.081932e+02
   endloop
 endfacet
 facet normal  3.119583e-01  3.284270e-01 -8.915255e-01
   outer loop
     vertex -4.263506e+02  1.264076e+03  4.072332e+02
     vertex -4.346884e+02  1.265686e+03  4.049090e+02
     vertex -4.264760e+02  1.265686e+03  4.077826e+02
   endloop
 endfacet
 facet normal  3.282281e-01  1.112692e-01 -9.380221e-01
   outer loop
     vertex -4.263506e+02  1.264076e+03  4.072332e+02
     vertex -4.263080e+02  1.262380e+03  4.070469e+02
     vertex -4.343610e+02  1.262380e+03  4.042291e+02
   endloop
 endfacet
 facet normal  1.057537e-01  3.284270e-01 -9.385904e-01
   outer loop
     vertex -4.263506e+02  1.264076e+03  4.072332e+02
     vertex -4.264760e+02  1.265686e+03  4.077826e+02
     vertex -4.178300e+02  1.265686e+03  4.087568e+02
   endloop
 endfacet
 facet normal  1.112692e-01  1.112692e-01 -9.875416e-01
   outer loop
     vertex -4.263506e+02  1.264076e+03  4.072332e+02
     vertex -4.178300e+02  1.262380e+03  4.080022e+02
     vertex -4.263080e+02  1.262380e+03  4.070469e+02
   endloop
 endfacet
 facet normal  1.119616e-01  9.936869e-01  7.143756e-03
   outer loop
     vertex -4.618544e+02  1.269809e+03  1.524000e+02
     vertex -4.627261e+02  1.270000e+03  1.394873e+02
     vertex -4.635500e+02  1.270000e+03  1.524000e+02
   endloop
 endfacet
 facet normal  3.302676e-01  9.438506e-01 -8.331001e-03
   outer loop
     vertex -4.602438e+02  1.269245e+03  1.524000e+02
     vertex -4.627261e+02  1.270000e+03  1.394873e+02
     vertex -4.618544e+02  1.269809e+03  1.524000e+02
   endloop
 endfacet
 facet normal  5.312922e-01  8.455467e-01 -5.272021e-02
   outer loop
     vertex -4.587990e+02  1.268338e+03  1.524000e+02
     vertex -4.627261e+02  1.270000e+03  1.394873e+02
     vertex -4.602438e+02  1.269245e+03  1.524000e+02
   endloop
 endfacet
 facet normal  9.911114e-01  1.116714e-01  7.230232e-02
   outer loop
     vertex -4.559300e+02  1.262380e+03  1.524000e+02
     vertex -4.549350e+02  1.262380e+03  1.387608e+02
     vertex -4.561210e+02  1.264076e+03  1.524000e+02
   endloop
 endfacet
 facet normal  6.472957e-02  9.936869e-01  9.163253e-02
   outer loop
     vertex -4.246705e+02  1.269809e+03  7.463735e+01
     vertex -4.142787e+02  1.269809e+03  6.729659e+01
     vertex -4.151669e+02  1.270000e+03  6.585219e+01
   endloop
 endfacet
 facet normal  7.585055e-02  9.936869e-01  8.266276e-02
   outer loop
     vertex -4.246705e+02  1.269809e+03  7.463735e+01
     vertex -4.257350e+02  1.270000e+03  7.331754e+01
     vertex -4.352686e+02  1.270000e+03  8.206549e+01
   endloop
 endfacet
 facet normal  6.472957e-02  9.936869e-01  9.163253e-02
   outer loop
     vertex -4.246705e+02  1.269809e+03  7.463735e+01
     vertex -4.151669e+02  1.270000e+03  6.585219e+01
     vertex -4.257350e+02  1.270000e+03  7.331754e+01
   endloop
 endfacet
 facet normal  1.909054e-01  9.436738e-01  2.702496e-01
   outer loop
     vertex -4.236593e+02  1.269245e+03  7.589098e+01
     vertex -4.134351e+02  1.269245e+03  6.866856e+01
     vertex -4.142787e+02  1.269809e+03  6.729659e+01
   endloop
 endfacet
 facet normal  1.909054e-01  9.436738e-01  2.702496e-01
   outer loop
     vertex -4.236593e+02  1.269245e+03  7.589098e+01
     vertex -4.142787e+02  1.269809e+03  6.729659e+01
     vertex -4.246705e+02  1.269809e+03  7.463735e+01
   endloop
 endfacet
 facet normal  3.074123e-01  8.462368e-01  4.351793e-01
   outer loop
     vertex -4.227523e+02  1.268338e+03  7.701557e+01
     vertex -4.126784e+02  1.268338e+03  6.989931e+01
     vertex -4.134351e+02  1.269245e+03  6.866856e+01
   endloop
 endfacet
 facet normal  3.074123e-01  8.462368e-01  4.351793e-01
   outer loop
     vertex -4.227523e+02  1.268338e+03  7.701557e+01
     vertex -4.134351e+02  1.269245e+03  6.866856e+01
     vertex -4.236593e+02  1.269245e+03  7.589098e+01
   endloop
 endfacet
 facet normal  4.083918e-01  7.063882e-01  5.781279e-01
   outer loop
     vertex -4.219948e+02  1.267131e+03  7.795472e+01
     vertex -4.120464e+02  1.267131e+03  7.092712e+01
     vertex -4.126784e+02  1.268338e+03  6.989931e+01
   endloop
 endfacet
 facet normal  4.083918e-01  7.063882e-01  5.781279e-01
   outer loop
     vertex -4.219948e+02  1.267131e+03  7.795472e+01
     vertex -4.126784e+02  1.268338e+03  6.989931e+01
     vertex -4.227523e+02  1.268338e+03  7.701557e+01
   endloop
 endfacet
 facet normal  4.888129e-01  5.312573e-01  6.919737e-01
   outer loop
     vertex -4.214249e+02  1.265686e+03  7.866135e+01
     vertex -4.115709e+02  1.265686e+03  7.170045e+01
     vertex -4.120464e+02  1.267131e+03  7.092712e+01
   endloop
 endfacet
 facet normal  4.888129e-01  5.312573e-01  6.919737e-01
   outer loop
     vertex -4.214249e+02  1.265686e+03  7.866135e+01
     vertex -4.120464e+02  1.267131e+03  7.092712e+01
     vertex -4.219948e+02  1.267131e+03  7.795472e+01
   endloop
 endfacet
 facet normal  2.350806e-02  4.466973e-01  8.943762e-01
   outer loop
     vertex -4.214249e+02  1.265686e+03  7.866135e+01
     vertex -4.219948e+02  1.267131e+03  7.795472e+01
     vertex -4.222730e+02  1.262380e+03  8.033492e+01
   endloop
 endfacet
 facet normal  5.754579e-01  1.740578e-01  7.990945e-01
   outer loop
     vertex -4.210710e+02  1.264076e+03  7.910001e+01
     vertex -4.222730e+02  1.262380e+03  8.033492e+01
     vertex -4.111756e+02  1.262380e+03  7.234327e+01
   endloop
 endfacet
 facet normal  5.447104e-01  3.296817e-01  7.711035e-01
   outer loop
     vertex -4.210710e+02  1.264076e+03  7.910001e+01
     vertex -4.112757e+02  1.264076e+03  7.218053e+01
     vertex -4.115709e+02  1.265686e+03  7.170045e+01
   endloop
 endfacet
 facet normal  5.733541e-01  1.117401e-01  8.116521e-01
   outer loop
     vertex -4.210710e+02  1.264076e+03  7.910001e+01
     vertex -4.111756e+02  1.262380e+03  7.234327e+01
     vertex -4.112757e+02  1.264076e+03  7.218053e+01
   endloop
 endfacet
 facet normal  5.447104e-01  3.296817e-01  7.711035e-01
   outer loop
     vertex -4.210710e+02  1.264076e+03  7.910001e+01
     vertex -4.115709e+02  1.265686e+03  7.170045e+01
     vertex -4.214249e+02  1.265686e+03  7.866135e+01
   endloop
 endfacet
 facet normal  4.171286e-01  3.230100e-01  8.495106e-01
   outer loop
     vertex -4.210710e+02  1.264076e+03  7.910001e+01
     vertex -4.214249e+02  1.265686e+03  7.866135e+01
     vertex -4.222730e+02  1.262380e+03  8.033492e+01
   endloop
 endfacet
 facet normal  7.585055e-02  9.936869e-01  8.266276e-02
   outer loop
     vertex -4.340450e+02  1.269809e+03  8.323930e+01
     vertex -4.246705e+02  1.269809e+03  7.463735e+01
     vertex -4.352686e+02  1.270000e+03  8.206549e+01
   endloop
 endfacet
 facet normal  2.237042e-01  9.436738e-01  2.437953e-01
   outer loop
     vertex -4.328827e+02  1.269245e+03  8.435426e+01
     vertex -4.236593e+02  1.269245e+03  7.589098e+01
     vertex -4.246705e+02  1.269809e+03  7.463735e+01
   endloop
 endfacet
 facet normal  2.237042e-01  9.436738e-01  2.437953e-01
   outer loop
     vertex -4.328827e+02  1.269245e+03  8.435426e+01
     vertex -4.246705e+02  1.269809e+03  7.463735e+01
     vertex -4.340450e+02  1.269809e+03  8.323930e+01
   endloop
 endfacet
 facet normal  3.602278e-01  8.462368e-01  3.925803e-01
   outer loop
     vertex -4.318401e+02  1.268338e+03  8.535445e+01
     vertex -4.236593e+02  1.269245e+03  7.589098e+01
     vertex -4.328827e+02  1.269245e+03  8.435426e+01
   endloop
 endfacet
 facet normal  3.602278e-01  8.462368e-01  3.925803e-01
   outer loop
     vertex -4.318401e+02  1.268338e+03  8.535445e+01
     vertex -4.227523e+02  1.268338e+03  7.701557e+01
     vertex -4.236593e+02  1.269245e+03  7.589098e+01
   endloop
 endfacet
 facet normal  9.489946e-02  9.922607e-01  8.008034e-02
   outer loop
     vertex -4.365148e+02  1.269809e+03  8.590960e+01
     vertex -4.352686e+02  1.270000e+03  8.206549e+01
     vertex -4.436131e+02  1.270000e+03  9.195415e+01
   endloop
 endfacet
 facet normal  8.220909e-02  9.937101e-01  7.603824e-02
   outer loop
     vertex -4.365148e+02  1.269809e+03  8.590960e+01
     vertex -4.340450e+02  1.269809e+03  8.323930e+01
     vertex -4.352686e+02  1.270000e+03  8.206549e+01
   endloop
 endfacet
 facet normal  6.421252e-01  3.129889e-01  6.997951e-01
   outer loop
     vertex -4.309694e+02  1.267131e+03  8.618972e+01
     vertex -4.222730e+02  1.262380e+03  8.033492e+01
     vertex -4.219948e+02  1.267131e+03  7.795472e+01
   endloop
 endfacet
 facet normal  4.785562e-01  7.063882e-01  5.215358e-01
   outer loop
     vertex -4.309694e+02  1.267131e+03  8.618972e+01
     vertex -4.219948e+02  1.267131e+03  7.795472e+01
     vertex -4.227523e+02  1.268338e+03  7.701557e+01
   endloop
 endfacet
 facet normal  4.785562e-01  7.063882e-01  5.215358e-01
   outer loop
     vertex -4.309694e+02  1.267131e+03  8.618972e+01
     vertex -4.227523e+02  1.268338e+03  7.701557e+01
     vertex -4.318401e+02  1.268338e+03  8.535445e+01
   endloop
 endfacet
 facet normal  2.425011e-01  9.438663e-01  2.242982e-01
   outer loop
     vertex -4.353128e+02  1.269245e+03  8.698151e+01
     vertex -4.340450e+02  1.269809e+03  8.323930e+01
     vertex -4.365148e+02  1.269809e+03  8.590960e+01
   endloop
 endfacet
 facet normal  2.425011e-01  9.438663e-01  2.242982e-01
   outer loop
     vertex -4.353128e+02  1.269245e+03  8.698151e+01
     vertex -4.328827e+02  1.269245e+03  8.435426e+01
     vertex -4.340450e+02  1.269809e+03  8.323930e+01
   endloop
 endfacet
 facet normal  6.533685e-01  5.309783e-01  5.396032e-01
   outer loop
     vertex -4.303143e+02  1.265686e+03  8.681818e+01
     vertex -4.222730e+02  1.262380e+03  8.033492e+01
     vertex -4.309694e+02  1.267131e+03  8.618972e+01
   endloop
 endfacet
 facet normal  5.191460e-01  7.070482e-01  4.801774e-01
   outer loop
     vertex -4.342344e+02  1.268338e+03  8.794308e+01
     vertex -4.309694e+02  1.267131e+03  8.618972e+01
     vertex -4.318401e+02  1.268338e+03  8.535445e+01
   endloop
 endfacet
 facet normal  3.906231e-01  8.466845e-01  3.613018e-01
   outer loop
     vertex -4.342344e+02  1.268338e+03  8.794308e+01
     vertex -4.318401e+02  1.268338e+03  8.535445e+01
     vertex -4.328827e+02  1.269245e+03  8.435426e+01
   endloop
 endfacet
 facet normal  3.906231e-01  8.466845e-01  3.613018e-01
   outer loop
     vertex -4.342344e+02  1.268338e+03  8.794308e+01
     vertex -4.328827e+02  1.269245e+03  8.435426e+01
     vertex -4.353128e+02  1.269245e+03  8.698151e+01
   endloop
 endfacet
 facet normal  6.793108e-01  2.174288e-01  7.009005e-01
   outer loop
     vertex -4.299076e+02  1.264076e+03  8.720832e+01
     vertex -4.320931e+02  1.262380e+03  8.985252e+01
     vertex -4.222730e+02  1.262380e+03  8.033492e+01
   endloop
 endfacet
 facet normal  6.710056e-01  3.302441e-01  6.638450e-01
   outer loop
     vertex -4.299076e+02  1.264076e+03  8.720832e+01
     vertex -4.222730e+02  1.262380e+03  8.033492e+01
     vertex -4.303143e+02  1.265686e+03  8.681818e+01
   endloop
 endfacet
 facet normal  5.191460e-01  7.070482e-01  4.801774e-01
   outer loop
     vertex -4.333339e+02  1.267131e+03  8.874610e+01
     vertex -4.309694e+02  1.267131e+03  8.618972e+01
     vertex -4.342344e+02  1.268338e+03  8.794308e+01
   endloop
 endfacet
 facet normal  6.216284e-01  5.319689e-01  5.749672e-01
   outer loop
     vertex -4.326563e+02  1.265686e+03  8.935030e+01
     vertex -4.303143e+02  1.265686e+03  8.681818e+01
     vertex -4.309694e+02  1.267131e+03  8.618972e+01
   endloop
 endfacet
 facet normal  6.216284e-01  5.319689e-01  5.749672e-01
   outer loop
     vertex -4.326563e+02  1.265686e+03  8.935030e+01
     vertex -4.309694e+02  1.267131e+03  8.618972e+01
     vertex -4.333339e+02  1.267131e+03  8.874610e+01
   endloop
 endfacet
 facet normal  6.929385e-01  3.302303e-01  6.409245e-01
   outer loop
     vertex -4.326563e+02  1.265686e+03  8.935030e+01
     vertex -4.299076e+02  1.264076e+03  8.720832e+01
     vertex -4.303143e+02  1.265686e+03  8.681818e+01
   endloop
 endfacet
 facet normal  6.929385e-01  3.302303e-01  6.409245e-01
   outer loop
     vertex -4.322357e+02  1.264076e+03  8.972537e+01
     vertex -4.299076e+02  1.264076e+03  8.720832e+01
     vertex -4.326563e+02  1.265686e+03  8.935030e+01
   endloop
 endfacet
 facet normal  7.295080e-01  1.119462e-01  6.747490e-01
   outer loop
     vertex -4.322357e+02  1.264076e+03  8.972537e+01
     vertex -4.320931e+02  1.262380e+03  8.985252e+01
     vertex -4.299076e+02  1.264076e+03  8.720832e+01
   endloop
 endfacet
 facet normal  8.695877e-02  9.936993e-01  7.070993e-02
   outer loop
     vertex -4.422502e+02  1.269809e+03  9.296294e+01
     vertex -4.365148e+02  1.269809e+03  8.590960e+01
     vertex -4.436131e+02  1.270000e+03  9.195415e+01
   endloop
 endfacet
 facet normal  2.564901e-01  9.437766e-01  2.085632e-01
   outer loop
     vertex -4.422502e+02  1.269809e+03  9.296294e+01
     vertex -4.353128e+02  1.269245e+03  8.698151e+01
     vertex -4.365148e+02  1.269809e+03  8.590960e+01
   endloop
 endfacet
 facet normal  2.564901e-01  9.437766e-01  2.085632e-01
   outer loop
     vertex -4.409557e+02  1.269245e+03  9.392114e+01
     vertex -4.353128e+02  1.269245e+03  8.698151e+01
     vertex -4.422502e+02  1.269809e+03  9.296294e+01
   endloop
 endfacet
 facet normal  4.130942e-01  8.464757e-01  3.359048e-01
   outer loop
     vertex -4.409557e+02  1.269245e+03  9.392114e+01
     vertex -4.342344e+02  1.268338e+03  8.794308e+01
     vertex -4.353128e+02  1.269245e+03  8.698151e+01
   endloop
 endfacet
 facet normal  4.130942e-01  8.464757e-01  3.359048e-01
   outer loop
     vertex -4.397944e+02  1.268338e+03  9.478071e+01
     vertex -4.342344e+02  1.268338e+03  8.794308e+01
     vertex -4.409557e+02  1.269245e+03  9.392114e+01
   endloop
 endfacet
 facet normal  5.489069e-01  7.067404e-01  4.463399e-01
   outer loop
     vertex -4.388246e+02  1.267131e+03  9.549854e+01
     vertex -4.333339e+02  1.267131e+03  8.874610e+01
     vertex -4.342344e+02  1.268338e+03  8.794308e+01
   endloop
 endfacet
 facet normal  5.489069e-01  7.067404e-01  4.463399e-01
   outer loop
     vertex -4.388246e+02  1.267131e+03  9.549854e+01
     vertex -4.342344e+02  1.268338e+03  8.794308e+01
     vertex -4.397944e+02  1.268338e+03  9.478071e+01
   endloop
 endfacet
 facet normal  1.065831e-01  9.919179e-01  6.883955e-02
   outer loop
     vertex -4.453751e+02  1.269809e+03  9.743509e+01
     vertex -4.436131e+02  1.270000e+03  9.195415e+01
     vertex -4.506331e+02  1.270000e+03  1.028232e+02
   endloop
 endfacet
 facet normal  9.181282e-02  9.937076e-01  6.415361e-02
   outer loop
     vertex -4.453751e+02  1.269809e+03  9.743509e+01
     vertex -4.422502e+02  1.269809e+03  9.296294e+01
     vertex -4.436131e+02  1.270000e+03  9.195415e+01
   endloop
 endfacet
 facet normal  6.571402e-01  5.316369e-01  5.343491e-01
   outer loop
     vertex -4.380949e+02  1.265686e+03  9.603864e+01
     vertex -4.333339e+02  1.267131e+03  8.874610e+01
     vertex -4.388246e+02  1.267131e+03  9.549854e+01
   endloop
 endfacet
 facet normal  6.571402e-01  5.316369e-01  5.343491e-01
   outer loop
     vertex -4.380949e+02  1.265686e+03  9.603864e+01
     vertex -4.326563e+02  1.265686e+03  8.935030e+01
     vertex -4.333339e+02  1.267131e+03  8.874610e+01
   endloop
 endfacet
 facet normal  2.708248e-01  9.438449e-01  1.892371e-01
   outer loop
     vertex -4.440302e+02  1.269245e+03  9.832119e+01
     vertex -4.409557e+02  1.269245e+03  9.392114e+01
     vertex -4.422502e+02  1.269809e+03  9.296294e+01
   endloop
 endfacet
 facet normal  2.708248e-01  9.438449e-01  1.892371e-01
   outer loop
     vertex -4.440302e+02  1.269245e+03  9.832119e+01
     vertex -4.422502e+02  1.269809e+03  9.296294e+01
     vertex -4.453751e+02  1.269809e+03  9.743509e+01
   endloop
 endfacet
 facet normal  7.324132e-01  3.299743e-01  5.955568e-01
   outer loop
     vertex -4.376419e+02  1.264076e+03  9.637393e+01
     vertex -4.322357e+02  1.264076e+03  8.972537e+01
     vertex -4.326563e+02  1.265686e+03  8.935030e+01
   endloop
 endfacet
 facet normal  7.710012e-01  1.118500e-01  6.269344e-01
   outer loop
     vertex -4.376419e+02  1.264076e+03  9.637393e+01
     vertex -4.320931e+02  1.262380e+03  8.985252e+01
     vertex -4.322357e+02  1.264076e+03  8.972537e+01
   endloop
 endfacet
 facet normal  7.690694e-01  2.428692e-01  5.912248e-01
   outer loop
     vertex -4.376419e+02  1.264076e+03  9.637393e+01
     vertex -4.404279e+02  1.262380e+03  1.006945e+02
     vertex -4.320931e+02  1.262380e+03  8.985252e+01
   endloop
 endfacet
 facet normal  7.324132e-01  3.299743e-01  5.955568e-01
   outer loop
     vertex -4.376419e+02  1.264076e+03  9.637393e+01
     vertex -4.326563e+02  1.265686e+03  8.935030e+01
     vertex -4.380949e+02  1.265686e+03  9.603864e+01
   endloop
 endfacet
 facet normal  4.362316e-01  8.466348e-01  3.048139e-01
   outer loop
     vertex -4.428237e+02  1.268338e+03  9.911608e+01
     vertex -4.409557e+02  1.269245e+03  9.392114e+01
     vertex -4.440302e+02  1.269245e+03  9.832119e+01
   endloop
 endfacet
 facet normal  4.362316e-01  8.466348e-01  3.048139e-01
   outer loop
     vertex -4.428237e+02  1.268338e+03  9.911608e+01
     vertex -4.397944e+02  1.268338e+03  9.478071e+01
     vertex -4.409557e+02  1.269245e+03  9.392114e+01
   endloop
 endfacet
 facet normal  5.797345e-01  7.069749e-01  4.050857e-01
   outer loop
     vertex -4.428237e+02  1.268338e+03  9.911608e+01
     vertex -4.388246e+02  1.267131e+03  9.549854e+01
     vertex -4.397944e+02  1.268338e+03  9.478071e+01
   endloop
 endfacet
 facet normal  6.941462e-01  5.318898e-01  4.850301e-01
   outer loop
     vertex -4.418162e+02  1.267131e+03  9.977990e+01
     vertex -4.380949e+02  1.265686e+03  9.603864e+01
     vertex -4.388246e+02  1.267131e+03  9.549854e+01
   endloop
 endfacet
 facet normal  5.797345e-01  7.069749e-01  4.050857e-01
   outer loop
     vertex -4.418162e+02  1.267131e+03  9.977990e+01
     vertex -4.388246e+02  1.267131e+03  9.549854e+01
     vertex -4.428237e+02  1.268338e+03  9.911608e+01
   endloop
 endfacet
 facet normal  6.941462e-01  5.318898e-01  4.850301e-01
   outer loop
     vertex -4.410581e+02  1.265686e+03  1.002794e+02
     vertex -4.380949e+02  1.265686e+03  9.603864e+01
     vertex -4.418162e+02  1.267131e+03  9.977990e+01
   endloop
 endfacet
 facet normal  9.573896e-02  9.937039e-01  5.819382e-02
   outer loop
     vertex -4.491531e+02  1.269809e+03  1.036506e+02
     vertex -4.453751e+02  1.269809e+03  9.743509e+01
     vertex -4.506331e+02  1.270000e+03  1.028232e+02
   endloop
 endfacet
 facet normal  7.737473e-01  3.301693e-01  5.406508e-01
   outer loop
     vertex -4.405875e+02  1.264076e+03  1.005894e+02
     vertex -4.380949e+02  1.265686e+03  9.603864e+01
     vertex -4.410581e+02  1.265686e+03  1.002794e+02
   endloop
 endfacet
 facet normal  8.145651e-01  1.119233e-01  5.691720e-01
   outer loop
     vertex -4.405875e+02  1.264076e+03  1.005894e+02
     vertex -4.404279e+02  1.262380e+03  1.006945e+02
     vertex -4.376419e+02  1.264076e+03  9.637393e+01
   endloop
 endfacet
 facet normal  7.737473e-01  3.301693e-01  5.406508e-01
   outer loop
     vertex -4.405875e+02  1.264076e+03  1.005894e+02
     vertex -4.376419e+02  1.264076e+03  9.637393e+01
     vertex -4.380949e+02  1.265686e+03  9.603864e+01
   endloop
 endfacet
 facet normal  2.823980e-01  9.438150e-01  1.716524e-01
   outer loop
     vertex -4.477473e+02  1.269245e+03  1.044365e+02
     vertex -4.440302e+02  1.269245e+03  9.832119e+01
     vertex -4.453751e+02  1.269809e+03  9.743509e+01
   endloop
 endfacet
 facet normal  2.823980e-01  9.438150e-01  1.716524e-01
   outer loop
     vertex -4.477473e+02  1.269245e+03  1.044365e+02
     vertex -4.453751e+02  1.269809e+03  9.743509e+01
     vertex -4.491531e+02  1.269809e+03  1.036506e+02
   endloop
 endfacet
 facet normal  4.548502e-01  8.465652e-01  2.764754e-01
   outer loop
     vertex -4.464862e+02  1.268338e+03  1.051415e+02
     vertex -4.440302e+02  1.269245e+03  9.832119e+01
     vertex -4.477473e+02  1.269245e+03  1.044365e+02
   endloop
 endfacet
 facet normal  4.548502e-01  8.465652e-01  2.764754e-01
   outer loop
     vertex -4.464862e+02  1.268338e+03  1.051415e+02
     vertex -4.428237e+02  1.268338e+03  9.911608e+01
     vertex -4.440302e+02  1.269245e+03  9.832119e+01
   endloop
 endfacet
 facet normal  6.044398e-01  7.068723e-01  3.674017e-01
   outer loop
     vertex -4.464862e+02  1.268338e+03  1.051415e+02
     vertex -4.418162e+02  1.267131e+03  9.977990e+01
     vertex -4.428237e+02  1.268338e+03  9.911608e+01
   endloop
 endfacet
 facet normal  6.044398e-01  7.068723e-01  3.674017e-01
   outer loop
     vertex -4.454330e+02  1.267131e+03  1.057302e+02
     vertex -4.418162e+02  1.267131e+03  9.977990e+01
     vertex -4.464862e+02  1.268338e+03  1.051415e+02
   endloop
 endfacet
 facet normal  7.236817e-01  5.317792e-01  4.398815e-01
   outer loop
     vertex -4.446406e+02  1.265686e+03  1.061732e+02
     vertex -4.410581e+02  1.265686e+03  1.002794e+02
     vertex -4.418162e+02  1.267131e+03  9.977990e+01
   endloop
 endfacet
 facet normal  7.236817e-01  5.317792e-01  4.398815e-01
   outer loop
     vertex -4.446406e+02  1.265686e+03  1.061732e+02
     vertex -4.418162e+02  1.267131e+03  9.977990e+01
     vertex -4.454330e+02  1.267131e+03  1.057302e+02
   endloop
 endfacet
 facet normal  1.144678e-01  9.919179e-01  5.473531e-02
   outer loop
     vertex -4.524689e+02  1.269809e+03  1.101244e+02
     vertex -4.506331e+02  1.270000e+03  1.028232e+02
     vertex -4.562149e+02  1.270000e+03  1.144962e+02
   endloop
 endfacet
 facet normal  9.971925e-02  9.937039e-01  5.107387e-02
   outer loop
     vertex -4.524689e+02  1.269809e+03  1.101244e+02
     vertex -4.491531e+02  1.269809e+03  1.036506e+02
     vertex -4.506331e+02  1.270000e+03  1.028232e+02
   endloop
 endfacet
 facet normal  8.448674e-01  2.512430e-01  4.723092e-01
   outer loop
     vertex -4.441487e+02  1.264076e+03  1.064482e+02
     vertex -4.471010e+02  1.262380e+03  1.126314e+02
     vertex -4.404279e+02  1.262380e+03  1.006945e+02
   endloop
 endfacet
 facet normal  8.491577e-01  1.118912e-01  5.161507e-01
   outer loop
     vertex -4.441487e+02  1.264076e+03  1.064482e+02
     vertex -4.404279e+02  1.262380e+03  1.006945e+02
     vertex -4.405875e+02  1.264076e+03  1.005894e+02
   endloop
 endfacet
 facet normal  8.066290e-01  3.300840e-01  4.903001e-01
   outer loop
     vertex -4.441487e+02  1.264076e+03  1.064482e+02
     vertex -4.405875e+02  1.264076e+03  1.005894e+02
     vertex -4.410581e+02  1.265686e+03  1.002794e+02
   endloop
 endfacet
 facet normal  8.066290e-01  3.300840e-01  4.903001e-01
   outer loop
     vertex -4.441487e+02  1.264076e+03  1.064482e+02
     vertex -4.410581e+02  1.265686e+03  1.002794e+02
     vertex -4.446406e+02  1.265686e+03  1.061732e+02
   endloop
 endfacet
 facet normal  2.941386e-01  9.438150e-01  1.506509e-01
   outer loop
     vertex -4.510096e+02  1.269245e+03  1.108060e+02
     vertex -4.491531e+02  1.269809e+03  1.036506e+02
     vertex -4.524689e+02  1.269809e+03  1.101244e+02
   endloop
 endfacet
 facet normal  2.941386e-01  9.438150e-01  1.506509e-01
   outer loop
     vertex -4.510096e+02  1.269245e+03  1.108060e+02
     vertex -4.477473e+02  1.269245e+03  1.044365e+02
     vertex -4.491531e+02  1.269809e+03  1.036506e+02
   endloop
 endfacet
 facet normal  4.737603e-01  8.465652e-01  2.426489e-01
   outer loop
     vertex -4.510096e+02  1.269245e+03  1.108060e+02
     vertex -4.464862e+02  1.268338e+03  1.051415e+02
     vertex -4.477473e+02  1.269245e+03  1.044365e+02
   endloop
 endfacet
 facet normal  4.737603e-01  8.465652e-01  2.426489e-01
   outer loop
     vertex -4.497005e+02  1.268338e+03  1.114173e+02
     vertex -4.464862e+02  1.268338e+03  1.051415e+02
     vertex -4.510096e+02  1.269245e+03  1.108060e+02
   endloop
 endfacet
 facet normal  6.295690e-01  7.068723e-01  3.224505e-01
   outer loop
     vertex -4.486073e+02  1.267131e+03  1.119279e+02
     vertex -4.454330e+02  1.267131e+03  1.057302e+02
     vertex -4.464862e+02  1.268338e+03  1.051415e+02
   endloop
 endfacet
 facet normal  6.295690e-01  7.068723e-01  3.224505e-01
   outer loop
     vertex -4.486073e+02  1.267131e+03  1.119279e+02
     vertex -4.464862e+02  1.268338e+03  1.051415e+02
     vertex -4.497005e+02  1.268338e+03  1.114173e+02
   endloop
 endfacet
 facet normal  1.027396e-01  9.937076e-01  4.460772e-02
   outer loop
     vertex -4.546417e+02  1.269809e+03  1.151288e+02
     vertex -4.524689e+02  1.269809e+03  1.101244e+02
     vertex -4.562149e+02  1.270000e+03  1.144962e+02
   endloop
 endfacet
 facet normal  7.537683e-01  5.317792e-01  3.860625e-01
   outer loop
     vertex -4.477848e+02  1.265686e+03  1.123121e+02
     vertex -4.446406e+02  1.265686e+03  1.061732e+02
     vertex -4.454330e+02  1.267131e+03  1.057302e+02
   endloop
 endfacet
 facet normal  7.537683e-01  5.317792e-01  3.860625e-01
   outer loop
     vertex -4.477848e+02  1.265686e+03  1.123121e+02
     vertex -4.454330e+02  1.267131e+03  1.057302e+02
     vertex -4.486073e+02  1.267131e+03  1.119279e+02
   endloop
 endfacet
 facet normal  3.030562e-01  9.438449e-01  1.315816e-01
   outer loop
     vertex -4.531474e+02  1.269245e+03  1.157297e+02
     vertex -4.510096e+02  1.269245e+03  1.108060e+02
     vertex -4.524689e+02  1.269809e+03  1.101244e+02
   endloop
 endfacet
 facet normal  3.030562e-01  9.438449e-01  1.315816e-01
   outer loop
     vertex -4.531474e+02  1.269245e+03  1.157297e+02
     vertex -4.524689e+02  1.269809e+03  1.101244e+02
     vertex -4.546417e+02  1.269809e+03  1.151288e+02
   endloop
 endfacet
 facet normal  8.401641e-01  3.300840e-01  4.303124e-01
   outer loop
     vertex -4.472741e+02  1.264076e+03  1.125505e+02
     vertex -4.446406e+02  1.265686e+03  1.061732e+02
     vertex -4.477848e+02  1.265686e+03  1.123121e+02
   endloop
 endfacet
 facet normal  8.844610e-01  1.118912e-01  4.530002e-01
   outer loop
     vertex -4.472741e+02  1.264076e+03  1.125505e+02
     vertex -4.471010e+02  1.262380e+03  1.126314e+02
     vertex -4.441487e+02  1.264076e+03  1.064482e+02
   endloop
 endfacet
 facet normal  8.401641e-01  3.300840e-01  4.303124e-01
   outer loop
     vertex -4.472741e+02  1.264076e+03  1.125505e+02
     vertex -4.441487e+02  1.264076e+03  1.064482e+02
     vertex -4.446406e+02  1.265686e+03  1.061732e+02
   endloop
 endfacet
 facet normal  4.881482e-01  8.466348e-01  2.119453e-01
   outer loop
     vertex -4.518069e+02  1.268338e+03  1.162687e+02
     vertex -4.497005e+02  1.268338e+03  1.114173e+02
     vertex -4.510096e+02  1.269245e+03  1.108060e+02
   endloop
 endfacet
 facet normal  4.881482e-01  8.466348e-01  2.119453e-01
   outer loop
     vertex -4.518069e+02  1.268338e+03  1.162687e+02
     vertex -4.510096e+02  1.269245e+03  1.108060e+02
     vertex -4.531474e+02  1.269245e+03  1.157297e+02
   endloop
 endfacet
 facet normal  6.487297e-01  7.069749e-01  2.816669e-01
   outer loop
     vertex -4.506874e+02  1.267131e+03  1.167188e+02
     vertex -4.486073e+02  1.267131e+03  1.119279e+02
     vertex -4.497005e+02  1.268338e+03  1.114173e+02
   endloop
 endfacet
 facet normal  6.487297e-01  7.069749e-01  2.816669e-01
   outer loop
     vertex -4.506874e+02  1.267131e+03  1.167188e+02
     vertex -4.497005e+02  1.268338e+03  1.114173e+02
     vertex -4.518069e+02  1.268338e+03  1.162687e+02
   endloop
 endfacet
 facet normal  7.767578e-01  5.318898e-01  3.372544e-01
   outer loop
     vertex -4.498451e+02  1.265686e+03  1.170575e+02
     vertex -4.477848e+02  1.265686e+03  1.123121e+02
     vertex -4.486073e+02  1.267131e+03  1.119279e+02
   endloop
 endfacet
 facet normal  8.658323e-01  3.301693e-01  3.759290e-01
   outer loop
     vertex -4.498451e+02  1.265686e+03  1.170575e+02
     vertex -4.472741e+02  1.264076e+03  1.125505e+02
     vertex -4.477848e+02  1.265686e+03  1.123121e+02
   endloop
 endfacet
 facet normal  7.767578e-01  5.318898e-01  3.372544e-01
   outer loop
     vertex -4.498451e+02  1.265686e+03  1.170575e+02
     vertex -4.486073e+02  1.267131e+03  1.119279e+02
     vertex -4.506874e+02  1.267131e+03  1.167188e+02
   endloop
 endfacet
 facet normal  9.064634e-01  2.428692e-01  3.454541e-01
   outer loop
     vertex -4.493223e+02  1.264076e+03  1.172677e+02
     vertex -4.519711e+02  1.262380e+03  1.254103e+02
     vertex -4.471010e+02  1.262380e+03  1.126314e+02
   endloop
 endfacet
 facet normal  9.115080e-01  1.119233e-01  3.957606e-01
   outer loop
     vertex -4.493223e+02  1.264076e+03  1.172677e+02
     vertex -4.471010e+02  1.262380e+03  1.126314e+02
     vertex -4.472741e+02  1.264076e+03  1.125505e+02
   endloop
 endfacet
 facet normal  8.658323e-01  3.301693e-01  3.759290e-01
   outer loop
     vertex -4.493223e+02  1.264076e+03  1.172677e+02
     vertex -4.472741e+02  1.264076e+03  1.125505e+02
     vertex -4.498451e+02  1.265686e+03  1.170575e+02
   endloop
 endfacet
 facet normal  1.179235e-01  9.922607e-01  3.889484e-02
   outer loop
     vertex -4.576459e+02  1.269809e+03  1.237089e+02
     vertex -4.562149e+02  1.270000e+03  1.144962e+02
     vertex -4.602678e+02  1.270000e+03  1.267840e+02
   endloop
 endfacet
 facet normal  1.057821e-01  9.936993e-01  3.703868e-02
   outer loop
     vertex -4.576459e+02  1.269809e+03  1.237089e+02
     vertex -4.546417e+02  1.269809e+03  1.151288e+02
     vertex -4.562149e+02  1.270000e+03  1.144962e+02
   endloop
 endfacet
 facet normal  3.120108e-01  9.437766e-01  1.092478e-01
   outer loop
     vertex -4.561032e+02  1.269245e+03  1.241715e+02
     vertex -4.531474e+02  1.269245e+03  1.157297e+02
     vertex -4.546417e+02  1.269809e+03  1.151288e+02
   endloop
 endfacet
 facet normal  5.025138e-01  8.464757e-01  1.759508e-01
   outer loop
     vertex -4.561032e+02  1.269245e+03  1.241715e+02
     vertex -4.518069e+02  1.268338e+03  1.162687e+02
     vertex -4.531474e+02  1.269245e+03  1.157297e+02
   endloop
 endfacet
 facet normal  3.120108e-01  9.437766e-01  1.092478e-01
   outer loop
     vertex -4.561032e+02  1.269245e+03  1.241715e+02
     vertex -4.546417e+02  1.269809e+03  1.151288e+02
     vertex -4.576459e+02  1.269809e+03  1.237089e+02
   endloop
 endfacet
 facet normal  5.025138e-01  8.464757e-01  1.759508e-01
   outer loop
     vertex -4.547192e+02  1.268338e+03  1.245864e+02
     vertex -4.518069e+02  1.268338e+03  1.162687e+02
     vertex -4.561032e+02  1.269245e+03  1.241715e+02
   endloop
 endfacet
 facet normal  3.180873e-01  9.438663e-01  8.908944e-02
   outer loop
     vertex -4.586269e+02  1.269809e+03  1.272116e+02
     vertex -4.561032e+02  1.269245e+03  1.241715e+02
     vertex -4.576459e+02  1.269809e+03  1.237089e+02
   endloop
 endfacet
 facet normal  1.078332e-01  9.937101e-01  3.020177e-02
   outer loop
     vertex -4.586269e+02  1.269809e+03  1.272116e+02
     vertex -4.576459e+02  1.269809e+03  1.237089e+02
     vertex -4.602678e+02  1.270000e+03  1.267840e+02
   endloop
 endfacet
 facet normal  6.677249e-01  7.067404e-01  2.337980e-01
   outer loop
     vertex -4.535635e+02  1.267131e+03  1.249329e+02
     vertex -4.518069e+02  1.268338e+03  1.162687e+02
     vertex -4.547192e+02  1.268338e+03  1.245864e+02
   endloop
 endfacet
 facet normal  6.677249e-01  7.067404e-01  2.337980e-01
   outer loop
     vertex -4.535635e+02  1.267131e+03  1.249329e+02
     vertex -4.506874e+02  1.267131e+03  1.167188e+02
     vertex -4.518069e+02  1.268338e+03  1.162687e+02
   endloop
 endfacet
 facet normal  3.180873e-01  9.438663e-01  8.908944e-02
   outer loop
     vertex -4.570684e+02  1.269245e+03  1.276176e+02
     vertex -4.561032e+02  1.269245e+03  1.241715e+02
     vertex -4.586269e+02  1.269809e+03  1.272116e+02
   endloop
 endfacet
 facet normal  7.993868e-01  5.316369e-01  2.798982e-01
   outer loop
     vertex -4.526939e+02  1.265686e+03  1.251936e+02
     vertex -4.506874e+02  1.267131e+03  1.167188e+02
     vertex -4.535635e+02  1.267131e+03  1.249329e+02
   endloop
 endfacet
 facet normal  7.993868e-01  5.316369e-01  2.798982e-01
   outer loop
     vertex -4.526939e+02  1.265686e+03  1.251936e+02
     vertex -4.498451e+02  1.265686e+03  1.170575e+02
     vertex -4.506874e+02  1.267131e+03  1.167188e+02
   endloop
 endfacet
 facet normal  8.909535e-01  3.299743e-01  3.119595e-01
   outer loop
     vertex -4.526939e+02  1.265686e+03  1.251936e+02
     vertex -4.493223e+02  1.264076e+03  1.172677e+02
     vertex -4.498451e+02  1.265686e+03  1.170575e+02
   endloop
 endfacet
 facet normal  5.123782e-01  8.466845e-01  1.435061e-01
   outer loop
     vertex -4.556703e+02  1.268338e+03  1.279819e+02
     vertex -4.547192e+02  1.268338e+03  1.245864e+02
     vertex -4.561032e+02  1.269245e+03  1.241715e+02
   endloop
 endfacet
 facet normal  5.123782e-01  8.466845e-01  1.435061e-01
   outer loop
     vertex -4.556703e+02  1.268338e+03  1.279819e+02
     vertex -4.561032e+02  1.269245e+03  1.241715e+02
     vertex -4.570684e+02  1.269245e+03  1.276176e+02
   endloop
 endfacet
 facet normal  6.809609e-01  7.070482e-01  1.907226e-01
   outer loop
     vertex -4.556703e+02  1.268338e+03  1.279819e+02
     vertex -4.535635e+02  1.267131e+03  1.249329e+02
     vertex -4.547192e+02  1.268338e+03  1.245864e+02
   endloop
 endfacet
 facet normal  8.909535e-01  3.299743e-01  3.119595e-01
   outer loop
     vertex -4.521541e+02  1.264076e+03  1.253555e+02
     vertex -4.493223e+02  1.264076e+03  1.172677e+02
     vertex -4.526939e+02  1.265686e+03  1.251936e+02
   endloop
 endfacet
 facet normal  9.378945e-01  1.118500e-01  3.283955e-01
   outer loop
     vertex -4.521541e+02  1.264076e+03  1.253555e+02
     vertex -4.519711e+02  1.262380e+03  1.254103e+02
     vertex -4.493223e+02  1.264076e+03  1.172677e+02
   endloop
 endfacet
 facet normal  8.153865e-01  5.319689e-01  2.283723e-01
   outer loop
     vertex -4.545027e+02  1.267131e+03  1.282861e+02
     vertex -4.526939e+02  1.265686e+03  1.251936e+02
     vertex -4.535635e+02  1.267131e+03  1.249329e+02
   endloop
 endfacet
 facet normal  6.809609e-01  7.070482e-01  1.907226e-01
   outer loop
     vertex -4.545027e+02  1.267131e+03  1.282861e+02
     vertex -4.535635e+02  1.267131e+03  1.249329e+02
     vertex -4.556703e+02  1.268338e+03  1.279819e+02
   endloop
 endfacet
 facet normal  8.153865e-01  5.319689e-01  2.283723e-01
   outer loop
     vertex -4.536242e+02  1.265686e+03  1.285150e+02
     vertex -4.526939e+02  1.265686e+03  1.251936e+02
     vertex -4.545027e+02  1.267131e+03  1.282861e+02
   endloop
 endfacet
 facet normal  9.528760e-01  2.174288e-01  2.115466e-01
   outer loop
     vertex -4.530788e+02  1.264076e+03  1.286571e+02
     vertex -4.549350e+02  1.262380e+03  1.387608e+02
     vertex -4.519711e+02  1.262380e+03  1.254103e+02
   endloop
 endfacet
 facet normal  9.089236e-01  3.302303e-01  2.545700e-01
   outer loop
     vertex -4.530788e+02  1.264076e+03  1.286571e+02
     vertex -4.521541e+02  1.264076e+03  1.253555e+02
     vertex -4.526939e+02  1.265686e+03  1.251936e+02
   endloop
 endfacet
 facet normal  9.568916e-01  1.119462e-01  2.680048e-01
   outer loop
     vertex -4.530788e+02  1.264076e+03  1.286571e+02
     vertex -4.519711e+02  1.262380e+03  1.254103e+02
     vertex -4.521541e+02  1.264076e+03  1.253555e+02
   endloop
 endfacet
 facet normal  9.089236e-01  3.302303e-01  2.545700e-01
   outer loop
     vertex -4.530788e+02  1.264076e+03  1.286571e+02
     vertex -4.526939e+02  1.265686e+03  1.251936e+02
     vertex -4.536242e+02  1.265686e+03  1.285150e+02
   endloop
 endfacet
 facet normal  1.098887e-01  9.936936e-01  2.230526e-02
   outer loop
     vertex -4.607967e+02  1.269809e+03  1.379010e+02
     vertex -4.586269e+02  1.269809e+03  1.272116e+02
     vertex -4.602678e+02  1.270000e+03  1.267840e+02
   endloop
 endfacet
 facet normal  1.169167e-01  9.928840e-01  2.262572e-02
   outer loop
     vertex -4.607967e+02  1.269809e+03  1.379010e+02
     vertex -4.602678e+02  1.270000e+03  1.267840e+02
     vertex -4.627261e+02  1.270000e+03  1.394873e+02
   endloop
 endfacet
 facet normal  3.241089e-01  9.437295e-01  6.578780e-02
   outer loop
     vertex -4.592031e+02  1.269245e+03  1.381347e+02
     vertex -4.570684e+02  1.269245e+03  1.276176e+02
     vertex -4.586269e+02  1.269809e+03  1.272116e+02
   endloop
 endfacet
 facet normal  3.241089e-01  9.437295e-01  6.578780e-02
   outer loop
     vertex -4.592031e+02  1.269245e+03  1.381347e+02
     vertex -4.586269e+02  1.269809e+03  1.272116e+02
     vertex -4.607967e+02  1.269809e+03  1.379010e+02
   endloop
 endfacet
 facet normal  2.915208e-01  9.251455e-01  2.431491e-01
   outer loop
     vertex -4.592031e+02  1.269245e+03  1.381347e+02
     vertex -4.607967e+02  1.269809e+03  1.379010e+02
     vertex -4.627261e+02  1.270000e+03  1.394873e+02
   endloop
 endfacet
 facet normal  5.219572e-01  8.463663e-01  1.059472e-01
   outer loop
     vertex -4.577736e+02  1.268338e+03  1.383444e+02
     vertex -4.570684e+02  1.269245e+03  1.276176e+02
     vertex -4.592031e+02  1.269245e+03  1.381347e+02
   endloop
 endfacet
 facet normal  5.219572e-01  8.463663e-01  1.059472e-01
   outer loop
     vertex -4.577736e+02  1.268338e+03  1.383444e+02
     vertex -4.556703e+02  1.268338e+03  1.279819e+02
     vertex -4.570684e+02  1.269245e+03  1.276176e+02
   endloop
 endfacet
 facet normal  3.765034e-01  7.258264e-01  5.756920e-01
   outer loop
     vertex -4.577736e+02  1.268338e+03  1.383444e+02
     vertex -4.592031e+02  1.269245e+03  1.381347e+02
     vertex -4.627261e+02  1.270000e+03  1.394873e+02
   endloop
 endfacet
 facet normal  3.230246e-01  9.460971e-01  2.356488e-02
   outer loop
     vertex -4.577736e+02  1.268338e+03  1.383444e+02
     vertex -4.627261e+02  1.270000e+03  1.394873e+02
     vertex -4.587990e+02  1.268338e+03  1.524000e+02
   endloop
 endfacet
 facet normal  7.061679e-01  7.061679e-01  5.151547e-02
   outer loop
     vertex -4.565799e+02  1.267131e+03  1.385195e+02
     vertex -4.587990e+02  1.268338e+03  1.524000e+02
     vertex -4.575924e+02  1.267131e+03  1.524000e+02
   endloop
 endfacet
 facet normal  8.451135e-01  5.310200e-01  6.165166e-02
   outer loop
     vertex -4.565799e+02  1.267131e+03  1.385195e+02
     vertex -4.575924e+02  1.267131e+03  1.524000e+02
     vertex -4.566846e+02  1.265686e+03  1.524000e+02
   endloop
 endfacet
 facet normal  6.934920e-01  7.065790e-01  1.407654e-01
   outer loop
     vertex -4.565799e+02  1.267131e+03  1.385195e+02
     vertex -4.545027e+02  1.267131e+03  1.282861e+02
     vertex -4.556703e+02  1.268338e+03  1.279819e+02
   endloop
 endfacet
 facet normal  6.934920e-01  7.065790e-01  1.407654e-01
   outer loop
     vertex -4.565799e+02  1.267131e+03  1.385195e+02
     vertex -4.556703e+02  1.268338e+03  1.279819e+02
     vertex -4.577736e+02  1.268338e+03  1.383444e+02
   endloop
 endfacet
 facet normal  7.061679e-01  7.061679e-01  5.151547e-02
   outer loop
     vertex -4.565799e+02  1.267131e+03  1.385195e+02
     vertex -4.577736e+02  1.268338e+03  1.383444e+02
     vertex -4.587990e+02  1.268338e+03  1.524000e+02
   endloop
 endfacet
 facet normal  9.416536e-01  3.294989e-01  6.869434e-02
   outer loop
     vertex -4.556816e+02  1.265686e+03  1.386512e+02
     vertex -4.566846e+02  1.265686e+03  1.524000e+02
     vertex -4.561210e+02  1.264076e+03  1.524000e+02
   endloop
 endfacet
 facet normal  8.301525e-01  5.314630e-01  1.685048e-01
   outer loop
     vertex -4.556816e+02  1.265686e+03  1.386512e+02
     vertex -4.536242e+02  1.265686e+03  1.285150e+02
     vertex -4.545027e+02  1.267131e+03  1.282861e+02
   endloop
 endfacet
 facet normal  8.451135e-01  5.310200e-01  6.165166e-02
   outer loop
     vertex -4.556816e+02  1.265686e+03  1.386512e+02
     vertex -4.565799e+02  1.267131e+03  1.385195e+02
     vertex -4.566846e+02  1.265686e+03  1.524000e+02
   endloop
 endfacet
 facet normal  8.301525e-01  5.314630e-01  1.685048e-01
   outer loop
     vertex -4.556816e+02  1.265686e+03  1.386512e+02
     vertex -4.545027e+02  1.267131e+03  1.282861e+02
     vertex -4.565799e+02  1.267131e+03  1.385195e+02
   endloop
 endfacet
 facet normal  9.738710e-01  1.117996e-01  1.976769e-01
   outer loop
     vertex -4.551240e+02  1.264076e+03  1.387330e+02
     vertex -4.549350e+02  1.262380e+03  1.387608e+02
     vertex -4.530788e+02  1.264076e+03  1.286571e+02
   endloop
 endfacet
 facet normal  9.251701e-01  3.298402e-01  1.877915e-01
   outer loop
     vertex -4.551240e+02  1.264076e+03  1.387330e+02
     vertex -4.530788e+02  1.264076e+03  1.286571e+02
     vertex -4.536242e+02  1.265686e+03  1.285150e+02
   endloop
 endfacet
 facet normal  9.251701e-01  3.298402e-01  1.877915e-01
   outer loop
     vertex -4.551240e+02  1.264076e+03  1.387330e+02
     vertex -4.536242e+02  1.265686e+03  1.285150e+02
     vertex -4.556816e+02  1.265686e+03  1.386512e+02
   endloop
 endfacet
 facet normal  9.416536e-01  3.294989e-01  6.869434e-02
   outer loop
     vertex -4.551240e+02  1.264076e+03  1.387330e+02
     vertex -4.556816e+02  1.265686e+03  1.386512e+02
     vertex -4.561210e+02  1.264076e+03  1.524000e+02
   endloop
 endfacet
 facet normal  9.911114e-01  1.116714e-01  7.230232e-02
   outer loop
     vertex -4.551240e+02  1.264076e+03  1.387330e+02
     vertex -4.561210e+02  1.264076e+03  1.524000e+02
     vertex -4.549350e+02  1.262380e+03  1.387608e+02
   endloop
 endfacet
 facet normal  9.937122e-01  1.119645e-01  0.000000e+00
   outer loop
     vertex  5.141590e+02  1.264076e+03  9.652000e+02
     vertex  5.143500e+02  1.262380e+03  9.652000e+02
     vertex  5.143500e+02  1.262380e+03  1.524000e+02
   endloop
 endfacet
 facet normal  9.937122e-01  1.119645e-01  0.000000e+00
   outer loop
     vertex  5.141590e+02  1.264076e+03  9.652000e+02
     vertex  5.143500e+02  1.262380e+03  1.524000e+02
     vertex  5.141590e+02  1.264076e+03  1.524000e+02
   endloop
 endfacet
 facet normal  9.438833e-01  3.302791e-01  0.000000e+00
   outer loop
     vertex  5.135954e+02  1.265686e+03  9.652000e+02
     vertex  5.141590e+02  1.264076e+03  1.524000e+02
     vertex  5.135954e+02  1.265686e+03  1.524000e+02
   endloop
 endfacet
 facet normal  9.438833e-01  3.302791e-01  0.000000e+00
   outer loop
     vertex  5.135954e+02  1.265686e+03  9.652000e+02
     vertex  5.141590e+02  1.264076e+03  9.652000e+02
     vertex  5.141590e+02  1.264076e+03  1.524000e+02
   endloop
 endfacet
 facet normal  8.467242e-01  5.320321e-01  0.000000e+00
   outer loop
     vertex  5.126876e+02  1.267131e+03  9.652000e+02
     vertex  5.135954e+02  1.265686e+03  1.524000e+02
     vertex  5.126876e+02  1.267131e+03  1.524000e+02
   endloop
 endfacet
 facet normal  8.467242e-01  5.320321e-01  0.000000e+00
   outer loop
     vertex  5.126876e+02  1.267131e+03  9.652000e+02
     vertex  5.135954e+02  1.265686e+03  9.652000e+02
     vertex  5.135954e+02  1.265686e+03  1.524000e+02
   endloop
 endfacet
 facet normal  7.071068e-01  7.071068e-01  0.000000e+00
   outer loop
     vertex  5.114810e+02  1.268338e+03  9.652000e+02
     vertex  5.126876e+02  1.267131e+03  1.524000e+02
     vertex  5.114810e+02  1.268338e+03  1.524000e+02
   endloop
 endfacet
 facet normal  7.071068e-01  7.071068e-01  0.000000e+00
   outer loop
     vertex  5.114810e+02  1.268338e+03  9.652000e+02
     vertex  5.126876e+02  1.267131e+03  9.652000e+02
     vertex  5.126876e+02  1.267131e+03  1.524000e+02
   endloop
 endfacet
 facet normal  5.320321e-01  8.467242e-01 -3.720783e-17
   outer loop
     vertex  5.100362e+02  1.269245e+03  9.652000e+02
     vertex  5.114810e+02  1.268338e+03  1.524000e+02
     vertex  5.100362e+02  1.269245e+03  1.524000e+02
   endloop
 endfacet
 facet normal  5.320321e-01  8.467242e-01  0.000000e+00
   outer loop
     vertex  5.100362e+02  1.269245e+03  9.652000e+02
     vertex  5.114810e+02  1.268338e+03  9.652000e+02
     vertex  5.114810e+02  1.268338e+03  1.524000e+02
   endloop
 endfacet
 facet normal  3.302791e-01  9.438833e-01  0.000000e+00
   outer loop
     vertex  5.084256e+02  1.269809e+03  9.652000e+02
     vertex  5.100362e+02  1.269245e+03  1.524000e+02
     vertex  5.084256e+02  1.269809e+03  1.524000e+02
   endloop
 endfacet
 facet normal  3.302791e-01  9.438833e-01 -2.313445e-17
   outer loop
     vertex  5.084256e+02  1.269809e+03  9.652000e+02
     vertex  5.100362e+02  1.269245e+03  9.652000e+02
     vertex  5.100362e+02  1.269245e+03  1.524000e+02
   endloop
 endfacet
 facet normal  1.119645e-01  9.937122e-01  0.000000e+00
   outer loop
     vertex  5.067300e+02  1.270000e+03  9.652000e+02
     vertex  5.084256e+02  1.269809e+03  1.524000e+02
     vertex  5.067300e+02  1.270000e+03  1.524000e+02
   endloop
 endfacet
 facet normal  1.119645e-01  9.937122e-01  0.000000e+00
   outer loop
     vertex  5.067300e+02  1.270000e+03  9.652000e+02
     vertex  5.084256e+02  1.269809e+03  9.652000e+02
     vertex  5.084256e+02  1.269809e+03  1.524000e+02
   endloop
 endfacet
 facet normal  0.000000e+00  9.975808e-01 -6.951598e-02
   outer loop
     vertex -4.178300e+02  1.270000e+03  4.156222e+02
     vertex -7.709056e+01  1.270000e+03  4.156222e+02
     vertex -7.776386e+01  1.269926e+03  4.145653e+02
   endloop
 endfacet
 facet normal  5.799966e-05  9.775812e-01 -2.105587e-01
   outer loop
     vertex -4.178300e+02  1.269809e+03  4.139266e+02
     vertex -7.776386e+01  1.269926e+03  4.145653e+02
     vertex -7.845579e+01  1.269692e+03  4.134792e+02
   endloop
 endfacet
 facet normal -1.327596e-04  9.937122e-01 -1.119645e-01
   outer loop
     vertex -4.178300e+02  1.269809e+03  4.139266e+02
     vertex -4.178300e+02  1.270000e+03  4.156222e+02
     vertex -7.776386e+01  1.269926e+03  4.145653e+02
   endloop
 endfacet
 facet normal  9.341739e-05  9.240012e-01 -3.823897e-01
   outer loop
     vertex -4.178300e+02  1.269245e+03  4.123160e+02
     vertex -7.845579e+01  1.269692e+03  4.134792e+02
     vertex -7.941612e+01  1.269069e+03  4.119718e+02
   endloop
 endfacet
 facet normal -1.113850e-04  9.438833e-01 -3.302791e-01
   outer loop
     vertex -4.178300e+02  1.269245e+03  4.123160e+02
     vertex -4.178300e+02  1.269809e+03  4.139266e+02
     vertex -7.845579e+01  1.269692e+03  4.134792e+02
   endloop
 endfacet
 facet normal  9.326528e-05  8.194899e-01 -5.730936e-01
   outer loop
     vertex -4.178300e+02  1.268338e+03  4.108712e+02
     vertex -7.941612e+01  1.269069e+03  4.119718e+02
     vertex -8.029474e+01  1.268104e+03  4.105926e+02
   endloop
 endfacet
 facet normal -9.911890e-05  8.467242e-01 -5.320321e-01
   outer loop
     vertex -4.178300e+02  1.268338e+03  4.108712e+02
     vertex -4.178300e+02  1.269245e+03  4.123160e+02
     vertex -7.941612e+01  1.269069e+03  4.119718e+02
   endloop
 endfacet
 facet normal  9.212478e-05  6.731308e-01 -7.395234e-01
   outer loop
     vertex -4.178300e+02  1.267131e+03  4.096646e+02
     vertex -8.029474e+01  1.268104e+03  4.105926e+02
     vertex -8.102159e+01  1.266851e+03  4.094517e+02
   endloop
 endfacet
 facet normal -9.497758e-05  7.071068e-01 -7.071068e-01
   outer loop
     vertex -4.178300e+02  1.267131e+03  4.096646e+02
     vertex -4.178300e+02  1.268338e+03  4.108712e+02
     vertex -8.029474e+01  1.268104e+03  4.105926e+02
   endloop
 endfacet
 facet normal  8.224756e-05  4.946993e-01 -8.690642e-01
   outer loop
     vertex -4.178300e+02  1.265686e+03  4.087568e+02
     vertex -8.102159e+01  1.266851e+03  4.094517e+02
     vertex -8.154657e+01  1.265403e+03  4.086277e+02
   endloop
 endfacet
 facet normal -9.295207e-05  5.320321e-01 -8.467242e-01
   outer loop
     vertex -4.178300e+02  1.265686e+03  4.087568e+02
     vertex -4.178300e+02  1.267131e+03  4.096646e+02
     vertex -8.102159e+01  1.266851e+03  4.094517e+02
   endloop
 endfacet
 facet normal  5.543794e-05  2.982464e-01 -9.544889e-01
   outer loop
     vertex -4.178300e+02  1.264076e+03  4.081932e+02
     vertex -8.154657e+01  1.265403e+03  4.086277e+02
     vertex -8.185045e+01  1.263877e+03  4.081507e+02
   endloop
 endfacet
 facet normal -8.474313e-05  3.302791e-01 -9.438833e-01
   outer loop
     vertex -4.178300e+02  1.264076e+03  4.081932e+02
     vertex -4.178300e+02  1.265686e+03  4.087568e+02
     vertex -8.154657e+01  1.265403e+03  4.086277e+02
   endloop
 endfacet
 facet normal  0.000000e+00  9.870464e-02 -9.951168e-01
   outer loop
     vertex -4.178300e+02  1.262380e+03  4.080022e+02
     vertex -8.185045e+01  1.263877e+03  4.081507e+02
     vertex -8.194504e+01  1.262380e+03  4.080022e+02
   endloop
 endfacet
 facet normal -5.969820e-05  1.119645e-01 -9.937122e-01
   outer loop
     vertex -4.178300e+02  1.262380e+03  4.080022e+02
     vertex -4.178300e+02  1.264076e+03  4.081932e+02
     vertex -8.185045e+01  1.263877e+03  4.081507e+02
   endloop
 endfacet
 facet normal  5.982495e-01  1.114689e-01  7.935189e-01
   outer loop
     vertex -4.054214e+02  1.262380e+03  6.800504e+01
     vertex -4.112757e+02  1.264076e+03  7.218053e+01
     vertex -4.111756e+02  1.262380e+03  7.234327e+01
   endloop
 endfacet
 facet normal  6.770238e-02  9.936560e-01  8.980052e-02
   outer loop
     vertex -4.105635e+02  1.270000e+03  6.238160e+01
     vertex -4.151669e+02  1.270000e+03  6.585219e+01
     vertex -4.142787e+02  1.269809e+03  6.729659e+01
   endloop
 endfacet
 facet normal  9.312795e-01  1.114689e-01  3.468331e-01
   outer loop
     vertex -3.945147e+02  1.264076e+03  4.969940e+01
     vertex -3.968452e+02  1.262380e+03  5.650206e+01
     vertex -3.943302e+02  1.262380e+03  4.974885e+01
   endloop
 endfacet
 facet normal  5.982495e-01  1.114689e-01  7.935189e-01
   outer loop
     vertex -4.055503e+02  1.264076e+03  6.786405e+01
     vertex -4.112757e+02  1.264076e+03  7.218053e+01
     vertex -4.054214e+02  1.262380e+03  6.800504e+01
   endloop
 endfacet
 facet normal  5.684963e-01  3.289593e-01  7.540542e-01
   outer loop
     vertex -4.059306e+02  1.265686e+03  6.744814e+01
     vertex -4.115709e+02  1.265686e+03  7.170045e+01
     vertex -4.112757e+02  1.264076e+03  7.218053e+01
   endloop
 endfacet
 facet normal  5.684963e-01  3.289593e-01  7.540542e-01
   outer loop
     vertex -4.059306e+02  1.265686e+03  6.744814e+01
     vertex -4.112757e+02  1.264076e+03  7.218053e+01
     vertex -4.055503e+02  1.264076e+03  6.786405e+01
   endloop
 endfacet
 facet normal  5.103755e-01  5.303192e-01  6.769626e-01
   outer loop
     vertex -4.065432e+02  1.267131e+03  6.677818e+01
     vertex -4.120464e+02  1.267131e+03  7.092712e+01
     vertex -4.115709e+02  1.265686e+03  7.170045e+01
   endloop
 endfacet
 facet normal  5.103755e-01  5.303192e-01  6.769626e-01
   outer loop
     vertex -4.065432e+02  1.267131e+03  6.677818e+01
     vertex -4.115709e+02  1.265686e+03  7.170045e+01
     vertex -4.059306e+02  1.265686e+03  6.744814e+01
   endloop
 endfacet
 facet normal  4.266342e-01  7.055168e-01  5.658881e-01
   outer loop
     vertex -4.073574e+02  1.268338e+03  6.588775e+01
     vertex -4.126784e+02  1.268338e+03  6.989931e+01
     vertex -4.120464e+02  1.267131e+03  7.092712e+01
   endloop
 endfacet
 facet normal  4.266342e-01  7.055168e-01  5.658881e-01
   outer loop
     vertex -4.073574e+02  1.268338e+03  6.588775e+01
     vertex -4.120464e+02  1.267131e+03  7.092712e+01
     vertex -4.065432e+02  1.267131e+03  6.677818e+01
   endloop
 endfacet
 facet normal  7.369643e-01  1.114689e-01  6.666771e-01
   outer loop
     vertex -4.007401e+02  1.264076e+03  6.254671e+01
     vertex -4.054214e+02  1.262380e+03  6.800504e+01
     vertex -4.005869e+02  1.262380e+03  6.266091e+01
   endloop
 endfacet
 facet normal  7.369643e-01  1.114689e-01  6.666771e-01
   outer loop
     vertex -4.007401e+02  1.264076e+03  6.254671e+01
     vertex -4.055503e+02  1.264076e+03  6.786405e+01
     vertex -4.054214e+02  1.262380e+03  6.800504e+01
   endloop
 endfacet
 facet normal  3.213158e-01  8.456448e-01  4.261936e-01
   outer loop
     vertex -4.083324e+02  1.269245e+03  6.482152e+01
     vertex -4.134351e+02  1.269245e+03  6.866856e+01
     vertex -4.126784e+02  1.268338e+03  6.989931e+01
   endloop
 endfacet
 facet normal  3.213158e-01  8.456448e-01  4.261936e-01
   outer loop
     vertex -4.083324e+02  1.269245e+03  6.482152e+01
     vertex -4.126784e+02  1.268338e+03  6.989931e+01
     vertex -4.073574e+02  1.268338e+03  6.588775e+01
   endloop
 endfacet
 facet normal  6.287151e-01  5.303192e-01  5.687520e-01
   outer loop
     vertex -4.011919e+02  1.265686e+03  6.220986e+01
     vertex -4.065432e+02  1.267131e+03  6.677818e+01
     vertex -4.059306e+02  1.265686e+03  6.744814e+01
   endloop
 endfacet
 facet normal  7.003123e-01  3.289593e-01  6.335207e-01
   outer loop
     vertex -4.011919e+02  1.265686e+03  6.220986e+01
     vertex -4.055503e+02  1.264076e+03  6.786405e+01
     vertex -4.007401e+02  1.264076e+03  6.254671e+01
   endloop
 endfacet
 facet normal  7.003123e-01  3.289593e-01  6.335207e-01
   outer loop
     vertex -4.011919e+02  1.265686e+03  6.220986e+01
     vertex -4.059306e+02  1.265686e+03  6.744814e+01
     vertex -4.055503e+02  1.264076e+03  6.786405e+01
   endloop
 endfacet
 facet normal  1.996253e-01  9.434191e-01  2.647833e-01
   outer loop
     vertex -4.094193e+02  1.269809e+03  6.363293e+01
     vertex -4.142787e+02  1.269809e+03  6.729659e+01
     vertex -4.134351e+02  1.269245e+03  6.866856e+01
   endloop
 endfacet
 facet normal  1.996253e-01  9.434191e-01  2.647833e-01
   outer loop
     vertex -4.094193e+02  1.269809e+03  6.363293e+01
     vertex -4.134351e+02  1.269245e+03  6.866856e+01
     vertex -4.083324e+02  1.269245e+03  6.482152e+01
   endloop
 endfacet
 facet normal  6.770238e-02  9.936560e-01  8.980052e-02
   outer loop
     vertex -4.094193e+02  1.269809e+03  6.363293e+01
     vertex -4.105635e+02  1.270000e+03  6.238160e+01
     vertex -4.142787e+02  1.269809e+03  6.729659e+01
   endloop
 endfacet
 facet normal  6.287151e-01  5.303192e-01  5.687520e-01
   outer loop
     vertex -4.019197e+02  1.267131e+03  6.166723e+01
     vertex -4.065432e+02  1.267131e+03  6.677818e+01
     vertex -4.011919e+02  1.265686e+03  6.220986e+01
   endloop
 endfacet
 facet normal  5.255569e-01  7.055168e-01  4.754324e-01
   outer loop
     vertex -4.028870e+02  1.268338e+03  6.094605e+01
     vertex -4.065432e+02  1.267131e+03  6.677818e+01
     vertex -4.019197e+02  1.267131e+03  6.166723e+01
   endloop
 endfacet
 facet normal  5.255569e-01  7.055168e-01  4.754324e-01
   outer loop
     vertex -4.028870e+02  1.268338e+03  6.094605e+01
     vertex -4.073574e+02  1.268338e+03  6.588775e+01
     vertex -4.065432e+02  1.267131e+03  6.677818e+01
   endloop
 endfacet
 facet normal  3.958186e-01  8.456448e-01  3.580678e-01
   outer loop
     vertex -4.028870e+02  1.268338e+03  6.094605e+01
     vertex -4.083324e+02  1.269245e+03  6.482152e+01
     vertex -4.073574e+02  1.268338e+03  6.588775e+01
   endloop
 endfacet
 facet normal  8.493140e-01  1.114689e-01  5.159848e-01
   outer loop
     vertex -3.970172e+02  1.264076e+03  5.641875e+01
     vertex -4.005869e+02  1.262380e+03  6.266091e+01
     vertex -3.968452e+02  1.262380e+03  5.650206e+01
   endloop
 endfacet
 facet normal  8.493140e-01  1.114689e-01  5.159848e-01
   outer loop
     vertex -3.970172e+02  1.264076e+03  5.641875e+01
     vertex -4.007401e+02  1.264076e+03  6.254671e+01
     vertex -4.005869e+02  1.262380e+03  6.266091e+01
   endloop
 endfacet
 facet normal  9.312795e-01  1.114689e-01  3.468331e-01
   outer loop
     vertex -3.970172e+02  1.264076e+03  5.641875e+01
     vertex -3.968452e+02  1.262380e+03  5.650206e+01
     vertex -3.945147e+02  1.264076e+03  4.969940e+01
   endloop
 endfacet
 facet normal  2.459120e-01  9.434191e-01  2.224584e-01
   outer loop
     vertex -4.040453e+02  1.269245e+03  6.008246e+01
     vertex -4.094193e+02  1.269809e+03  6.363293e+01
     vertex -4.083324e+02  1.269245e+03  6.482152e+01
   endloop
 endfacet
 facet normal  3.958186e-01  8.456448e-01  3.580678e-01
   outer loop
     vertex -4.040453e+02  1.269245e+03  6.008246e+01
     vertex -4.083324e+02  1.269245e+03  6.482152e+01
     vertex -4.028870e+02  1.268338e+03  6.094605e+01
   endloop
 endfacet
 facet normal  8.849634e-01  3.289593e-01  3.295838e-01
   outer loop
     vertex -3.975243e+02  1.265686e+03  5.617300e+01
     vertex -3.945147e+02  1.264076e+03  4.969940e+01
     vertex -3.950591e+02  1.265686e+03  4.955354e+01
   endloop
 endfacet
 facet normal  8.070745e-01  3.289593e-01  4.903230e-01
   outer loop
     vertex -3.975243e+02  1.265686e+03  5.617300e+01
     vertex -4.011919e+02  1.265686e+03  6.220986e+01
     vertex -4.007401e+02  1.264076e+03  6.254671e+01
   endloop
 endfacet
 facet normal  8.070745e-01  3.289593e-01  4.903230e-01
   outer loop
     vertex -3.975243e+02  1.265686e+03  5.617300e+01
     vertex -4.007401e+02  1.264076e+03  6.254671e+01
     vertex -3.970172e+02  1.264076e+03  5.641875e+01
   endloop
 endfacet
 facet normal  8.849634e-01  3.289593e-01  3.295838e-01
   outer loop
     vertex -3.975243e+02  1.265686e+03  5.617300e+01
     vertex -3.970172e+02  1.264076e+03  5.641875e+01
     vertex -3.945147e+02  1.264076e+03  4.969940e+01
   endloop
 endfacet
 facet normal  8.340038e-02  9.936560e-01  7.544615e-02
   outer loop
     vertex -4.053365e+02  1.269809e+03  5.911979e+01
     vertex -4.066959e+02  1.270000e+03  5.810629e+01
     vertex -4.105635e+02  1.270000e+03  6.238160e+01
   endloop
 endfacet
 facet normal  8.340038e-02  9.936560e-01  7.544615e-02
   outer loop
     vertex -4.053365e+02  1.269809e+03  5.911979e+01
     vertex -4.105635e+02  1.270000e+03  6.238160e+01
     vertex -4.094193e+02  1.269809e+03  6.363293e+01
   endloop
 endfacet
 facet normal  2.459120e-01  9.434191e-01  2.224584e-01
   outer loop
     vertex -4.053365e+02  1.269809e+03  5.911979e+01
     vertex -4.094193e+02  1.269809e+03  6.363293e+01
     vertex -4.040453e+02  1.269245e+03  6.008246e+01
   endloop
 endfacet
 facet normal  7.944882e-01  5.303192e-01  2.958884e-01
   outer loop
     vertex -3.983413e+02  1.267131e+03  5.577712e+01
     vertex -3.950591e+02  1.265686e+03  4.955354e+01
     vertex -3.959360e+02  1.267131e+03  4.931857e+01
   endloop
 endfacet
 facet normal  7.245623e-01  5.303192e-01  4.401942e-01
   outer loop
     vertex -3.983413e+02  1.267131e+03  5.577712e+01
     vertex -4.019197e+02  1.267131e+03  6.166723e+01
     vertex -4.011919e+02  1.265686e+03  6.220986e+01
   endloop
 endfacet
 facet normal  7.245623e-01  5.303192e-01  4.401942e-01
   outer loop
     vertex -3.983413e+02  1.267131e+03  5.577712e+01
     vertex -4.011919e+02  1.265686e+03  6.220986e+01
     vertex -3.975243e+02  1.265686e+03  5.617300e+01
   endloop
 endfacet
 facet normal  7.944882e-01  5.303192e-01  2.958884e-01
   outer loop
     vertex -3.983413e+02  1.267131e+03  5.577712e+01
     vertex -3.975243e+02  1.265686e+03  5.617300e+01
     vertex -3.950591e+02  1.265686e+03  4.955354e+01
   endloop
 endfacet
 facet normal  6.641303e-01  7.055168e-01  2.473397e-01
   outer loop
     vertex -3.994271e+02  1.268338e+03  5.525098e+01
     vertex -3.959360e+02  1.267131e+03  4.931857e+01
     vertex -3.971014e+02  1.268338e+03  4.900629e+01
   endloop
 endfacet
 facet normal  6.056777e-01  7.055168e-01  3.679681e-01
   outer loop
     vertex -3.994271e+02  1.268338e+03  5.525098e+01
     vertex -4.028870e+02  1.268338e+03  6.094605e+01
     vertex -4.019197e+02  1.267131e+03  6.166723e+01
   endloop
 endfacet
 facet normal  6.641303e-01  7.055168e-01  2.473397e-01
   outer loop
     vertex -3.994271e+02  1.268338e+03  5.525098e+01
     vertex -3.983413e+02  1.267131e+03  5.577712e+01
     vertex -3.959360e+02  1.267131e+03  4.931857e+01
   endloop
 endfacet
 facet normal  6.056777e-01  7.055168e-01  3.679681e-01
   outer loop
     vertex -3.994271e+02  1.268338e+03  5.525098e+01
     vertex -4.019197e+02  1.267131e+03  6.166723e+01
     vertex -3.983413e+02  1.267131e+03  5.577712e+01
   endloop
 endfacet
 facet normal  3.107515e-01  9.434191e-01  1.157321e-01
   outer loop
     vertex -4.007273e+02  1.269245e+03  5.462095e+01
     vertex -3.984970e+02  1.269245e+03  4.863235e+01
     vertex -4.000527e+02  1.269809e+03  4.821550e+01
   endloop
 endfacet
 facet normal  5.001839e-01  8.456448e-01  1.862817e-01
   outer loop
     vertex -4.007273e+02  1.269245e+03  5.462095e+01
     vertex -3.971014e+02  1.268338e+03  4.900629e+01
     vertex -3.984970e+02  1.269245e+03  4.863235e+01
   endloop
 endfacet
 facet normal  5.001839e-01  8.456448e-01  1.862817e-01
   outer loop
     vertex -4.007273e+02  1.269245e+03  5.462095e+01
     vertex -3.994271e+02  1.268338e+03  5.525098e+01
     vertex -3.971014e+02  1.268338e+03  4.900629e+01
   endloop
 endfacet
 facet normal  4.561609e-01  8.456448e-01  2.771320e-01
   outer loop
     vertex -4.007273e+02  1.269245e+03  5.462095e+01
     vertex -4.040453e+02  1.269245e+03  6.008246e+01
     vertex -4.028870e+02  1.268338e+03  6.094605e+01
   endloop
 endfacet
 facet normal  4.561609e-01  8.456448e-01  2.771320e-01
   outer loop
     vertex -4.007273e+02  1.269245e+03  5.462095e+01
     vertex -4.028870e+02  1.268338e+03  6.094605e+01
     vertex -3.994271e+02  1.268338e+03  5.525098e+01
   endloop
 endfacet
 facet normal  1.053905e-01  9.936560e-01  3.925022e-02
   outer loop
     vertex -4.021767e+02  1.269809e+03  5.391862e+01
     vertex -4.000527e+02  1.269809e+03  4.821550e+01
     vertex -4.016905e+02  1.270000e+03  4.777665e+01
   endloop
 endfacet
 facet normal  9.611471e-02  9.936560e-01  5.839269e-02
   outer loop
     vertex -4.021767e+02  1.269809e+03  5.391862e+01
     vertex -4.037026e+02  1.270000e+03  5.317922e+01
     vertex -4.066959e+02  1.270000e+03  5.810629e+01
   endloop
 endfacet
 facet normal  1.053905e-01  9.936560e-01  3.925022e-02
   outer loop
     vertex -4.021767e+02  1.269809e+03  5.391862e+01
     vertex -4.016905e+02  1.270000e+03  4.777665e+01
     vertex -4.037026e+02  1.270000e+03  5.317922e+01
   endloop
 endfacet
 facet normal  9.611471e-02  9.936560e-01  5.839269e-02
   outer loop
     vertex -4.021767e+02  1.269809e+03  5.391862e+01
     vertex -4.066959e+02  1.270000e+03  5.810629e+01
     vertex -4.053365e+02  1.269809e+03  5.911979e+01
   endloop
 endfacet
 facet normal  2.834011e-01  9.434191e-01  1.721750e-01
   outer loop
     vertex -4.021767e+02  1.269809e+03  5.391862e+01
     vertex -4.053365e+02  1.269809e+03  5.911979e+01
     vertex -4.040453e+02  1.269245e+03  6.008246e+01
   endloop
 endfacet
 facet normal  3.107515e-01  9.434191e-01  1.157321e-01
   outer loop
     vertex -4.021767e+02  1.269809e+03  5.391862e+01
     vertex -4.007273e+02  1.269245e+03  5.462095e+01
     vertex -4.000527e+02  1.269809e+03  4.821550e+01
   endloop
 endfacet
 facet normal  2.834011e-01  9.434191e-01  1.721750e-01
   outer loop
     vertex -4.021767e+02  1.269809e+03  5.391862e+01
     vertex -4.040453e+02  1.269245e+03  6.008246e+01
     vertex -4.007273e+02  1.269245e+03  5.462095e+01
   endloop
 endfacet
 facet normal -9.937122e-01  1.119645e-01  0.000000e+00
   outer loop
     vertex -5.141590e+02  1.264076e+03  1.524000e+02
     vertex -5.143500e+02  1.262380e+03  9.652000e+02
     vertex -5.141590e+02  1.264076e+03  9.652000e+02
   endloop
 endfacet
 facet normal -9.937122e-01  1.119645e-01  0.000000e+00
   outer loop
     vertex -5.141590e+02  1.264076e+03  1.524000e+02
     vertex -5.143500e+02  1.262380e+03  1.524000e+02
     vertex -5.143500e+02  1.262380e+03  9.652000e+02
   endloop
 endfacet
 facet normal -8.467242e-01  5.320321e-01  0.000000e+00
   outer loop
     vertex -5.135954e+02  1.265686e+03  1.524000e+02
     vertex -5.135954e+02  1.265686e+03  9.652000e+02
     vertex -5.126876e+02  1.267131e+03  9.652000e+02
   endloop
 endfacet
 facet normal -9.438833e-01  3.302791e-01  0.000000e+00
   outer loop
     vertex -5.135954e+02  1.265686e+03  1.524000e+02
     vertex -5.141590e+02  1.264076e+03  9.652000e+02
     vertex -5.135954e+02  1.265686e+03  9.652000e+02
   endloop
 endfacet
 facet normal -9.438833e-01  3.302791e-01  0.000000e+00
   outer loop
     vertex -5.135954e+02  1.265686e+03  1.524000e+02
     vertex -5.141590e+02  1.264076e+03  1.524000e+02
     vertex -5.141590e+02  1.264076e+03  9.652000e+02
   endloop
 endfacet
 facet normal -8.467242e-01  5.320321e-01  0.000000e+00
   outer loop
     vertex -5.126876e+02  1.267131e+03  1.524000e+02
     vertex -5.135954e+02  1.265686e+03  1.524000e+02
     vertex -5.126876e+02  1.267131e+03  9.652000e+02
   endloop
 endfacet
 facet normal -5.320321e-01  8.467242e-01  0.000000e+00
   outer loop
     vertex -5.114810e+02  1.268338e+03  1.524000e+02
     vertex -5.114810e+02  1.268338e+03  9.652000e+02
     vertex -5.100362e+02  1.269245e+03  9.652000e+02
   endloop
 endfacet
 facet normal -7.071068e-01  7.071068e-01  0.000000e+00
   outer loop
     vertex -5.114810e+02  1.268338e+03  1.524000e+02
     vertex -5.126876e+02  1.267131e+03  9.652000e+02
     vertex -5.114810e+02  1.268338e+03  9.652000e+02
   endloop
 endfacet
 facet normal -7.071068e-01  7.071068e-01  0.000000e+00
   outer loop
     vertex -5.114810e+02  1.268338e+03  1.524000e+02
     vertex -5.126876e+02  1.267131e+03  1.524000e+02
     vertex -5.126876e+02  1.267131e+03  9.652000e+02
   endloop
 endfacet
 facet normal -3.302791e-01  9.438833e-01  0.000000e+00
   outer loop
     vertex -5.100362e+02  1.269245e+03  1.524000e+02
     vertex -5.100362e+02  1.269245e+03  9.652000e+02
     vertex -5.084256e+02  1.269809e+03  9.652000e+02
   endloop
 endfacet
 facet normal -5.320321e-01  8.467242e-01  0.000000e+00
   outer loop
     vertex -5.100362e+02  1.269245e+03  1.524000e+02
     vertex -5.114810e+02  1.268338e+03  1.524000e+02
     vertex -5.100362e+02  1.269245e+03  9.652000e+02
   endloop
 endfacet
 facet normal -3.302791e-01  9.438833e-01  0.000000e+00
   outer loop
     vertex -5.084256e+02  1.269809e+03  1.524000e+02
     vertex -5.100362e+02  1.269245e+03  1.524000e+02
     vertex -5.084256e+02  1.269809e+03  9.652000e+02
   endloop
 endfacet
 facet normal -1.119645e-01  9.937122e-01  0.000000e+00
   outer loop
     vertex -5.067300e+02  1.270000e+03  1.524000e+02
     vertex -5.084256e+02  1.269809e+03  9.652000e+02
     vertex -5.067300e+02  1.270000e+03  9.652000e+02
   endloop
 endfacet
 facet normal -1.119645e-01  9.937122e-01  0.000000e+00
   outer loop
     vertex -5.067300e+02  1.270000e+03  1.524000e+02
     vertex -5.084256e+02  1.269809e+03  1.524000e+02
     vertex -5.084256e+02  1.269809e+03  9.652000e+02
   endloop
 endfacet
 facet normal  1.119623e-01  9.936926e-01 -6.287666e-03
   outer loop
     vertex  5.058197e+02  1.270000e+03  1.361898e+02
     vertex  5.067300e+02  1.270000e+03  1.524000e+02
     vertex  5.084256e+02  1.269809e+03  1.524000e+02
   endloop
 endfacet
 facet normal  5.571899e-02  1.117905e-01 -9.921685e-01
   outer loop
     vertex  3.619500e+02  1.264076e+03  1.910493e-01
     vertex  3.790134e+02  1.262380e+03  9.582592e-01
     vertex  3.619500e+02  1.262380e+03  0.000000e+00
   endloop
 endfacet
 facet normal  9.921685e-01  1.117905e-01 -5.571899e-02
   outer loop
     vertex  5.132019e+02  1.264076e+03  1.353580e+02
     vertex  5.141590e+02  1.264076e+03  1.524000e+02
     vertex  5.143500e+02  1.262380e+03  1.524000e+02
   endloop
 endfacet
 facet normal  9.921685e-01  1.117905e-01 -5.571899e-02
   outer loop
     vertex  5.132019e+02  1.264076e+03  1.353580e+02
     vertex  5.143500e+02  1.262380e+03  1.524000e+02
     vertex  5.133917e+02  1.262380e+03  1.353366e+02
   endloop
 endfacet
 facet normal  9.425601e-01  3.298160e-01 -5.293304e-02
   outer loop
     vertex  5.126419e+02  1.265686e+03  1.354211e+02
     vertex  5.135954e+02  1.265686e+03  1.524000e+02
     vertex  5.141590e+02  1.264076e+03  1.524000e+02
   endloop
 endfacet
 facet normal  9.425601e-01  3.298160e-01 -5.293304e-02
   outer loop
     vertex  5.126419e+02  1.265686e+03  1.354211e+02
     vertex  5.141590e+02  1.264076e+03  1.524000e+02
     vertex  5.132019e+02  1.264076e+03  1.353580e+02
   endloop
 endfacet
 facet normal  8.457686e-01  5.314316e-01 -4.749734e-02
   outer loop
     vertex  5.117397e+02  1.267131e+03  1.355227e+02
     vertex  5.126876e+02  1.267131e+03  1.524000e+02
     vertex  5.135954e+02  1.265686e+03  1.524000e+02
   endloop
 endfacet
 facet normal  8.457686e-01  5.314316e-01 -4.749734e-02
   outer loop
     vertex  5.117397e+02  1.267131e+03  1.355227e+02
     vertex  5.135954e+02  1.265686e+03  1.524000e+02
     vertex  5.126419e+02  1.265686e+03  1.354211e+02
   endloop
 endfacet
 facet normal  5.317948e-01  8.463465e-01 -2.986495e-02
   outer loop
     vertex  5.105408e+02  1.268338e+03  1.356578e+02
     vertex  5.100362e+02  1.269245e+03  1.524000e+02
     vertex  5.114810e+02  1.268338e+03  1.524000e+02
   endloop
 endfacet
 facet normal  7.065499e-01  7.065499e-01 -3.967899e-02
   outer loop
     vertex  5.105408e+02  1.268338e+03  1.356578e+02
     vertex  5.114810e+02  1.268338e+03  1.524000e+02
     vertex  5.126876e+02  1.267131e+03  1.524000e+02
   endloop
 endfacet
 facet normal  7.065499e-01  7.065499e-01 -3.967899e-02
   outer loop
     vertex  5.105408e+02  1.268338e+03  1.356578e+02
     vertex  5.126876e+02  1.267131e+03  1.524000e+02
     vertex  5.117397e+02  1.267131e+03  1.355227e+02
   endloop
 endfacet
 facet normal  5.317948e-01  8.463465e-01 -2.986495e-02
   outer loop
     vertex  5.091051e+02  1.269245e+03  1.358196e+02
     vertex  5.100362e+02  1.269245e+03  1.524000e+02
     vertex  5.105408e+02  1.268338e+03  1.356578e+02
   endloop
 endfacet
 facet normal  3.302223e-01  9.437210e-01 -1.854488e-02
   outer loop
     vertex  5.075046e+02  1.269809e+03  1.359999e+02
     vertex  5.084256e+02  1.269809e+03  1.524000e+02
     vertex  5.100362e+02  1.269245e+03  1.524000e+02
   endloop
 endfacet
 facet normal  1.119623e-01  9.936926e-01 -6.287666e-03
   outer loop
     vertex  5.075046e+02  1.269809e+03  1.359999e+02
     vertex  5.058197e+02  1.270000e+03  1.361898e+02
     vertex  5.084256e+02  1.269809e+03  1.524000e+02
   endloop
 endfacet
 facet normal  3.302223e-01  9.437210e-01 -1.854488e-02
   outer loop
     vertex  5.075046e+02  1.269809e+03  1.359999e+02
     vertex  5.100362e+02  1.269245e+03  1.524000e+02
     vertex  5.091051e+02  1.269245e+03  1.358196e+02
   endloop
 endfacet
 facet normal  9.796914e-01  1.117905e-01 -1.664563e-01
   outer loop
     vertex  5.103428e+02  1.264076e+03  1.185303e+02
     vertex  5.133917e+02  1.262380e+03  1.353366e+02
     vertex  5.105290e+02  1.262380e+03  1.184878e+02
   endloop
 endfacet
 facet normal  9.796914e-01  1.117905e-01 -1.664563e-01
   outer loop
     vertex  5.103428e+02  1.264076e+03  1.185303e+02
     vertex  5.132019e+02  1.264076e+03  1.353580e+02
     vertex  5.133917e+02  1.262380e+03  1.353366e+02
   endloop
 endfacet
 facet normal  9.307068e-01  3.298160e-01 -1.581335e-01
   outer loop
     vertex  5.097933e+02  1.265686e+03  1.186557e+02
     vertex  5.132019e+02  1.264076e+03  1.353580e+02
     vertex  5.103428e+02  1.264076e+03  1.185303e+02
   endloop
 endfacet
 facet normal  9.307068e-01  3.298160e-01 -1.581335e-01
   outer loop
     vertex  5.097933e+02  1.265686e+03  1.186557e+02
     vertex  5.126419e+02  1.265686e+03  1.354211e+02
     vertex  5.132019e+02  1.264076e+03  1.353580e+02
   endloop
 endfacet
 facet normal  8.351325e-01  5.314316e-01 -1.418947e-01
   outer loop
     vertex  5.089083e+02  1.267131e+03  1.188577e+02
     vertex  5.117397e+02  1.267131e+03  1.355227e+02
     vertex  5.126419e+02  1.265686e+03  1.354211e+02
   endloop
 endfacet
 facet normal  8.351325e-01  5.314316e-01 -1.418947e-01
   outer loop
     vertex  5.089083e+02  1.267131e+03  1.188577e+02
     vertex  5.126419e+02  1.265686e+03  1.354211e+02
     vertex  5.097933e+02  1.265686e+03  1.186557e+02
   endloop
 endfacet
 facet normal  6.976646e-01  7.065499e-01 -1.185380e-01
   outer loop
     vertex  5.089083e+02  1.267131e+03  1.188577e+02
     vertex  5.105408e+02  1.268338e+03  1.356578e+02
     vertex  5.117397e+02  1.267131e+03  1.355227e+02
   endloop
 endfacet
 facet normal  6.976646e-01  7.065499e-01 -1.185380e-01
   outer loop
     vertex  5.077319e+02  1.268338e+03  1.191262e+02
     vertex  5.105408e+02  1.268338e+03  1.356578e+02
     vertex  5.089083e+02  1.267131e+03  1.188577e+02
   endloop
 endfacet
 facet normal  5.251071e-01  8.463465e-01 -8.921929e-02
   outer loop
     vertex  5.063234e+02  1.269245e+03  1.194477e+02
     vertex  5.091051e+02  1.269245e+03  1.358196e+02
     vertex  5.105408e+02  1.268338e+03  1.356578e+02
   endloop
 endfacet
 facet normal  5.251071e-01  8.463465e-01 -8.921929e-02
   outer loop
     vertex  5.063234e+02  1.269245e+03  1.194477e+02
     vertex  5.105408e+02  1.268338e+03  1.356578e+02
     vertex  5.077319e+02  1.268338e+03  1.191262e+02
   endloop
 endfacet
 facet normal  3.260695e-01  9.437210e-01 -5.540144e-02
   outer loop
     vertex  5.047532e+02  1.269809e+03  1.198061e+02
     vertex  5.075046e+02  1.269809e+03  1.359999e+02
     vertex  5.091051e+02  1.269245e+03  1.358196e+02
   endloop
 endfacet
 facet normal  3.260695e-01  9.437210e-01 -5.540144e-02
   outer loop
     vertex  5.047532e+02  1.269809e+03  1.198061e+02
     vertex  5.091051e+02  1.269245e+03  1.358196e+02
     vertex  5.063234e+02  1.269245e+03  1.194477e+02
   endloop
 endfacet
 facet normal  1.105543e-01  9.936926e-01 -1.878393e-02
   outer loop
     vertex  5.047532e+02  1.269809e+03  1.198061e+02
     vertex  5.031001e+02  1.270000e+03  1.201834e+02
     vertex  5.058197e+02  1.270000e+03  1.361898e+02
   endloop
 endfacet
 facet normal  1.105543e-01  9.936926e-01 -1.878393e-02
   outer loop
     vertex  5.047532e+02  1.269809e+03  1.198061e+02
     vertex  5.058197e+02  1.270000e+03  1.361898e+02
     vertex  5.075046e+02  1.269809e+03  1.359999e+02
   endloop
 endfacet
 facet normal  9.548941e-01  1.117905e-01 -2.751002e-01
   outer loop
     vertex  5.056175e+02  1.264076e+03  1.021286e+02
     vertex  5.105290e+02  1.262380e+03  1.184878e+02
     vertex  5.057978e+02  1.262380e+03  1.020655e+02
   endloop
 endfacet
 facet normal  9.548941e-01  1.117905e-01 -2.751002e-01
   outer loop
     vertex  5.056175e+02  1.264076e+03  1.021286e+02
     vertex  5.103428e+02  1.264076e+03  1.185303e+02
     vertex  5.105290e+02  1.262380e+03  1.184878e+02
   endloop
 endfacet
 facet normal  9.071494e-01  3.298160e-01 -2.613452e-01
   outer loop
     vertex  5.050855e+02  1.265686e+03  1.023147e+02
     vertex  5.103428e+02  1.264076e+03  1.185303e+02
     vertex  5.056175e+02  1.264076e+03  1.021286e+02
   endloop
 endfacet
 facet normal  9.071494e-01  3.298160e-01 -2.613452e-01
   outer loop
     vertex  5.050855e+02  1.265686e+03  1.023147e+02
     vertex  5.097933e+02  1.265686e+03  1.186557e+02
     vertex  5.103428e+02  1.264076e+03  1.185303e+02
   endloop
 endfacet
 facet normal  8.139942e-01  5.314316e-01 -2.345077e-01
   outer loop
     vertex  5.042287e+02  1.267131e+03  1.026145e+02
     vertex  5.089083e+02  1.267131e+03  1.188577e+02
     vertex  5.097933e+02  1.265686e+03  1.186557e+02
   endloop
 endfacet
 facet normal  8.139942e-01  5.314316e-01 -2.345077e-01
   outer loop
     vertex  5.042287e+02  1.267131e+03  1.026145e+02
     vertex  5.097933e+02  1.265686e+03  1.186557e+02
     vertex  5.050855e+02  1.265686e+03  1.023147e+02
   endloop
 endfacet
 facet normal  6.800058e-01  7.065499e-01 -1.959063e-01
   outer loop
     vertex  5.030898e+02  1.268338e+03  1.030130e+02
     vertex  5.077319e+02  1.268338e+03  1.191262e+02
     vertex  5.089083e+02  1.267131e+03  1.188577e+02
   endloop
 endfacet
 facet normal  6.800058e-01  7.065499e-01 -1.959063e-01
   outer loop
     vertex  5.030898e+02  1.268338e+03  1.030130e+02
     vertex  5.089083e+02  1.267131e+03  1.188577e+02
     vertex  5.042287e+02  1.267131e+03  1.026145e+02
   endloop
 endfacet
 facet normal  5.118160e-01  8.463465e-01 -1.474516e-01
   outer loop
     vertex  5.030898e+02  1.268338e+03  1.030130e+02
     vertex  5.063234e+02  1.269245e+03  1.194477e+02
     vertex  5.077319e+02  1.268338e+03  1.191262e+02
   endloop
 endfacet
 facet normal  5.118160e-01  8.463465e-01 -1.474516e-01
   outer loop
     vertex  5.017261e+02  1.269245e+03  1.034902e+02
     vertex  5.063234e+02  1.269245e+03  1.194477e+02
     vertex  5.030898e+02  1.268338e+03  1.030130e+02
   endloop
 endfacet
 facet normal  3.178163e-01  9.437210e-01 -9.156129e-02
   outer loop
     vertex  5.002059e+02  1.269809e+03  1.040222e+02
     vertex  5.063234e+02  1.269245e+03  1.194477e+02
     vertex  5.017261e+02  1.269245e+03  1.034902e+02
   endloop
 endfacet
 facet normal  1.077560e-01  9.936926e-01 -3.104397e-02
   outer loop
     vertex  5.002059e+02  1.269809e+03  1.040222e+02
     vertex  4.986054e+02  1.270000e+03  1.045822e+02
     vertex  5.031001e+02  1.270000e+03  1.201834e+02
   endloop
 endfacet
 facet normal  1.077560e-01  9.936926e-01 -3.104397e-02
   outer loop
     vertex  5.002059e+02  1.269809e+03  1.040222e+02
     vertex  5.031001e+02  1.270000e+03  1.201834e+02
     vertex  5.047532e+02  1.269809e+03  1.198061e+02
   endloop
 endfacet
 facet normal  3.178163e-01  9.437210e-01 -9.156129e-02
   outer loop
     vertex  5.002059e+02  1.269809e+03  1.040222e+02
     vertex  5.047532e+02  1.269809e+03  1.198061e+02
     vertex  5.063234e+02  1.269245e+03  1.194477e+02
   endloop
 endfacet
 facet normal  9.180885e-01  1.117905e-01 -3.802847e-01
   outer loop
     vertex  4.990855e+02  1.264076e+03  8.635901e+01
     vertex  5.057978e+02  1.262380e+03  1.020655e+02
     vertex  4.992577e+02  1.262380e+03  8.627612e+01
   endloop
 endfacet
 facet normal  9.180885e-01  1.117905e-01 -3.802847e-01
   outer loop
     vertex  4.990855e+02  1.264076e+03  8.635901e+01
     vertex  5.056175e+02  1.264076e+03  1.021286e+02
     vertex  5.057978e+02  1.262380e+03  1.020655e+02
   endloop
 endfacet
 facet normal  8.721841e-01  3.298160e-01 -3.612705e-01
   outer loop
     vertex  4.985778e+02  1.265686e+03  8.660353e+01
     vertex  5.050855e+02  1.265686e+03  1.023147e+02
     vertex  5.056175e+02  1.264076e+03  1.021286e+02
   endloop
 endfacet
 facet normal  8.721841e-01  3.298160e-01 -3.612705e-01
   outer loop
     vertex  4.985778e+02  1.265686e+03  8.660353e+01
     vertex  5.056175e+02  1.264076e+03  1.021286e+02
     vertex  4.990855e+02  1.264076e+03  8.635901e+01
   endloop
 endfacet
 facet normal  7.826195e-01  5.314316e-01 -3.241716e-01
   outer loop
     vertex  4.977598e+02  1.267131e+03  8.699743e+01
     vertex  5.050855e+02  1.265686e+03  1.023147e+02
     vertex  4.985778e+02  1.265686e+03  8.660353e+01
   endloop
 endfacet
 facet normal  6.537956e-01  7.065499e-01 -2.708110e-01
   outer loop
     vertex  4.977598e+02  1.267131e+03  8.699743e+01
     vertex  5.030898e+02  1.268338e+03  1.030130e+02
     vertex  5.042287e+02  1.267131e+03  1.026145e+02
   endloop
 endfacet
 facet normal  7.826195e-01  5.314316e-01 -3.241716e-01
   outer loop
     vertex  4.977598e+02  1.267131e+03  8.699743e+01
     vertex  5.042287e+02  1.267131e+03  1.026145e+02
     vertex  5.050855e+02  1.265686e+03  1.023147e+02
   endloop
 endfacet
 facet normal  6.537956e-01  7.065499e-01 -2.708110e-01
   outer loop
     vertex  4.966728e+02  1.268338e+03  8.752093e+01
     vertex  5.030898e+02  1.268338e+03  1.030130e+02
     vertex  4.977598e+02  1.267131e+03  8.699743e+01
   endloop
 endfacet
 facet normal  4.920884e-01  8.463465e-01 -2.038297e-01
   outer loop
     vertex  4.953711e+02  1.269245e+03  8.814781e+01
     vertex  5.017261e+02  1.269245e+03  1.034902e+02
     vertex  5.030898e+02  1.268338e+03  1.030130e+02
   endloop
 endfacet
 facet normal  4.920884e-01  8.463465e-01 -2.038297e-01
   outer loop
     vertex  4.953711e+02  1.269245e+03  8.814781e+01
     vertex  5.030898e+02  1.268338e+03  1.030130e+02
     vertex  4.966728e+02  1.268338e+03  8.752093e+01
   endloop
 endfacet
 facet normal  3.055663e-01  9.437210e-01 -1.265697e-01
   outer loop
     vertex  4.939200e+02  1.269809e+03  8.884661e+01
     vertex  5.002059e+02  1.269809e+03  1.040222e+02
     vertex  5.017261e+02  1.269245e+03  1.034902e+02
   endloop
 endfacet
 facet normal  1.036026e-01  9.936926e-01 -4.291361e-02
   outer loop
     vertex  4.939200e+02  1.269809e+03  8.884661e+01
     vertex  4.923923e+02  1.270000e+03  8.958231e+01
     vertex  4.986054e+02  1.270000e+03  1.045822e+02
   endloop
 endfacet
 facet normal  1.036026e-01  9.936926e-01 -4.291361e-02
   outer loop
     vertex  4.939200e+02  1.269809e+03  8.884661e+01
     vertex  4.986054e+02  1.270000e+03  1.045822e+02
     vertex  5.002059e+02  1.269809e+03  1.040222e+02
   endloop
 endfacet
 facet normal  3.055663e-01  9.437210e-01 -1.265697e-01
   outer loop
     vertex  4.939200e+02  1.269809e+03  8.884661e+01
     vertex  5.017261e+02  1.269245e+03  1.034902e+02
     vertex  4.953711e+02  1.269245e+03  8.814781e+01
   endloop
 endfacet
 facet normal  8.697373e-01  1.117905e-01 -4.806868e-01
   outer loop
     vertex  4.908290e+02  1.264076e+03  7.141996e+01
     vertex  4.990855e+02  1.264076e+03  8.635901e+01
     vertex  4.992577e+02  1.262380e+03  8.627612e+01
   endloop
 endfacet
 facet normal  8.697373e-01  1.117905e-01 -4.806868e-01
   outer loop
     vertex  4.908290e+02  1.264076e+03  7.141996e+01
     vertex  4.992577e+02  1.262380e+03  8.627612e+01
     vertex  4.909908e+02  1.262380e+03  7.131831e+01
   endloop
 endfacet
 facet normal  8.262505e-01  3.298160e-01 -4.566525e-01
   outer loop
     vertex  4.903518e+02  1.265686e+03  7.171979e+01
     vertex  4.985778e+02  1.265686e+03  8.660353e+01
     vertex  4.990855e+02  1.264076e+03  8.635901e+01
   endloop
 endfacet
 facet normal  8.262505e-01  3.298160e-01 -4.566525e-01
   outer loop
     vertex  4.903518e+02  1.265686e+03  7.171979e+01
     vertex  4.990855e+02  1.264076e+03  8.635901e+01
     vertex  4.908290e+02  1.264076e+03  7.141996e+01
   endloop
 endfacet
 facet normal  7.414028e-01  5.314316e-01 -4.097589e-01
   outer loop
     vertex  4.895831e+02  1.267131e+03  7.220279e+01
     vertex  4.977598e+02  1.267131e+03  8.699743e+01
     vertex  4.985778e+02  1.265686e+03  8.660353e+01
   endloop
 endfacet
 facet normal  7.414028e-01  5.314316e-01 -4.097589e-01
   outer loop
     vertex  4.895831e+02  1.267131e+03  7.220279e+01
     vertex  4.985778e+02  1.265686e+03  8.660353e+01
     vertex  4.903518e+02  1.265686e+03  7.171979e+01
   endloop
 endfacet
 facet normal  6.193634e-01  7.065499e-01 -3.423101e-01
   outer loop
     vertex  4.885615e+02  1.268338e+03  7.284472e+01
     vertex  4.966728e+02  1.268338e+03  8.752093e+01
     vertex  4.977598e+02  1.267131e+03  8.699743e+01
   endloop
 endfacet
 facet normal  6.193634e-01  7.065499e-01 -3.423101e-01
   outer loop
     vertex  4.885615e+02  1.268338e+03  7.284472e+01
     vertex  4.977598e+02  1.267131e+03  8.699743e+01
     vertex  4.895831e+02  1.267131e+03  7.220279e+01
   endloop
 endfacet
 facet normal  4.661726e-01  8.463465e-01 -2.576445e-01
   outer loop
     vertex  4.873382e+02  1.269245e+03  7.361339e+01
     vertex  4.953711e+02  1.269245e+03  8.814781e+01
     vertex  4.966728e+02  1.268338e+03  8.752093e+01
   endloop
 endfacet
 facet normal  4.661726e-01  8.463465e-01 -2.576445e-01
   outer loop
     vertex  4.873382e+02  1.269245e+03  7.361339e+01
     vertex  4.966728e+02  1.268338e+03  8.752093e+01
     vertex  4.885615e+02  1.268338e+03  7.284472e+01
   endloop
 endfacet
 facet normal  9.814640e-02  9.936926e-01 -5.424360e-02
   outer loop
     vertex  4.859744e+02  1.269809e+03  7.447028e+01
     vertex  4.923923e+02  1.270000e+03  8.958231e+01
     vertex  4.939200e+02  1.269809e+03  8.884661e+01
   endloop
 endfacet
 facet normal  9.814640e-02  9.936926e-01 -5.424360e-02
   outer loop
     vertex  4.859744e+02  1.269809e+03  7.447028e+01
     vertex  4.845387e+02  1.270000e+03  7.537240e+01
     vertex  4.923923e+02  1.270000e+03  8.958231e+01
   endloop
 endfacet
 facet normal  2.894737e-01  9.437210e-01 -1.599864e-01
   outer loop
     vertex  4.859744e+02  1.269809e+03  7.447028e+01
     vertex  4.939200e+02  1.269809e+03  8.884661e+01
     vertex  4.953711e+02  1.269245e+03  8.814781e+01
   endloop
 endfacet
 facet normal  2.894737e-01  9.437210e-01 -1.599864e-01
   outer loop
     vertex  4.859744e+02  1.269809e+03  7.447028e+01
     vertex  4.953711e+02  1.269245e+03  8.814781e+01
     vertex  4.873382e+02  1.269245e+03  7.361339e+01
   endloop
 endfacet
 facet normal  8.104488e-01  1.117905e-01 -5.750441e-01
   outer loop
     vertex  4.809517e+02  1.264076e+03  5.749927e+01
     vertex  4.909908e+02  1.262380e+03  7.131831e+01
     vertex  4.811011e+02  1.262380e+03  5.738015e+01
   endloop
 endfacet
 facet normal  8.104488e-01  1.117905e-01 -5.750441e-01
   outer loop
     vertex  4.809517e+02  1.264076e+03  5.749927e+01
     vertex  4.908290e+02  1.264076e+03  7.141996e+01
     vertex  4.909908e+02  1.262380e+03  7.131831e+01
   endloop
 endfacet
 facet normal  7.699263e-01  3.298160e-01 -5.462919e-01
   outer loop
     vertex  4.805111e+02  1.265686e+03  5.785065e+01
     vertex  4.903518e+02  1.265686e+03  7.171979e+01
     vertex  4.908290e+02  1.264076e+03  7.141996e+01
   endloop
 endfacet
 facet normal  7.699263e-01  3.298160e-01 -5.462919e-01
   outer loop
     vertex  4.805111e+02  1.265686e+03  5.785065e+01
     vertex  4.908290e+02  1.264076e+03  7.141996e+01
     vertex  4.809517e+02  1.264076e+03  5.749927e+01
   endloop
 endfacet
 facet normal  6.908626e-01  5.314316e-01 -4.901932e-01
   outer loop
     vertex  4.798014e+02  1.267131e+03  5.841667e+01
     vertex  4.895831e+02  1.267131e+03  7.220279e+01
     vertex  4.903518e+02  1.265686e+03  7.171979e+01
   endloop
 endfacet
 facet normal  6.908626e-01  5.314316e-01 -4.901932e-01
   outer loop
     vertex  4.798014e+02  1.267131e+03  5.841667e+01
     vertex  4.903518e+02  1.265686e+03  7.171979e+01
     vertex  4.805111e+02  1.265686e+03  5.785065e+01
   endloop
 endfacet
 facet normal  5.771424e-01  7.065499e-01 -4.095044e-01
   outer loop
     vertex  4.788580e+02  1.268338e+03  5.916895e+01
     vertex  4.885615e+02  1.268338e+03  7.284472e+01
     vertex  4.895831e+02  1.267131e+03  7.220279e+01
   endloop
 endfacet
 facet normal  5.771424e-01  7.065499e-01 -4.095044e-01
   outer loop
     vertex  4.788580e+02  1.268338e+03  5.916895e+01
     vertex  4.895831e+02  1.267131e+03  7.220279e+01
     vertex  4.798014e+02  1.267131e+03  5.841667e+01
   endloop
 endfacet
 facet normal  4.343944e-01  8.463465e-01 -3.082192e-01
   outer loop
     vertex  4.777284e+02  1.269245e+03  6.006977e+01
     vertex  4.873382e+02  1.269245e+03  7.361339e+01
     vertex  4.885615e+02  1.268338e+03  7.284472e+01
   endloop
 endfacet
 facet normal  2.697407e-01  9.437210e-01 -1.913912e-01
   outer loop
     vertex  4.777284e+02  1.269245e+03  6.006977e+01
     vertex  4.859744e+02  1.269809e+03  7.447028e+01
     vertex  4.873382e+02  1.269245e+03  7.361339e+01
   endloop
 endfacet
 facet normal  4.343944e-01  8.463465e-01 -3.082192e-01
   outer loop
     vertex  4.777284e+02  1.269245e+03  6.006977e+01
     vertex  4.885615e+02  1.268338e+03  7.284472e+01
     vertex  4.788580e+02  1.268338e+03  5.916895e+01
   endloop
 endfacet
 facet normal  9.145592e-02  9.936926e-01 -6.489143e-02
   outer loop
     vertex  4.764692e+02  1.269809e+03  6.107395e+01
     vertex  4.751436e+02  1.270000e+03  6.213115e+01
     vertex  4.845387e+02  1.270000e+03  7.537240e+01
   endloop
 endfacet
 facet normal  9.145592e-02  9.936926e-01 -6.489143e-02
   outer loop
     vertex  4.764692e+02  1.269809e+03  6.107395e+01
     vertex  4.845387e+02  1.270000e+03  7.537240e+01
     vertex  4.859744e+02  1.269809e+03  7.447028e+01
   endloop
 endfacet
 facet normal  2.697407e-01  9.437210e-01 -1.913912e-01
   outer loop
     vertex  4.764692e+02  1.269809e+03  6.107395e+01
     vertex  4.859744e+02  1.269809e+03  7.447028e+01
     vertex  4.777284e+02  1.269245e+03  6.006977e+01
   endloop
 endfacet
 facet normal  7.409683e-01  1.117905e-01 -6.621698e-01
   outer loop
     vertex  4.695780e+02  1.264076e+03  4.477202e+01
     vertex  4.811011e+02  1.262380e+03  5.738015e+01
     vertex  4.697131e+02  1.262380e+03  4.463693e+01
   endloop
 endfacet
 facet normal  7.409683e-01  1.117905e-01 -6.621698e-01
   outer loop
     vertex  4.695780e+02  1.264076e+03  4.477202e+01
     vertex  4.809517e+02  1.264076e+03  5.749927e+01
     vertex  4.811011e+02  1.262380e+03  5.738015e+01
   endloop
 endfacet
 facet normal  7.039199e-01  3.298160e-01 -6.290613e-01
   outer loop
     vertex  4.691795e+02  1.265686e+03  4.517052e+01
     vertex  4.805111e+02  1.265686e+03  5.785065e+01
     vertex  4.809517e+02  1.264076e+03  5.749927e+01
   endloop
 endfacet
 facet normal  7.039199e-01  3.298160e-01 -6.290613e-01
   outer loop
     vertex  4.691795e+02  1.265686e+03  4.517052e+01
     vertex  4.809517e+02  1.264076e+03  5.749927e+01
     vertex  4.695780e+02  1.264076e+03  4.477202e+01
   endloop
 endfacet
 facet normal  6.316344e-01  5.314316e-01 -5.644630e-01
   outer loop
     vertex  4.685375e+02  1.267131e+03  4.581245e+01
     vertex  4.798014e+02  1.267131e+03  5.841667e+01
     vertex  4.805111e+02  1.265686e+03  5.785065e+01
   endloop
 endfacet
 facet normal  6.316344e-01  5.314316e-01 -5.644630e-01
   outer loop
     vertex  4.685375e+02  1.267131e+03  4.581245e+01
     vertex  4.805111e+02  1.265686e+03  5.785065e+01
     vertex  4.691795e+02  1.265686e+03  4.517052e+01
   endloop
 endfacet
 facet normal  3.971534e-01  8.463465e-01 -3.549180e-01
   outer loop
     vertex  4.676844e+02  1.268338e+03  4.666562e+01
     vertex  4.777284e+02  1.269245e+03  6.006977e+01
     vertex  4.788580e+02  1.268338e+03  5.916895e+01
   endloop
 endfacet
 facet normal  5.276635e-01  7.065499e-01 -4.715490e-01
   outer loop
     vertex  4.676844e+02  1.268338e+03  4.666562e+01
     vertex  4.788580e+02  1.268338e+03  5.916895e+01
     vertex  4.798014e+02  1.267131e+03  5.841667e+01
   endloop
 endfacet
 facet normal  5.276635e-01  7.065499e-01 -4.715490e-01
   outer loop
     vertex  4.676844e+02  1.268338e+03  4.666562e+01
     vertex  4.798014e+02  1.267131e+03  5.841667e+01
     vertex  4.685375e+02  1.267131e+03  4.581245e+01
   endloop
 endfacet
 facet normal  3.971534e-01  8.463465e-01 -3.549180e-01
   outer loop
     vertex  4.666628e+02  1.269245e+03  4.768725e+01
     vertex  4.777284e+02  1.269245e+03  6.006977e+01
     vertex  4.676844e+02  1.268338e+03  4.666562e+01
   endloop
 endfacet
 facet normal  2.466156e-01  9.437210e-01 -2.203892e-01
   outer loop
     vertex  4.655239e+02  1.269809e+03  4.882610e+01
     vertex  4.777284e+02  1.269245e+03  6.006977e+01
     vertex  4.666628e+02  1.269245e+03  4.768725e+01
   endloop
 endfacet
 facet normal  8.361533e-02  9.936926e-01 -7.472322e-02
   outer loop
     vertex  4.655239e+02  1.269809e+03  4.882610e+01
     vertex  4.643249e+02  1.270000e+03  5.002508e+01
     vertex  4.751436e+02  1.270000e+03  6.213115e+01
   endloop
 endfacet
 facet normal  8.361533e-02  9.936926e-01 -7.472322e-02
   outer loop
     vertex  4.655239e+02  1.269809e+03  4.882610e+01
     vertex  4.751436e+02  1.270000e+03  6.213115e+01
     vertex  4.764692e+02  1.269809e+03  6.107395e+01
   endloop
 endfacet
 facet normal  2.466156e-01  9.437210e-01 -2.203892e-01
   outer loop
     vertex  4.655239e+02  1.269809e+03  4.882610e+01
     vertex  4.764692e+02  1.269809e+03  6.107395e+01
     vertex  4.777284e+02  1.269245e+03  6.006977e+01
   endloop
 endfacet
 facet normal  6.621698e-01  1.117905e-01 -7.409683e-01
   outer loop
     vertex  4.568507e+02  1.264076e+03  3.339825e+01
     vertex  4.697131e+02  1.262380e+03  4.463693e+01
     vertex  4.569698e+02  1.262380e+03  3.324888e+01
   endloop
 endfacet
 facet normal  6.621698e-01  1.117905e-01 -7.409683e-01
   outer loop
     vertex  4.568507e+02  1.264076e+03  3.339825e+01
     vertex  4.695780e+02  1.264076e+03  4.477202e+01
     vertex  4.697131e+02  1.262380e+03  4.463693e+01
   endloop
 endfacet
 facet normal  6.290613e-01  3.298160e-01 -7.039199e-01
   outer loop
     vertex  4.568507e+02  1.264076e+03  3.339825e+01
     vertex  4.691795e+02  1.265686e+03  4.517052e+01
     vertex  4.695780e+02  1.264076e+03  4.477202e+01
   endloop
 endfacet
 facet normal  6.290613e-01  3.298160e-01 -7.039199e-01
   outer loop
     vertex  4.564993e+02  1.265686e+03  3.383887e+01
     vertex  4.691795e+02  1.265686e+03  4.517052e+01
     vertex  4.568507e+02  1.264076e+03  3.339825e+01
   endloop
 endfacet
 facet normal  5.644630e-01  5.314316e-01 -6.316344e-01
   outer loop
     vertex  4.559333e+02  1.267131e+03  3.454863e+01
     vertex  4.691795e+02  1.265686e+03  4.517052e+01
     vertex  4.564993e+02  1.265686e+03  3.383887e+01
   endloop
 endfacet
 facet normal  5.644630e-01  5.314316e-01 -6.316344e-01
   outer loop
     vertex  4.559333e+02  1.267131e+03  3.454863e+01
     vertex  4.685375e+02  1.267131e+03  4.581245e+01
     vertex  4.691795e+02  1.265686e+03  4.517052e+01
   endloop
 endfacet
 facet normal  4.715490e-01  7.065499e-01 -5.276635e-01
   outer loop
     vertex  4.559333e+02  1.267131e+03  3.454863e+01
     vertex  4.676844e+02  1.268338e+03  4.666562e+01
     vertex  4.685375e+02  1.267131e+03  4.581245e+01
   endloop
 endfacet
 facet normal  3.549180e-01  8.463465e-01 -3.971534e-01
   outer loop
     vertex  4.551810e+02  1.268338e+03  3.549196e+01
     vertex  4.666628e+02  1.269245e+03  4.768725e+01
     vertex  4.676844e+02  1.268338e+03  4.666562e+01
   endloop
 endfacet
 facet normal  4.715490e-01  7.065499e-01 -5.276635e-01
   outer loop
     vertex  4.551810e+02  1.268338e+03  3.549196e+01
     vertex  4.676844e+02  1.268338e+03  4.666562e+01
     vertex  4.559333e+02  1.267131e+03  3.454863e+01
   endloop
 endfacet
 facet normal  3.549180e-01  8.463465e-01 -3.971534e-01
   outer loop
     vertex  4.542802e+02  1.269245e+03  3.662155e+01
     vertex  4.666628e+02  1.269245e+03  4.768725e+01
     vertex  4.551810e+02  1.268338e+03  3.549196e+01
   endloop
 endfacet
 facet normal  2.203892e-01  9.437210e-01 -2.466156e-01
   outer loop
     vertex  4.532760e+02  1.269809e+03  3.788076e+01
     vertex  4.666628e+02  1.269245e+03  4.768725e+01
     vertex  4.542802e+02  1.269245e+03  3.662155e+01
   endloop
 endfacet
 facet normal  7.472322e-02  9.936926e-01 -8.361533e-02
   outer loop
     vertex  4.532760e+02  1.269809e+03  3.788076e+01
     vertex  4.522189e+02  1.270000e+03  3.920644e+01
     vertex  4.643249e+02  1.270000e+03  5.002508e+01
   endloop
 endfacet
 facet normal  6.489143e-02  9.936926e-01 -9.145592e-02
   outer loop
     vertex  4.532760e+02  1.269809e+03  3.788076e+01
     vertex  4.389776e+02  1.270000e+03  2.981127e+01
     vertex  4.522189e+02  1.270000e+03  3.920644e+01
   endloop
 endfacet
 facet normal  2.203892e-01  9.437210e-01 -2.466156e-01
   outer loop
     vertex  4.532760e+02  1.269809e+03  3.788076e+01
     vertex  4.655239e+02  1.269809e+03  4.882610e+01
     vertex  4.666628e+02  1.269245e+03  4.768725e+01
   endloop
 endfacet
 facet normal  7.472322e-02  9.936926e-01 -8.361533e-02
   outer loop
     vertex  4.532760e+02  1.269809e+03  3.788076e+01
     vertex  4.643249e+02  1.270000e+03  5.002508e+01
     vertex  4.655239e+02  1.269809e+03  4.882610e+01
   endloop
 endfacet
 facet normal  5.750441e-01  1.117905e-01 -8.104488e-01
   outer loop
     vertex  4.429300e+02  1.264076e+03  2.352100e+01
     vertex  4.569698e+02  1.262380e+03  3.324888e+01
     vertex  4.430317e+02  1.262380e+03  2.335923e+01
   endloop
 endfacet
 facet normal  5.750441e-01  1.117905e-01 -8.104488e-01
   outer loop
     vertex  4.429300e+02  1.264076e+03  2.352100e+01
     vertex  4.568507e+02  1.264076e+03  3.339825e+01
     vertex  4.569698e+02  1.262380e+03  3.324888e+01
   endloop
 endfacet
 facet normal  4.901932e-01  5.314316e-01 -6.908626e-01
   outer loop
     vertex  4.426302e+02  1.265686e+03  2.399818e+01
     vertex  4.559333e+02  1.267131e+03  3.454863e+01
     vertex  4.564993e+02  1.265686e+03  3.383887e+01
   endloop
 endfacet
 facet normal  5.462919e-01  3.298160e-01 -7.699263e-01
   outer loop
     vertex  4.426302e+02  1.265686e+03  2.399818e+01
     vertex  4.568507e+02  1.264076e+03  3.339825e+01
     vertex  4.429300e+02  1.264076e+03  2.352100e+01
   endloop
 endfacet
 facet normal  5.462919e-01  3.298160e-01 -7.699263e-01
   outer loop
     vertex  4.426302e+02  1.265686e+03  2.399818e+01
     vertex  4.564993e+02  1.265686e+03  3.383887e+01
     vertex  4.568507e+02  1.264076e+03  3.339825e+01
   endloop
 endfacet
 facet normal  4.901932e-01  5.314316e-01 -6.908626e-01
   outer loop
     vertex  4.421472e+02  1.267131e+03  2.476686e+01
     vertex  4.559333e+02  1.267131e+03  3.454863e+01
     vertex  4.426302e+02  1.265686e+03  2.399818e+01
   endloop
 endfacet
 facet normal  4.095044e-01  7.065499e-01 -5.771424e-01
   outer loop
     vertex  4.415053e+02  1.268338e+03  2.578849e+01
     vertex  4.559333e+02  1.267131e+03  3.454863e+01
     vertex  4.421472e+02  1.267131e+03  2.476686e+01
   endloop
 endfacet
 facet normal  4.095044e-01  7.065499e-01 -5.771424e-01
   outer loop
     vertex  4.415053e+02  1.268338e+03  2.578849e+01
     vertex  4.551810e+02  1.268338e+03  3.549196e+01
     vertex  4.559333e+02  1.267131e+03  3.454863e+01
   endloop
 endfacet
 facet normal  3.082192e-01  8.463465e-01 -4.343944e-01
   outer loop
     vertex  4.415053e+02  1.268338e+03  2.578849e+01
     vertex  4.542802e+02  1.269245e+03  3.662155e+01
     vertex  4.551810e+02  1.268338e+03  3.549196e+01
   endloop
 endfacet
 facet normal  3.082192e-01  8.463465e-01 -4.343944e-01
   outer loop
     vertex  4.407366e+02  1.269245e+03  2.701184e+01
     vertex  4.542802e+02  1.269245e+03  3.662155e+01
     vertex  4.415053e+02  1.268338e+03  2.578849e+01
   endloop
 endfacet
 facet normal  6.489143e-02  9.936926e-01 -9.145592e-02
   outer loop
     vertex  4.398797e+02  1.269809e+03  2.837556e+01
     vertex  4.389776e+02  1.270000e+03  2.981127e+01
     vertex  4.532760e+02  1.269809e+03  3.788076e+01
   endloop
 endfacet
 facet normal  1.913912e-01  9.437210e-01 -2.697407e-01
   outer loop
     vertex  4.398797e+02  1.269809e+03  2.837556e+01
     vertex  4.532760e+02  1.269809e+03  3.788076e+01
     vertex  4.542802e+02  1.269245e+03  3.662155e+01
   endloop
 endfacet
 facet normal  1.913912e-01  9.437210e-01 -2.697407e-01
   outer loop
     vertex  4.398797e+02  1.269809e+03  2.837556e+01
     vertex  4.542802e+02  1.269245e+03  3.662155e+01
     vertex  4.407366e+02  1.269245e+03  2.701184e+01
   endloop
 endfacet
 facet normal  4.806868e-01  1.117905e-01 -8.697373e-01
   outer loop
     vertex  4.279910e+02  1.264076e+03  1.526447e+01
     vertex  4.429300e+02  1.264076e+03  2.352100e+01
     vertex  4.430317e+02  1.262380e+03  2.335923e+01
   endloop
 endfacet
 facet normal  4.806868e-01  1.117905e-01 -8.697373e-01
   outer loop
     vertex  4.279910e+02  1.264076e+03  1.526447e+01
     vertex  4.430317e+02  1.262380e+03  2.335923e+01
     vertex  4.280739e+02  1.262380e+03  1.509234e+01
   endloop
 endfacet
 facet normal  4.566525e-01  3.298160e-01 -8.262505e-01
   outer loop
     vertex  4.277465e+02  1.265686e+03  1.577223e+01
     vertex  4.426302e+02  1.265686e+03  2.399818e+01
     vertex  4.429300e+02  1.264076e+03  2.352100e+01
   endloop
 endfacet
 facet normal  4.566525e-01  3.298160e-01 -8.262505e-01
   outer loop
     vertex  4.277465e+02  1.265686e+03  1.577223e+01
     vertex  4.429300e+02  1.264076e+03  2.352100e+01
     vertex  4.279910e+02  1.264076e+03  1.526447e+01
   endloop
 endfacet
 facet normal  4.097589e-01  5.314316e-01 -7.414028e-01
   outer loop
     vertex  4.273526e+02  1.267131e+03  1.659015e+01
     vertex  4.421472e+02  1.267131e+03  2.476686e+01
     vertex  4.426302e+02  1.265686e+03  2.399818e+01
   endloop
 endfacet
 facet normal  4.097589e-01  5.314316e-01 -7.414028e-01
   outer loop
     vertex  4.273526e+02  1.267131e+03  1.659015e+01
     vertex  4.426302e+02  1.265686e+03  2.399818e+01
     vertex  4.277465e+02  1.265686e+03  1.577223e+01
   endloop
 endfacet
 facet normal  3.423101e-01  7.065499e-01 -6.193634e-01
   outer loop
     vertex  4.268291e+02  1.268338e+03  1.767723e+01
     vertex  4.421472e+02  1.267131e+03  2.476686e+01
     vertex  4.273526e+02  1.267131e+03  1.659015e+01
   endloop
 endfacet
 facet normal  3.423101e-01  7.065499e-01 -6.193634e-01
   outer loop
     vertex  4.268291e+02  1.268338e+03  1.767723e+01
     vertex  4.415053e+02  1.268338e+03  2.578849e+01
     vertex  4.421472e+02  1.267131e+03  2.476686e+01
   endloop
 endfacet
 facet normal  2.576445e-01  8.463465e-01 -4.661726e-01
   outer loop
     vertex  4.262022e+02  1.269245e+03  1.897895e+01
     vertex  4.407366e+02  1.269245e+03  2.701184e+01
     vertex  4.415053e+02  1.268338e+03  2.578849e+01
   endloop
 endfacet
 facet normal  2.576445e-01  8.463465e-01 -4.661726e-01
   outer loop
     vertex  4.262022e+02  1.269245e+03  1.897895e+01
     vertex  4.415053e+02  1.268338e+03  2.578849e+01
     vertex  4.268291e+02  1.268338e+03  1.767723e+01
   endloop
 endfacet
 facet normal  5.424360e-02  9.936926e-01 -9.814640e-02
   outer loop
     vertex  4.255034e+02  1.269809e+03  2.043004e+01
     vertex  4.247677e+02  1.270000e+03  2.195773e+01
     vertex  4.389776e+02  1.270000e+03  2.981127e+01
   endloop
 endfacet
 facet normal  1.599864e-01  9.437210e-01 -2.894737e-01
   outer loop
     vertex  4.255034e+02  1.269809e+03  2.043004e+01
     vertex  4.398797e+02  1.269809e+03  2.837556e+01
     vertex  4.407366e+02  1.269245e+03  2.701184e+01
   endloop
 endfacet
 facet normal  1.599864e-01  9.437210e-01 -2.894737e-01
   outer loop
     vertex  4.255034e+02  1.269809e+03  2.043004e+01
     vertex  4.407366e+02  1.269245e+03  2.701184e+01
     vertex  4.262022e+02  1.269245e+03  1.897895e+01
   endloop
 endfacet
 facet normal  5.424360e-02  9.936926e-01 -9.814640e-02
   outer loop
     vertex  4.255034e+02  1.269809e+03  2.043004e+01
     vertex  4.389776e+02  1.270000e+03  2.981127e+01
     vertex  4.398797e+02  1.269809e+03  2.837556e+01
   endloop
 endfacet
 facet normal  3.802847e-01  1.117905e-01 -9.180885e-01
   outer loop
     vertex  4.122214e+02  1.264076e+03  8.732509e+00
     vertex  4.280739e+02  1.262380e+03  1.509234e+01
     vertex  4.122845e+02  1.262380e+03  8.552180e+00
   endloop
 endfacet
 facet normal  3.802847e-01  1.117905e-01 -9.180885e-01
   outer loop
     vertex  4.122214e+02  1.264076e+03  8.732509e+00
     vertex  4.279910e+02  1.264076e+03  1.526447e+01
     vertex  4.280739e+02  1.262380e+03  1.509234e+01
   endloop
 endfacet
 facet normal  3.612705e-01  3.298160e-01 -8.721841e-01
   outer loop
     vertex  4.120353e+02  1.265686e+03  9.264451e+00
     vertex  4.277465e+02  1.265686e+03  1.577223e+01
     vertex  4.279910e+02  1.264076e+03  1.526447e+01
   endloop
 endfacet
 facet normal  3.612705e-01  3.298160e-01 -8.721841e-01
   outer loop
     vertex  4.120353e+02  1.265686e+03  9.264451e+00
     vertex  4.279910e+02  1.264076e+03  1.526447e+01
     vertex  4.122214e+02  1.264076e+03  8.732509e+00
   endloop
 endfacet
 facet normal  3.241716e-01  5.314316e-01 -7.826195e-01
   outer loop
     vertex  4.117355e+02  1.267131e+03  1.012133e+01
     vertex  4.277465e+02  1.265686e+03  1.577223e+01
     vertex  4.120353e+02  1.265686e+03  9.264451e+00
   endloop
 endfacet
 facet normal  3.241716e-01  5.314316e-01 -7.826195e-01
   outer loop
     vertex  4.117355e+02  1.267131e+03  1.012133e+01
     vertex  4.273526e+02  1.267131e+03  1.659015e+01
     vertex  4.277465e+02  1.265686e+03  1.577223e+01
   endloop
 endfacet
 facet normal  2.708110e-01  7.065499e-01 -6.537956e-01
   outer loop
     vertex  4.113370e+02  1.268338e+03  1.126019e+01
     vertex  4.268291e+02  1.268338e+03  1.767723e+01
     vertex  4.273526e+02  1.267131e+03  1.659015e+01
   endloop
 endfacet
 facet normal  2.708110e-01  7.065499e-01 -6.537956e-01
   outer loop
     vertex  4.113370e+02  1.268338e+03  1.126019e+01
     vertex  4.273526e+02  1.267131e+03  1.659015e+01
     vertex  4.117355e+02  1.267131e+03  1.012133e+01
   endloop
 endfacet
 facet normal  1.265697e-01  9.437210e-01 -3.055663e-01
   outer loop
     vertex  4.108598e+02  1.269245e+03  1.262391e+01
     vertex  4.255034e+02  1.269809e+03  2.043004e+01
     vertex  4.262022e+02  1.269245e+03  1.897895e+01
   endloop
 endfacet
 facet normal  2.038297e-01  8.463465e-01 -4.920884e-01
   outer loop
     vertex  4.108598e+02  1.269245e+03  1.262391e+01
     vertex  4.262022e+02  1.269245e+03  1.897895e+01
     vertex  4.268291e+02  1.268338e+03  1.767723e+01
   endloop
 endfacet
 facet normal  2.038297e-01  8.463465e-01 -4.920884e-01
   outer loop
     vertex  4.108598e+02  1.269245e+03  1.262391e+01
     vertex  4.268291e+02  1.268338e+03  1.767723e+01
     vertex  4.113370e+02  1.268338e+03  1.126019e+01
   endloop
 endfacet
 facet normal  4.291361e-02  9.936926e-01 -1.036026e-01
   outer loop
     vertex  4.103278e+02  1.269809e+03  1.414411e+01
     vertex  4.097678e+02  1.270000e+03  1.574457e+01
     vertex  4.247677e+02  1.270000e+03  2.195773e+01
   endloop
 endfacet
 facet normal  4.291361e-02  9.936926e-01 -1.036026e-01
   outer loop
     vertex  4.103278e+02  1.269809e+03  1.414411e+01
     vertex  4.247677e+02  1.270000e+03  2.195773e+01
     vertex  4.255034e+02  1.269809e+03  2.043004e+01
   endloop
 endfacet
 facet normal  1.265697e-01  9.437210e-01 -3.055663e-01
   outer loop
     vertex  4.103278e+02  1.269809e+03  1.414411e+01
     vertex  4.255034e+02  1.269809e+03  2.043004e+01
     vertex  4.108598e+02  1.269245e+03  1.262391e+01
   endloop
 endfacet
 facet normal  2.751002e-01  1.117905e-01 -9.548941e-01
   outer loop
     vertex  3.958197e+02  1.264076e+03  4.007245e+00
     vertex  4.122845e+02  1.262380e+03  8.552180e+00
     vertex  3.958622e+02  1.262380e+03  3.820986e+00
   endloop
 endfacet
 facet normal  2.751002e-01  1.117905e-01 -9.548941e-01
   outer loop
     vertex  3.958197e+02  1.264076e+03  4.007245e+00
     vertex  4.122214e+02  1.264076e+03  8.732509e+00
     vertex  4.122845e+02  1.262380e+03  8.552180e+00
   endloop
 endfacet
 facet normal  2.613452e-01  3.298160e-01 -9.071494e-01
   outer loop
     vertex  3.956943e+02  1.265686e+03  4.556684e+00
     vertex  4.120353e+02  1.265686e+03  9.264451e+00
     vertex  4.122214e+02  1.264076e+03  8.732509e+00
   endloop
 endfacet
 facet normal  2.613452e-01  3.298160e-01 -9.071494e-01
   outer loop
     vertex  3.956943e+02  1.265686e+03  4.556684e+00
     vertex  4.122214e+02  1.264076e+03  8.732509e+00
     vertex  3.958197e+02  1.264076e+03  4.007245e+00
   endloop
 endfacet
 facet normal  2.345077e-01  5.314316e-01 -8.139942e-01
   outer loop
     vertex  3.956943e+02  1.265686e+03  4.556684e+00
     vertex  4.117355e+02  1.267131e+03  1.012133e+01
     vertex  4.120353e+02  1.265686e+03  9.264451e+00
   endloop
 endfacet
 facet normal  2.345077e-01  5.314316e-01 -8.139942e-01
   outer loop
     vertex  3.954923e+02  1.267131e+03  5.441749e+00
     vertex  4.117355e+02  1.267131e+03  1.012133e+01
     vertex  3.956943e+02  1.265686e+03  4.556684e+00
   endloop
 endfacet
 facet normal  1.474516e-01  8.463465e-01 -5.118160e-01
   outer loop
     vertex  3.952238e+02  1.268338e+03  6.618062e+00
     vertex  4.108598e+02  1.269245e+03  1.262391e+01
     vertex  4.113370e+02  1.268338e+03  1.126019e+01
   endloop
 endfacet
 facet normal  1.959063e-01  7.065499e-01 -6.800058e-01
   outer loop
     vertex  3.952238e+02  1.268338e+03  6.618062e+00
     vertex  4.113370e+02  1.268338e+03  1.126019e+01
     vertex  4.117355e+02  1.267131e+03  1.012133e+01
   endloop
 endfacet
 facet normal  1.959063e-01  7.065499e-01 -6.800058e-01
   outer loop
     vertex  3.952238e+02  1.268338e+03  6.618062e+00
     vertex  4.117355e+02  1.267131e+03  1.012133e+01
     vertex  3.954923e+02  1.267131e+03  5.441749e+00
   endloop
 endfacet
 facet normal  1.474516e-01  8.463465e-01 -5.118160e-01
   outer loop
     vertex  3.949023e+02  1.269245e+03  8.026636e+00
     vertex  4.108598e+02  1.269245e+03  1.262391e+01
     vertex  3.952238e+02  1.268338e+03  6.618062e+00
   endloop
 endfacet
 facet normal  3.104397e-02  9.936926e-01 -1.077560e-01
   outer loop
     vertex  3.945439e+02  1.269809e+03  9.596840e+00
     vertex  3.941666e+02  1.270000e+03  1.124994e+01
     vertex  4.097678e+02  1.270000e+03  1.574457e+01
   endloop
 endfacet
 facet normal  9.156129e-02  9.437210e-01 -3.178163e-01
   outer loop
     vertex  3.945439e+02  1.269809e+03  9.596840e+00
     vertex  4.103278e+02  1.269809e+03  1.414411e+01
     vertex  4.108598e+02  1.269245e+03  1.262391e+01
   endloop
 endfacet
 facet normal  3.104397e-02  9.936926e-01 -1.077560e-01
   outer loop
     vertex  3.945439e+02  1.269809e+03  9.596840e+00
     vertex  4.097678e+02  1.270000e+03  1.574457e+01
     vertex  4.103278e+02  1.269809e+03  1.414411e+01
   endloop
 endfacet
 facet normal  9.156129e-02  9.437210e-01 -3.178163e-01
   outer loop
     vertex  3.945439e+02  1.269809e+03  9.596840e+00
     vertex  4.108598e+02  1.269245e+03  1.262391e+01
     vertex  3.949023e+02  1.269245e+03  8.026636e+00
   endloop
 endfacet
 facet normal  1.664563e-01  1.117905e-01 -9.796914e-01
   outer loop
     vertex  3.789920e+02  1.264076e+03  1.148107e+00
     vertex  3.958197e+02  1.264076e+03  4.007245e+00
     vertex  3.958622e+02  1.262380e+03  3.820986e+00
   endloop
 endfacet
 facet normal  1.664563e-01  1.117905e-01 -9.796914e-01
   outer loop
     vertex  3.789920e+02  1.264076e+03  1.148107e+00
     vertex  3.958622e+02  1.262380e+03  3.820986e+00
     vertex  3.790134e+02  1.262380e+03  9.582592e-01
   endloop
 endfacet
 facet normal  5.571899e-02  1.117905e-01 -9.921685e-01
   outer loop
     vertex  3.789920e+02  1.264076e+03  1.148107e+00
     vertex  3.790134e+02  1.262380e+03  9.582592e-01
     vertex  3.619500e+02  1.264076e+03  1.910493e-01
   endloop
 endfacet
 facet normal  5.293304e-02  3.298160e-01 -9.425601e-01
   outer loop
     vertex  3.789920e+02  1.264076e+03  1.148107e+00
     vertex  3.619500e+02  1.264076e+03  1.910493e-01
     vertex  3.619500e+02  1.265686e+03  7.546172e-01
   endloop
 endfacet
 facet normal  5.293304e-02  3.298160e-01 -9.425601e-01
   outer loop
     vertex  3.789289e+02  1.265686e+03  1.708132e+00
     vertex  3.789920e+02  1.264076e+03  1.148107e+00
     vertex  3.619500e+02  1.265686e+03  7.546172e-01
   endloop
 endfacet
 facet normal  1.581335e-01  3.298160e-01 -9.307068e-01
   outer loop
     vertex  3.789289e+02  1.265686e+03  1.708132e+00
     vertex  3.956943e+02  1.265686e+03  4.556684e+00
     vertex  3.958197e+02  1.264076e+03  4.007245e+00
   endloop
 endfacet
 facet normal  1.581335e-01  3.298160e-01 -9.307068e-01
   outer loop
     vertex  3.789289e+02  1.265686e+03  1.708132e+00
     vertex  3.958197e+02  1.264076e+03  4.007245e+00
     vertex  3.789920e+02  1.264076e+03  1.148107e+00
   endloop
 endfacet
 facet normal  3.967899e-02  7.065499e-01 -7.065499e-01
   outer loop
     vertex  3.788273e+02  1.267131e+03  2.610250e+00
     vertex  3.619500e+02  1.267131e+03  1.662444e+00
     vertex  3.619500e+02  1.268338e+03  2.869008e+00
   endloop
 endfacet
 facet normal  4.749734e-02  5.314316e-01 -8.457686e-01
   outer loop
     vertex  3.788273e+02  1.267131e+03  2.610250e+00
     vertex  3.619500e+02  1.265686e+03  7.546172e-01
     vertex  3.619500e+02  1.267131e+03  1.662444e+00
   endloop
 endfacet
 facet normal  1.418947e-01  5.314316e-01 -8.351325e-01
   outer loop
     vertex  3.788273e+02  1.267131e+03  2.610250e+00
     vertex  3.956943e+02  1.265686e+03  4.556684e+00
     vertex  3.789289e+02  1.265686e+03  1.708132e+00
   endloop
 endfacet
 facet normal  1.418947e-01  5.314316e-01 -8.351325e-01
   outer loop
     vertex  3.788273e+02  1.267131e+03  2.610250e+00
     vertex  3.954923e+02  1.267131e+03  5.441749e+00
     vertex  3.956943e+02  1.265686e+03  4.556684e+00
   endloop
 endfacet
 facet normal  4.749734e-02  5.314316e-01 -8.457686e-01
   outer loop
     vertex  3.788273e+02  1.267131e+03  2.610250e+00
     vertex  3.789289e+02  1.265686e+03  1.708132e+00
     vertex  3.619500e+02  1.265686e+03  7.546172e-01
   endloop
 endfacet
 facet normal  1.185380e-01  7.065499e-01 -6.976646e-01
   outer loop
     vertex  3.786922e+02  1.268338e+03  3.809227e+00
     vertex  3.954923e+02  1.267131e+03  5.441749e+00
     vertex  3.788273e+02  1.267131e+03  2.610250e+00
   endloop
 endfacet
 facet normal  2.986495e-02  8.463465e-01 -5.317948e-01
   outer loop
     vertex  3.786922e+02  1.268338e+03  3.809227e+00
     vertex  3.619500e+02  1.268338e+03  2.869008e+00
     vertex  3.619500e+02  1.269245e+03  4.313806e+00
   endloop
 endfacet
 facet normal  1.185380e-01  7.065499e-01 -6.976646e-01
   outer loop
     vertex  3.786922e+02  1.268338e+03  3.809227e+00
     vertex  3.952238e+02  1.268338e+03  6.618062e+00
     vertex  3.954923e+02  1.267131e+03  5.441749e+00
   endloop
 endfacet
 facet normal  3.967899e-02  7.065499e-01 -7.065499e-01
   outer loop
     vertex  3.786922e+02  1.268338e+03  3.809227e+00
     vertex  3.788273e+02  1.267131e+03  2.610250e+00
     vertex  3.619500e+02  1.268338e+03  2.869008e+00
   endloop
 endfacet
 facet normal  2.986495e-02  8.463465e-01 -5.317948e-01
   outer loop
     vertex  3.785304e+02  1.269245e+03  5.244941e+00
     vertex  3.786922e+02  1.268338e+03  3.809227e+00
     vertex  3.619500e+02  1.269245e+03  4.313806e+00
   endloop
 endfacet
 facet normal  8.921929e-02  8.463465e-01 -5.251071e-01
   outer loop
     vertex  3.785304e+02  1.269245e+03  5.244941e+00
     vertex  3.952238e+02  1.268338e+03  6.618062e+00
     vertex  3.786922e+02  1.268338e+03  3.809227e+00
   endloop
 endfacet
 facet normal  8.921929e-02  8.463465e-01 -5.251071e-01
   outer loop
     vertex  3.785304e+02  1.269245e+03  5.244941e+00
     vertex  3.949023e+02  1.269245e+03  8.026636e+00
     vertex  3.952238e+02  1.268338e+03  6.618062e+00
   endloop
 endfacet
 facet normal  5.540144e-02  9.437210e-01 -3.260695e-01
   outer loop
     vertex  3.785304e+02  1.269245e+03  5.244941e+00
     vertex  3.945439e+02  1.269809e+03  9.596840e+00
     vertex  3.949023e+02  1.269245e+03  8.026636e+00
   endloop
 endfacet
 facet normal  1.854488e-02  9.437210e-01 -3.302223e-01
   outer loop
     vertex  3.783501e+02  1.269809e+03  6.845398e+00
     vertex  3.785304e+02  1.269245e+03  5.244941e+00
     vertex  3.619500e+02  1.269245e+03  4.313806e+00
   endloop
 endfacet
 facet normal  5.540144e-02  9.437210e-01 -3.260695e-01
   outer loop
     vertex  3.783501e+02  1.269809e+03  6.845398e+00
     vertex  3.945439e+02  1.269809e+03  9.596840e+00
     vertex  3.785304e+02  1.269245e+03  5.244941e+00
   endloop
 endfacet
 facet normal  6.287666e-03  9.936926e-01 -1.119623e-01
   outer loop
     vertex  3.783501e+02  1.269809e+03  6.845398e+00
     vertex  3.619500e+02  1.269809e+03  5.924390e+00
     vertex  3.619500e+02  1.270000e+03  7.620000e+00
   endloop
 endfacet
 facet normal  1.854488e-02  9.437210e-01 -3.302223e-01
   outer loop
     vertex  3.783501e+02  1.269809e+03  6.845398e+00
     vertex  3.619500e+02  1.269245e+03  4.313806e+00
     vertex  3.619500e+02  1.269809e+03  5.924390e+00
   endloop
 endfacet
 facet normal  1.878393e-02  9.936926e-01 -1.105543e-01
   outer loop
     vertex  3.783501e+02  1.269809e+03  6.845398e+00
     vertex  3.781602e+02  1.270000e+03  8.530346e+00
     vertex  3.941666e+02  1.270000e+03  1.124994e+01
   endloop
 endfacet
 facet normal  6.287666e-03  9.936926e-01 -1.119623e-01
   outer loop
     vertex  3.783501e+02  1.269809e+03  6.845398e+00
     vertex  3.619500e+02  1.270000e+03  7.620000e+00
     vertex  3.781602e+02  1.270000e+03  8.530346e+00
   endloop
 endfacet
 facet normal  1.878393e-02  9.936926e-01 -1.105543e-01
   outer loop
     vertex  3.783501e+02  1.269809e+03  6.845398e+00
     vertex  3.941666e+02  1.270000e+03  1.124994e+01
     vertex  3.945439e+02  1.269809e+03  9.596840e+00
   endloop
 endfacet
 facet normal -6.300287e-02  9.975808e-01 -2.937872e-02
   outer loop
     vertex -7.776386e+01  1.269926e+03  4.145653e+02
     vertex -7.709056e+01  1.270000e+03  4.156222e+02
     vertex  3.302000e+01  1.270000e+03  1.794893e+02
   endloop
 endfacet
 facet normal -8.278361e-02  9.958158e-01 -3.870131e-02
   outer loop
     vertex -7.776386e+01  1.269926e+03  4.145653e+02
     vertex  3.302000e+01  1.270000e+03  1.794893e+02
     vertex  3.163344e+01  1.269873e+03  1.791819e+02
   endloop
 endfacet
 facet normal -2.504051e-01  9.610554e-01 -1.169181e-01
   outer loop
     vertex -7.845579e+01  1.269692e+03  4.134792e+02
     vertex  3.163344e+01  1.269873e+03  1.791819e+02
     vertex  3.021512e+01  1.269465e+03  1.788675e+02
   endloop
 endfacet
 facet normal -1.908630e-01  9.775802e-01 -8.892838e-02
   outer loop
     vertex -7.845579e+01  1.269692e+03  4.134792e+02
     vertex -7.776386e+01  1.269926e+03  4.145653e+02
     vertex  3.163344e+01  1.269873e+03  1.791819e+02
   endloop
 endfacet
 facet normal -4.332747e-01  8.782686e-01 -2.022803e-01
   outer loop
     vertex -7.941612e+01  1.269069e+03  4.119718e+02
     vertex  3.021512e+01  1.269465e+03  1.788675e+02
     vertex  2.859195e+01  1.268581e+03  1.785076e+02
   endloop
 endfacet
 facet normal -3.466688e-01  9.239848e-01 -1.614710e-01
   outer loop
     vertex -7.941612e+01  1.269069e+03  4.119718e+02
     vertex -7.845579e+01  1.269692e+03  4.134792e+02
     vertex  3.021512e+01  1.269465e+03  1.788675e+02
   endloop
 endfacet
 facet normal -6.138100e-01  7.356450e-01 -2.864676e-01
   outer loop
     vertex -8.029474e+01  1.268104e+03  4.105926e+02
     vertex  2.859195e+01  1.268581e+03  1.785076e+02
     vertex  2.720470e+01  1.267304e+03  1.782001e+02
   endloop
 endfacet
 facet normal -5.195089e-01  8.194640e-01 -2.420523e-01
   outer loop
     vertex -8.029474e+01  1.268104e+03  4.105926e+02
     vertex -7.941612e+01  1.269069e+03  4.119718e+02
     vertex  2.859195e+01  1.268581e+03  1.785076e+02
   endloop
 endfacet
 facet normal -7.581192e-01  5.478427e-01 -3.537281e-01
   outer loop
     vertex -8.102159e+01  1.266851e+03  4.094517e+02
     vertex  2.720470e+01  1.267304e+03  1.782001e+02
     vertex  2.618200e+01  1.265742e+03  1.779734e+02
   endloop
 endfacet
 facet normal -6.703252e-01  6.731074e-01 -3.123948e-01
   outer loop
     vertex -8.102159e+01  1.266851e+03  4.094517e+02
     vertex -8.029474e+01  1.268104e+03  4.105926e+02
     vertex  2.720470e+01  1.267304e+03  1.782001e+02
   endloop
 endfacet
 facet normal -8.546748e-01  3.325285e-01 -3.986926e-01
   outer loop
     vertex -8.154657e+01  1.265403e+03  4.086277e+02
     vertex  2.618200e+01  1.265742e+03  1.779734e+02
     vertex  2.558529e+01  1.264050e+03  1.778411e+02
   endloop
 endfacet
 facet normal -7.876982e-01  4.946877e-01 -3.671724e-01
   outer loop
     vertex -8.154657e+01  1.265403e+03  4.086277e+02
     vertex -8.102159e+01  1.266851e+03  4.094517e+02
     vertex  2.618200e+01  1.265742e+03  1.779734e+02
   endloop
 endfacet
 facet normal -9.007526e-01  1.102619e-01 -4.201037e-01
   outer loop
     vertex -8.185045e+01  1.263877e+03  4.081507e+02
     vertex  2.558529e+01  1.264050e+03  1.778411e+02
     vertex  2.540000e+01  1.262380e+03  1.778000e+02
   endloop
 endfacet
 facet normal -8.650887e-01  2.982447e-01 -4.033257e-01
   outer loop
     vertex -8.185045e+01  1.263877e+03  4.081507e+02
     vertex -8.154657e+01  1.265403e+03  4.086277e+02
     vertex  2.558529e+01  1.264050e+03  1.778411e+02
   endloop
 endfacet
 facet normal -9.018821e-01  9.870464e-02 -4.205545e-01
   outer loop
     vertex -8.194504e+01  1.262380e+03  4.080022e+02
     vertex -8.185045e+01  1.263877e+03  4.081507e+02
     vertex  2.540000e+01  1.262380e+03  1.778000e+02
   endloop
 endfacet
 facet normal  1.081494e-01  9.937122e-01  2.897854e-02
   outer loop
     vertex -3.901241e+02  1.269809e+03  1.116141e+01
     vertex -4.016905e+02  1.270000e+03  4.777665e+01
     vertex -4.000527e+02  1.269809e+03  4.821550e+01
   endloop
 endfacet
 facet normal  1.081494e-01  9.937122e-01  2.897854e-02
   outer loop
     vertex -3.901241e+02  1.269809e+03  1.116141e+01
     vertex -3.917619e+02  1.270000e+03  1.072255e+01
     vertex -4.016905e+02  1.270000e+03  4.777665e+01
   endloop
 endfacet
 facet normal  3.190251e-01  9.438833e-01  8.548251e-02
   outer loop
     vertex -3.885684e+02  1.269245e+03  1.157826e+01
     vertex -4.000527e+02  1.269809e+03  4.821550e+01
     vertex -3.984970e+02  1.269245e+03  4.863235e+01
   endloop
 endfacet
 facet normal  3.190251e-01  9.438833e-01  8.548251e-02
   outer loop
     vertex -3.885684e+02  1.269245e+03  1.157826e+01
     vertex -3.901241e+02  1.269809e+03  1.116141e+01
     vertex -4.000527e+02  1.269809e+03  4.821550e+01
   endloop
 endfacet
 facet normal  5.139035e-01  8.467242e-01  1.377000e-01
   outer loop
     vertex -3.871728e+02  1.268338e+03  1.195220e+01
     vertex -3.984970e+02  1.269245e+03  4.863235e+01
     vertex -3.971014e+02  1.268338e+03  4.900629e+01
   endloop
 endfacet
 facet normal  5.139035e-01  8.467242e-01  1.377000e-01
   outer loop
     vertex -3.871728e+02  1.268338e+03  1.195220e+01
     vertex -3.885684e+02  1.269245e+03  1.157826e+01
     vertex -3.984970e+02  1.269245e+03  4.863235e+01
   endloop
 endfacet
 facet normal  6.830127e-01  7.071068e-01  1.830127e-01
   outer loop
     vertex -3.860073e+02  1.267131e+03  1.226448e+01
     vertex -3.971014e+02  1.268338e+03  4.900629e+01
     vertex -3.959360e+02  1.267131e+03  4.931857e+01
   endloop
 endfacet
 facet normal  6.830127e-01  7.071068e-01  1.830127e-01
   outer loop
     vertex -3.860073e+02  1.267131e+03  1.226448e+01
     vertex -3.871728e+02  1.268338e+03  1.195220e+01
     vertex -3.971014e+02  1.268338e+03  4.900629e+01
   endloop
 endfacet
 facet normal  8.178728e-01  5.320321e-01  2.191483e-01
   outer loop
     vertex -3.851305e+02  1.265686e+03  1.249945e+01
     vertex -3.959360e+02  1.267131e+03  4.931857e+01
     vertex -3.950591e+02  1.265686e+03  4.955354e+01
   endloop
 endfacet
 facet normal  8.178728e-01  5.320321e-01  2.191483e-01
   outer loop
     vertex -3.851305e+02  1.265686e+03  1.249945e+01
     vertex -3.860073e+02  1.267131e+03  1.226448e+01
     vertex -3.959360e+02  1.267131e+03  4.931857e+01
   endloop
 endfacet
 facet normal  9.117213e-01  3.302791e-01  2.442950e-01
   outer loop
     vertex -3.845861e+02  1.264076e+03  1.264531e+01
     vertex -3.950591e+02  1.265686e+03  4.955354e+01
     vertex -3.945147e+02  1.264076e+03  4.969940e+01
   endloop
 endfacet
 facet normal  9.117213e-01  3.302791e-01  2.442950e-01
   outer loop
     vertex -3.845861e+02  1.264076e+03  1.264531e+01
     vertex -3.851305e+02  1.265686e+03  1.249945e+01
     vertex -3.950591e+02  1.265686e+03  4.955354e+01
   endloop
 endfacet
 facet normal  9.598523e-01  1.119645e-01  2.571916e-01
   outer loop
     vertex -3.844015e+02  1.262380e+03  1.269475e+01
     vertex -3.945147e+02  1.264076e+03  4.969940e+01
     vertex -3.943302e+02  1.262380e+03  4.974885e+01
   endloop
 endfacet
 facet normal  9.598523e-01  1.119645e-01  2.571916e-01
   outer loop
     vertex -3.844015e+02  1.262380e+03  1.269475e+01
     vertex -3.845861e+02  1.264076e+03  1.264531e+01
     vertex -3.945147e+02  1.264076e+03  4.969940e+01
   endloop
 endfacet
 facet normal -2.928513e-02  9.936921e-01 -1.082518e-01
   outer loop
     vertex -4.076320e+02  1.270000e+03  1.501586e+01
     vertex -3.917619e+02  1.270000e+03  1.072255e+01
     vertex -3.921111e+02  1.269809e+03  9.063280e+00
   endloop
 endfacet
 facet normal -2.595039e-01  1.117861e-01 -9.592505e-01
   outer loop
     vertex -4.099761e+02  1.264076e+03  7.966406e+00
     vertex -3.932916e+02  1.264076e+03  3.452801e+00
     vertex -3.933310e+02  1.262380e+03  3.265846e+00
   endloop
 endfacet
 facet normal -2.595039e-01  1.117861e-01 -9.592505e-01
   outer loop
     vertex -4.099761e+02  1.264076e+03  7.966406e+00
     vertex -3.933310e+02  1.262380e+03  3.265846e+00
     vertex -4.100363e+02  1.262380e+03  7.785116e+00
   endloop
 endfacet
 facet normal -2.465297e-01  3.298043e-01 -9.112915e-01
   outer loop
     vertex -4.097982e+02  1.265686e+03  8.501185e+00
     vertex -3.932916e+02  1.264076e+03  3.452801e+00
     vertex -4.099761e+02  1.264076e+03  7.966406e+00
   endloop
 endfacet
 facet normal -2.465297e-01  3.298043e-01 -9.112915e-01
   outer loop
     vertex -4.097982e+02  1.265686e+03  8.501185e+00
     vertex -3.931756e+02  1.265686e+03  4.004292e+00
     vertex -3.932916e+02  1.264076e+03  3.452801e+00
   endloop
 endfacet
 facet normal -2.212151e-01  5.314163e-01 -8.177167e-01
   outer loop
     vertex -4.095118e+02  1.267131e+03  9.362637e+00
     vertex -3.929886e+02  1.267131e+03  4.892665e+00
     vertex -3.931756e+02  1.265686e+03  4.004292e+00
   endloop
 endfacet
 facet normal -2.212151e-01  5.314163e-01 -8.177167e-01
   outer loop
     vertex -4.095118e+02  1.267131e+03  9.362637e+00
     vertex -3.931756e+02  1.265686e+03  4.004292e+00
     vertex -4.097982e+02  1.265686e+03  8.501185e+00
   endloop
 endfacet
 facet normal -1.848034e-01  7.065358e-01 -6.831215e-01
   outer loop
     vertex -4.091311e+02  1.268338e+03  1.050756e+01
     vertex -3.927402e+02  1.268338e+03  6.073373e+00
     vertex -3.929886e+02  1.267131e+03  4.892665e+00
   endloop
 endfacet
 facet normal -1.848034e-01  7.065358e-01 -6.831215e-01
   outer loop
     vertex -4.091311e+02  1.268338e+03  1.050756e+01
     vertex -3.929886e+02  1.267131e+03  4.892665e+00
     vertex -4.095118e+02  1.267131e+03  9.362637e+00
   endloop
 endfacet
 facet normal -1.390961e-01  8.463369e-01 -5.141655e-01
   outer loop
     vertex -4.086752e+02  1.269245e+03  1.187856e+01
     vertex -3.924427e+02  1.269245e+03  7.487210e+00
     vertex -3.927402e+02  1.268338e+03  6.073373e+00
   endloop
 endfacet
 facet normal -1.390961e-01  8.463369e-01 -5.141655e-01
   outer loop
     vertex -4.086752e+02  1.269245e+03  1.187856e+01
     vertex -3.927402e+02  1.268338e+03  6.073373e+00
     vertex -4.091311e+02  1.268338e+03  1.050756e+01
   endloop
 endfacet
 facet normal -8.637343e-02  9.437169e-01 -3.192774e-01
   outer loop
     vertex -4.081670e+02  1.269809e+03  1.340687e+01
     vertex -3.921111e+02  1.269809e+03  9.063280e+00
     vertex -3.924427e+02  1.269245e+03  7.487210e+00
   endloop
 endfacet
 facet normal -8.637343e-02  9.437169e-01 -3.192774e-01
   outer loop
     vertex -4.081670e+02  1.269809e+03  1.340687e+01
     vertex -3.924427e+02  1.269245e+03  7.487210e+00
     vertex -4.086752e+02  1.269245e+03  1.187856e+01
   endloop
 endfacet
 facet normal -2.928513e-02  9.936921e-01 -1.082518e-01
   outer loop
     vertex -4.081670e+02  1.269809e+03  1.340687e+01
     vertex -4.076320e+02  1.270000e+03  1.501586e+01
     vertex -3.921111e+02  1.269809e+03  9.063280e+00
   endloop
 endfacet
 facet normal -3.665834e-01  1.117861e-01 -9.236452e-01
   outer loop
     vertex -4.260412e+02  1.264076e+03  1.434246e+01
     vertex -4.100363e+02  1.262380e+03  7.785116e+00
     vertex -4.261216e+02  1.262380e+03  1.416918e+01
   endloop
 endfacet
 facet normal -3.665834e-01  1.117861e-01 -9.236452e-01
   outer loop
     vertex -4.260412e+02  1.264076e+03  1.434246e+01
     vertex -4.099761e+02  1.264076e+03  7.966406e+00
     vertex -4.100363e+02  1.262380e+03  7.785116e+00
   endloop
 endfacet
 facet normal -3.482556e-01  3.298043e-01 -8.774664e-01
   outer loop
     vertex -4.260412e+02  1.264076e+03  1.434246e+01
     vertex -4.097982e+02  1.265686e+03  8.501185e+00
     vertex -4.099761e+02  1.264076e+03  7.966406e+00
   endloop
 endfacet
 facet normal -3.482556e-01  3.298043e-01 -8.774664e-01
   outer loop
     vertex -4.258039e+02  1.265686e+03  1.485364e+01
     vertex -4.097982e+02  1.265686e+03  8.501185e+00
     vertex -4.260412e+02  1.264076e+03  1.434246e+01
   endloop
 endfacet
 facet normal -3.124954e-01  5.314163e-01 -7.873648e-01
   outer loop
     vertex -4.254216e+02  1.267131e+03  1.567706e+01
     vertex -4.095118e+02  1.267131e+03  9.362637e+00
     vertex -4.097982e+02  1.265686e+03  8.501185e+00
   endloop
 endfacet
 facet normal -3.124954e-01  5.314163e-01 -7.873648e-01
   outer loop
     vertex -4.254216e+02  1.267131e+03  1.567706e+01
     vertex -4.097982e+02  1.265686e+03  8.501185e+00
     vertex -4.258039e+02  1.265686e+03  1.485364e+01
   endloop
 endfacet
 facet normal -1.964915e-01  8.463369e-01 -4.950808e-01
   outer loop
     vertex -4.249136e+02  1.268338e+03  1.677144e+01
     vertex -4.086752e+02  1.269245e+03  1.187856e+01
     vertex -4.091311e+02  1.268338e+03  1.050756e+01
   endloop
 endfacet
 facet normal -2.610590e-01  7.065358e-01 -6.577655e-01
   outer loop
     vertex -4.249136e+02  1.268338e+03  1.677144e+01
     vertex -4.091311e+02  1.268338e+03  1.050756e+01
     vertex -4.095118e+02  1.267131e+03  9.362637e+00
   endloop
 endfacet
 facet normal -2.610590e-01  7.065358e-01 -6.577655e-01
   outer loop
     vertex -4.249136e+02  1.268338e+03  1.677144e+01
     vertex -4.095118e+02  1.267131e+03  9.362637e+00
     vertex -4.254216e+02  1.267131e+03  1.567706e+01
   endloop
 endfacet
 facet normal -1.964915e-01  8.463369e-01 -4.950808e-01
   outer loop
     vertex -4.243052e+02  1.269245e+03  1.808191e+01
     vertex -4.086752e+02  1.269245e+03  1.187856e+01
     vertex -4.249136e+02  1.268338e+03  1.677144e+01
   endloop
 endfacet
 facet normal -4.136909e-02  9.936921e-01 -1.042338e-01
   outer loop
     vertex -4.236270e+02  1.269809e+03  1.954276e+01
     vertex -4.229131e+02  1.270000e+03  2.108072e+01
     vertex -4.076320e+02  1.270000e+03  1.501586e+01
   endloop
 endfacet
 facet normal -5.291961e-02  9.936921e-01 -9.887160e-02
   outer loop
     vertex -4.236270e+02  1.269809e+03  1.954276e+01
     vertex -4.374080e+02  1.270000e+03  2.883893e+01
     vertex -4.229131e+02  1.270000e+03  2.108072e+01
   endloop
 endfacet
 facet normal -4.136909e-02  9.936921e-01 -1.042338e-01
   outer loop
     vertex -4.236270e+02  1.269809e+03  1.954276e+01
     vertex -4.076320e+02  1.270000e+03  1.501586e+01
     vertex -4.081670e+02  1.269809e+03  1.340687e+01
   endloop
 endfacet
 facet normal -1.220138e-01  9.437169e-01 -3.074266e-01
   outer loop
     vertex -4.236270e+02  1.269809e+03  1.954276e+01
     vertex -4.081670e+02  1.269809e+03  1.340687e+01
     vertex -4.086752e+02  1.269245e+03  1.187856e+01
   endloop
 endfacet
 facet normal -1.220138e-01  9.437169e-01 -3.074266e-01
   outer loop
     vertex -4.236270e+02  1.269809e+03  1.954276e+01
     vertex -4.086752e+02  1.269245e+03  1.187856e+01
     vertex -4.243052e+02  1.269245e+03  1.808191e+01
   endloop
 endfacet
 facet normal -4.689358e-01  1.117861e-01 -8.761296e-01
   outer loop
     vertex -4.412799e+02  1.264076e+03  2.249876e+01
     vertex -4.261216e+02  1.262380e+03  1.416918e+01
     vertex -4.413795e+02  1.262380e+03  2.233571e+01
   endloop
 endfacet
 facet normal -4.689358e-01  1.117861e-01 -8.761296e-01
   outer loop
     vertex -4.412799e+02  1.264076e+03  2.249876e+01
     vertex -4.260412e+02  1.264076e+03  1.434246e+01
     vertex -4.261216e+02  1.262380e+03  1.416918e+01
   endloop
 endfacet
 facet normal -4.454907e-01  3.298043e-01 -8.323263e-01
   outer loop
     vertex -4.409862e+02  1.265686e+03  2.297973e+01
     vertex -4.258039e+02  1.265686e+03  1.485364e+01
     vertex -4.260412e+02  1.264076e+03  1.434246e+01
   endloop
 endfacet
 facet normal -4.454907e-01  3.298043e-01 -8.323263e-01
   outer loop
     vertex -4.409862e+02  1.265686e+03  2.297973e+01
     vertex -4.260412e+02  1.264076e+03  1.434246e+01
     vertex -4.412799e+02  1.264076e+03  2.249876e+01
   endloop
 endfacet
 facet normal -3.997461e-01  5.314163e-01 -7.468599e-01
   outer loop
     vertex -4.405130e+02  1.267131e+03  2.375451e+01
     vertex -4.254216e+02  1.267131e+03  1.567706e+01
     vertex -4.258039e+02  1.265686e+03  1.485364e+01
   endloop
 endfacet
 facet normal -3.997461e-01  5.314163e-01 -7.468599e-01
   outer loop
     vertex -4.405130e+02  1.267131e+03  2.375451e+01
     vertex -4.258039e+02  1.265686e+03  1.485364e+01
     vertex -4.409862e+02  1.265686e+03  2.297973e+01
   endloop
 endfacet
 facet normal -3.339483e-01  7.065358e-01 -6.239277e-01
   outer loop
     vertex -4.398842e+02  1.268338e+03  2.478424e+01
     vertex -4.254216e+02  1.267131e+03  1.567706e+01
     vertex -4.405130e+02  1.267131e+03  2.375451e+01
   endloop
 endfacet
 facet normal -3.339483e-01  7.065358e-01 -6.239277e-01
   outer loop
     vertex -4.398842e+02  1.268338e+03  2.478424e+01
     vertex -4.249136e+02  1.268338e+03  1.677144e+01
     vertex -4.254216e+02  1.267131e+03  1.567706e+01
   endloop
 endfacet
 facet normal -1.560808e-01  9.437169e-01 -2.916114e-01
   outer loop
     vertex -4.391312e+02  1.269245e+03  2.601729e+01
     vertex -4.236270e+02  1.269809e+03  1.954276e+01
     vertex -4.243052e+02  1.269245e+03  1.808191e+01
   endloop
 endfacet
 facet normal -2.513531e-01  8.463369e-01 -4.696120e-01
   outer loop
     vertex -4.391312e+02  1.269245e+03  2.601729e+01
     vertex -4.249136e+02  1.268338e+03  1.677144e+01
     vertex -4.398842e+02  1.268338e+03  2.478424e+01
   endloop
 endfacet
 facet normal -2.513531e-01  8.463369e-01 -4.696120e-01
   outer loop
     vertex -4.391312e+02  1.269245e+03  2.601729e+01
     vertex -4.243052e+02  1.269245e+03  1.808191e+01
     vertex -4.249136e+02  1.268338e+03  1.677144e+01
   endloop
 endfacet
 facet normal -1.560808e-01  9.437169e-01 -2.916114e-01
   outer loop
     vertex -4.382917e+02  1.269809e+03  2.739182e+01
     vertex -4.236270e+02  1.269809e+03  1.954276e+01
     vertex -4.391312e+02  1.269245e+03  2.601729e+01
   endloop
 endfacet
 facet normal -5.291961e-02  9.936921e-01 -9.887160e-02
   outer loop
     vertex -4.382917e+02  1.269809e+03  2.739182e+01
     vertex -4.374080e+02  1.270000e+03  2.883893e+01
     vertex -4.236270e+02  1.269809e+03  1.954276e+01
   endloop
 endfacet
 facet normal -5.652413e-01  1.117861e-01 -8.173164e-01
   outer loop
     vertex -4.554956e+02  1.264076e+03  3.233012e+01
     vertex -4.412799e+02  1.264076e+03  2.249876e+01
     vertex -4.413795e+02  1.262380e+03  2.233571e+01
   endloop
 endfacet
 facet normal -5.652413e-01  1.117861e-01 -8.173164e-01
   outer loop
     vertex -4.554956e+02  1.264076e+03  3.233012e+01
     vertex -4.413795e+02  1.262380e+03  2.233571e+01
     vertex -4.556131e+02  1.262380e+03  3.217941e+01
   endloop
 endfacet
 facet normal -5.369814e-01  3.298043e-01 -7.764536e-01
   outer loop
     vertex -4.551493e+02  1.265686e+03  3.277469e+01
     vertex -4.409862e+02  1.265686e+03  2.297973e+01
     vertex -4.412799e+02  1.264076e+03  2.249876e+01
   endloop
 endfacet
 facet normal -5.369814e-01  3.298043e-01 -7.764536e-01
   outer loop
     vertex -4.551493e+02  1.265686e+03  3.277469e+01
     vertex -4.412799e+02  1.264076e+03  2.249876e+01
     vertex -4.554956e+02  1.264076e+03  3.233012e+01
   endloop
 endfacet
 facet normal -4.818421e-01  5.314163e-01 -6.967244e-01
   outer loop
     vertex -4.551493e+02  1.265686e+03  3.277469e+01
     vertex -4.405130e+02  1.267131e+03  2.375451e+01
     vertex -4.409862e+02  1.265686e+03  2.297973e+01
   endloop
 endfacet
 facet normal -4.818421e-01  5.314163e-01 -6.967244e-01
   outer loop
     vertex -4.545913e+02  1.267131e+03  3.349082e+01
     vertex -4.405130e+02  1.267131e+03  2.375451e+01
     vertex -4.551493e+02  1.265686e+03  3.277469e+01
   endloop
 endfacet
 facet normal -4.025314e-01  7.065358e-01 -5.820444e-01
   outer loop
     vertex -4.538498e+02  1.268338e+03  3.444262e+01
     vertex -4.398842e+02  1.268338e+03  2.478424e+01
     vertex -4.405130e+02  1.267131e+03  2.375451e+01
   endloop
 endfacet
 facet normal -4.025314e-01  7.065358e-01 -5.820444e-01
   outer loop
     vertex -4.538498e+02  1.268338e+03  3.444262e+01
     vertex -4.405130e+02  1.267131e+03  2.375451e+01
     vertex -4.545913e+02  1.267131e+03  3.349082e+01
   endloop
 endfacet
 facet normal -3.029736e-01  8.463369e-01 -4.380877e-01
   outer loop
     vertex -4.529619e+02  1.269245e+03  3.558235e+01
     vertex -4.391312e+02  1.269245e+03  2.601729e+01
     vertex -4.398842e+02  1.268338e+03  2.478424e+01
   endloop
 endfacet
 facet normal -3.029736e-01  8.463369e-01 -4.380877e-01
   outer loop
     vertex -4.529619e+02  1.269245e+03  3.558235e+01
     vertex -4.398842e+02  1.268338e+03  2.478424e+01
     vertex -4.538498e+02  1.268338e+03  3.444262e+01
   endloop
 endfacet
 facet normal -6.378773e-02  9.936921e-01 -9.223450e-02
   outer loop
     vertex -4.519720e+02  1.269809e+03  3.685286e+01
     vertex -4.509299e+02  1.270000e+03  3.819044e+01
     vertex -4.374080e+02  1.270000e+03  2.883893e+01
   endloop
 endfacet
 facet normal -6.378773e-02  9.936921e-01 -9.223450e-02
   outer loop
     vertex -4.519720e+02  1.269809e+03  3.685286e+01
     vertex -4.374080e+02  1.270000e+03  2.883893e+01
     vertex -4.382917e+02  1.269809e+03  2.739182e+01
   endloop
 endfacet
 facet normal -1.881352e-01  9.437169e-01 -2.720360e-01
   outer loop
     vertex -4.519720e+02  1.269809e+03  3.685286e+01
     vertex -4.382917e+02  1.269809e+03  2.739182e+01
     vertex -4.391312e+02  1.269245e+03  2.601729e+01
   endloop
 endfacet
 facet normal -1.881352e-01  9.437169e-01 -2.720360e-01
   outer loop
     vertex -4.519720e+02  1.269809e+03  3.685286e+01
     vertex -4.391312e+02  1.269245e+03  2.601729e+01
     vertex -4.529619e+02  1.269245e+03  3.558235e+01
   endloop
 endfacet
 facet normal -6.542582e-01  1.117861e-01 -7.479640e-01
   outer loop
     vertex -4.685051e+02  1.264076e+03  4.370976e+01
     vertex -4.554956e+02  1.264076e+03  3.233012e+01
     vertex -4.556131e+02  1.262380e+03  3.217941e+01
   endloop
 endfacet
 facet normal -6.542582e-01  1.117861e-01 -7.479640e-01
   outer loop
     vertex -4.685051e+02  1.264076e+03  4.370976e+01
     vertex -4.556131e+02  1.262380e+03  3.217941e+01
     vertex -4.686389e+02  1.262380e+03  4.357333e+01
   endloop
 endfacet
 facet normal -6.215477e-01  3.298043e-01 -7.105685e-01
   outer loop
     vertex -4.685051e+02  1.264076e+03  4.370976e+01
     vertex -4.551493e+02  1.265686e+03  3.277469e+01
     vertex -4.554956e+02  1.264076e+03  3.233012e+01
   endloop
 endfacet
 facet normal -6.215477e-01  3.298043e-01 -7.105685e-01
   outer loop
     vertex -4.681106e+02  1.265686e+03  4.411220e+01
     vertex -4.551493e+02  1.265686e+03  3.277469e+01
     vertex -4.685051e+02  1.264076e+03  4.370976e+01
   endloop
 endfacet
 facet normal -5.577248e-01  5.314163e-01 -6.376047e-01
   outer loop
     vertex -4.674751e+02  1.267131e+03  4.476046e+01
     vertex -4.545913e+02  1.267131e+03  3.349082e+01
     vertex -4.551493e+02  1.265686e+03  3.277469e+01
   endloop
 endfacet
 facet normal -5.577248e-01  5.314163e-01 -6.376047e-01
   outer loop
     vertex -4.674751e+02  1.267131e+03  4.476046e+01
     vertex -4.551493e+02  1.265686e+03  3.277469e+01
     vertex -4.681106e+02  1.265686e+03  4.411220e+01
   endloop
 endfacet
 facet normal -4.659240e-01  7.065358e-01 -5.326557e-01
   outer loop
     vertex -4.666304e+02  1.268338e+03  4.562205e+01
     vertex -4.538498e+02  1.268338e+03  3.444262e+01
     vertex -4.545913e+02  1.267131e+03  3.349082e+01
   endloop
 endfacet
 facet normal -4.659240e-01  7.065358e-01 -5.326557e-01
   outer loop
     vertex -4.666304e+02  1.268338e+03  4.562205e+01
     vertex -4.545913e+02  1.267131e+03  3.349082e+01
     vertex -4.674751e+02  1.267131e+03  4.476046e+01
   endloop
 endfacet
 facet normal -3.506873e-01  8.463369e-01 -4.009143e-01
   outer loop
     vertex -4.656190e+02  1.269245e+03  4.665376e+01
     vertex -4.538498e+02  1.268338e+03  3.444262e+01
     vertex -4.666304e+02  1.268338e+03  4.562205e+01
   endloop
 endfacet
 facet normal -3.506873e-01  8.463369e-01 -4.009143e-01
   outer loop
     vertex -4.656190e+02  1.269245e+03  4.665376e+01
     vertex -4.529619e+02  1.269245e+03  3.558235e+01
     vertex -4.538498e+02  1.268338e+03  3.444262e+01
   endloop
 endfacet
 facet normal -7.383331e-02  9.936921e-01 -8.440805e-02
   outer loop
     vertex -4.644915e+02  1.269809e+03  4.780386e+01
     vertex -4.633044e+02  1.270000e+03  4.901467e+01
     vertex -4.509299e+02  1.270000e+03  3.819044e+01
   endloop
 endfacet
 facet normal -8.292682e-02  9.936921e-01 -7.549317e-02
   outer loop
     vertex -4.644915e+02  1.269809e+03  4.780386e+01
     vertex -4.743720e+02  1.270000e+03  6.117204e+01
     vertex -4.633044e+02  1.270000e+03  4.901467e+01
   endloop
 endfacet
 facet normal -7.383331e-02  9.936921e-01 -8.440805e-02
   outer loop
     vertex -4.644915e+02  1.269809e+03  4.780386e+01
     vertex -4.509299e+02  1.270000e+03  3.819044e+01
     vertex -4.519720e+02  1.269809e+03  3.685286e+01
   endloop
 endfacet
 facet normal -2.177636e-01  9.437169e-01 -2.489527e-01
   outer loop
     vertex -4.644915e+02  1.269809e+03  4.780386e+01
     vertex -4.519720e+02  1.269809e+03  3.685286e+01
     vertex -4.529619e+02  1.269245e+03  3.558235e+01
   endloop
 endfacet
 facet normal -2.177636e-01  9.437169e-01 -2.489527e-01
   outer loop
     vertex -4.644915e+02  1.269809e+03  4.780386e+01
     vertex -4.529619e+02  1.269245e+03  3.558235e+01
     vertex -4.656190e+02  1.269245e+03  4.665376e+01
   endloop
 endfacet
 facet normal -7.348384e-01  1.117861e-01 -6.689667e-01
   outer loop
     vertex -4.801406e+02  1.264076e+03  5.649095e+01
     vertex -4.686389e+02  1.262380e+03  4.357333e+01
     vertex -4.802890e+02  1.262380e+03  5.637057e+01
   endloop
 endfacet
 facet normal -7.348384e-01  1.117861e-01 -6.689667e-01
   outer loop
     vertex -4.801406e+02  1.264076e+03  5.649095e+01
     vertex -4.685051e+02  1.264076e+03  4.370976e+01
     vertex -4.686389e+02  1.262380e+03  4.357333e+01
   endloop
 endfacet
 facet normal -6.980992e-01  3.298043e-01 -6.355208e-01
   outer loop
     vertex -4.797030e+02  1.265686e+03  5.684606e+01
     vertex -4.681106e+02  1.265686e+03  4.411220e+01
     vertex -4.685051e+02  1.264076e+03  4.370976e+01
   endloop
 endfacet
 facet normal -6.980992e-01  3.298043e-01 -6.355208e-01
   outer loop
     vertex -4.797030e+02  1.265686e+03  5.684606e+01
     vertex -4.685051e+02  1.264076e+03  4.370976e+01
     vertex -4.801406e+02  1.264076e+03  5.649095e+01
   endloop
 endfacet
 facet normal -6.264157e-01  5.314163e-01 -5.702631e-01
   outer loop
     vertex -4.789981e+02  1.267131e+03  5.741810e+01
     vertex -4.674751e+02  1.267131e+03  4.476046e+01
     vertex -4.681106e+02  1.265686e+03  4.411220e+01
   endloop
 endfacet
 facet normal -6.264157e-01  5.314163e-01 -5.702631e-01
   outer loop
     vertex -4.789981e+02  1.267131e+03  5.741810e+01
     vertex -4.681106e+02  1.265686e+03  4.411220e+01
     vertex -4.797030e+02  1.265686e+03  5.684606e+01
   endloop
 endfacet
 facet normal -5.233084e-01  7.065358e-01 -4.763985e-01
   outer loop
     vertex -4.780612e+02  1.268338e+03  5.817837e+01
     vertex -4.666304e+02  1.268338e+03  4.562205e+01
     vertex -4.674751e+02  1.267131e+03  4.476046e+01
   endloop
 endfacet
 facet normal -3.938789e-01  8.463369e-01 -3.585712e-01
   outer loop
     vertex -4.780612e+02  1.268338e+03  5.817837e+01
     vertex -4.656190e+02  1.269245e+03  4.665376e+01
     vertex -4.666304e+02  1.268338e+03  4.562205e+01
   endloop
 endfacet
 facet normal -5.233084e-01  7.065358e-01 -4.763985e-01
   outer loop
     vertex -4.780612e+02  1.268338e+03  5.817837e+01
     vertex -4.674751e+02  1.267131e+03  4.476046e+01
     vertex -4.789981e+02  1.267131e+03  5.741810e+01
   endloop
 endfacet
 facet normal -3.938789e-01  8.463369e-01 -3.585712e-01
   outer loop
     vertex -4.769393e+02  1.269245e+03  5.908876e+01
     vertex -4.656190e+02  1.269245e+03  4.665376e+01
     vertex -4.780612e+02  1.268338e+03  5.817837e+01
   endloop
 endfacet
 facet normal -2.445840e-01  9.437169e-01 -2.226592e-01
   outer loop
     vertex -4.769393e+02  1.269245e+03  5.908876e+01
     vertex -4.644915e+02  1.269809e+03  4.780386e+01
     vertex -4.656190e+02  1.269245e+03  4.665376e+01
   endloop
 endfacet
 facet normal -8.292682e-02  9.936921e-01 -7.549317e-02
   outer loop
     vertex -4.756887e+02  1.269809e+03  6.010361e+01
     vertex -4.743720e+02  1.270000e+03  6.117204e+01
     vertex -4.644915e+02  1.269809e+03  4.780386e+01
   endloop
 endfacet
 facet normal -2.445840e-01  9.437169e-01 -2.226592e-01
   outer loop
     vertex -4.756887e+02  1.269809e+03  6.010361e+01
     vertex -4.644915e+02  1.269809e+03  4.780386e+01
     vertex -4.769393e+02  1.269245e+03  5.908876e+01
   endloop
 endfacet
 facet normal -8.059430e-01  1.117861e-01 -5.813431e-01
   outer loop
     vertex -4.902520e+02  1.264076e+03  7.050888e+01
     vertex -4.802890e+02  1.262380e+03  5.637057e+01
     vertex -4.904131e+02  1.262380e+03  7.040609e+01
   endloop
 endfacet
 facet normal -8.059430e-01  1.117861e-01 -5.813431e-01
   outer loop
     vertex -4.902520e+02  1.264076e+03  7.050888e+01
     vertex -4.801406e+02  1.264076e+03  5.649095e+01
     vertex -4.802890e+02  1.262380e+03  5.637057e+01
   endloop
 endfacet
 facet normal -7.656488e-01  3.298043e-01 -5.522781e-01
   outer loop
     vertex -4.897770e+02  1.265686e+03  7.081209e+01
     vertex -4.797030e+02  1.265686e+03  5.684606e+01
     vertex -4.801406e+02  1.264076e+03  5.649095e+01
   endloop
 endfacet
 facet normal -7.656488e-01  3.298043e-01 -5.522781e-01
   outer loop
     vertex -4.897770e+02  1.265686e+03  7.081209e+01
     vertex -4.801406e+02  1.264076e+03  5.649095e+01
     vertex -4.902520e+02  1.264076e+03  7.050888e+01
   endloop
 endfacet
 facet normal -6.870291e-01  5.314163e-01 -4.955681e-01
   outer loop
     vertex -4.890117e+02  1.267131e+03  7.130052e+01
     vertex -4.789981e+02  1.267131e+03  5.741810e+01
     vertex -4.797030e+02  1.265686e+03  5.684606e+01
   endloop
 endfacet
 facet normal -6.870291e-01  5.314163e-01 -4.955681e-01
   outer loop
     vertex -4.890117e+02  1.267131e+03  7.130052e+01
     vertex -4.797030e+02  1.265686e+03  5.684606e+01
     vertex -4.897770e+02  1.265686e+03  7.081209e+01
   endloop
 endfacet
 facet normal -5.739449e-01  7.065358e-01 -4.139982e-01
   outer loop
     vertex -4.879947e+02  1.268338e+03  7.194967e+01
     vertex -4.780612e+02  1.268338e+03  5.817837e+01
     vertex -4.789981e+02  1.267131e+03  5.741810e+01
   endloop
 endfacet
 facet normal -5.739449e-01  7.065358e-01 -4.139982e-01
   outer loop
     vertex -4.879947e+02  1.268338e+03  7.194967e+01
     vertex -4.789981e+02  1.267131e+03  5.741810e+01
     vertex -4.890117e+02  1.267131e+03  7.130052e+01
   endloop
 endfacet
 facet normal -4.319915e-01  8.463369e-01 -3.116043e-01
   outer loop
     vertex -4.867768e+02  1.269245e+03  7.272700e+01
     vertex -4.769393e+02  1.269245e+03  5.908876e+01
     vertex -4.780612e+02  1.268338e+03  5.817837e+01
   endloop
 endfacet
 facet normal -4.319915e-01  8.463369e-01 -3.116043e-01
   outer loop
     vertex -4.867768e+02  1.269245e+03  7.272700e+01
     vertex -4.780612e+02  1.268338e+03  5.817837e+01
     vertex -4.879947e+02  1.268338e+03  7.194967e+01
   endloop
 endfacet
 facet normal -9.095101e-02  9.936921e-01 -6.560482e-02
   outer loop
     vertex -4.854192e+02  1.269809e+03  7.359352e+01
     vertex -4.839899e+02  1.270000e+03  7.450579e+01
     vertex -4.743720e+02  1.270000e+03  6.117204e+01
   endloop
 endfacet
 facet normal -9.095101e-02  9.936921e-01 -6.560482e-02
   outer loop
     vertex -4.854192e+02  1.269809e+03  7.359352e+01
     vertex -4.743720e+02  1.270000e+03  6.117204e+01
     vertex -4.756887e+02  1.269809e+03  6.010361e+01
   endloop
 endfacet
 facet normal -2.682505e-01  9.437169e-01 -1.934945e-01
   outer loop
     vertex -4.854192e+02  1.269809e+03  7.359352e+01
     vertex -4.756887e+02  1.269809e+03  6.010361e+01
     vertex -4.769393e+02  1.269245e+03  5.908876e+01
   endloop
 endfacet
 facet normal -2.682505e-01  9.437169e-01 -1.934945e-01
   outer loop
     vertex -4.854192e+02  1.269809e+03  7.359352e+01
     vertex -4.769393e+02  1.269245e+03  5.908876e+01
     vertex -4.867768e+02  1.269245e+03  7.272700e+01
   endloop
 endfacet
 facet normal -8.666550e-01  1.117861e-01 -4.862232e-01
   outer loop
     vertex -4.987090e+02  1.264076e+03  8.558279e+01
     vertex -4.904131e+02  1.262380e+03  7.040609e+01
     vertex -4.988807e+02  1.262380e+03  8.549892e+01
   endloop
 endfacet
 facet normal -8.666550e-01  1.117861e-01 -4.862232e-01
   outer loop
     vertex -4.987090e+02  1.264076e+03  8.558279e+01
     vertex -4.902520e+02  1.264076e+03  7.050888e+01
     vertex -4.904131e+02  1.262380e+03  7.040609e+01
   endloop
 endfacet
 facet normal -8.233254e-01  3.298043e-01 -4.619138e-01
   outer loop
     vertex -4.982026e+02  1.265686e+03  8.583018e+01
     vertex -4.897770e+02  1.265686e+03  7.081209e+01
     vertex -4.902520e+02  1.264076e+03  7.050888e+01
   endloop
 endfacet
 facet normal -8.233254e-01  3.298043e-01 -4.619138e-01
   outer loop
     vertex -4.982026e+02  1.265686e+03  8.583018e+01
     vertex -4.902520e+02  1.264076e+03  7.050888e+01
     vertex -4.987090e+02  1.264076e+03  8.558279e+01
   endloop
 endfacet
 facet normal -7.387833e-01  5.314163e-01 -4.144828e-01
   outer loop
     vertex -4.973870e+02  1.267131e+03  8.622870e+01
     vertex -4.890117e+02  1.267131e+03  7.130052e+01
     vertex -4.897770e+02  1.265686e+03  7.081209e+01
   endloop
 endfacet
 facet normal -7.387833e-01  5.314163e-01 -4.144828e-01
   outer loop
     vertex -4.973870e+02  1.267131e+03  8.622870e+01
     vertex -4.897770e+02  1.265686e+03  7.081209e+01
     vertex -4.982026e+02  1.265686e+03  8.583018e+01
   endloop
 endfacet
 facet normal -6.171804e-01  7.065358e-01 -3.462594e-01
   outer loop
     vertex -4.963029e+02  1.268338e+03  8.675837e+01
     vertex -4.879947e+02  1.268338e+03  7.194967e+01
     vertex -4.890117e+02  1.267131e+03  7.130052e+01
   endloop
 endfacet
 facet normal -6.171804e-01  7.065358e-01 -3.462594e-01
   outer loop
     vertex -4.963029e+02  1.268338e+03  8.675837e+01
     vertex -4.890117e+02  1.267131e+03  7.130052e+01
     vertex -4.973870e+02  1.267131e+03  8.622870e+01
   endloop
 endfacet
 facet normal -4.645336e-01  8.463369e-01 -2.606193e-01
   outer loop
     vertex -4.963029e+02  1.268338e+03  8.675837e+01
     vertex -4.867768e+02  1.269245e+03  7.272700e+01
     vertex -4.879947e+02  1.268338e+03  7.194967e+01
   endloop
 endfacet
 facet normal -4.645336e-01  8.463369e-01 -2.606193e-01
   outer loop
     vertex -4.950047e+02  1.269245e+03  8.739261e+01
     vertex -4.867768e+02  1.269245e+03  7.272700e+01
     vertex -4.963029e+02  1.268338e+03  8.675837e+01
   endloop
 endfacet
 facet normal -2.884579e-01  9.437169e-01 -1.618348e-01
   outer loop
     vertex -4.950047e+02  1.269245e+03  8.739261e+01
     vertex -4.854192e+02  1.269809e+03  7.359352e+01
     vertex -4.867768e+02  1.269245e+03  7.272700e+01
   endloop
 endfacet
 facet normal -2.884579e-01  9.437169e-01 -1.618348e-01
   outer loop
     vertex -4.935576e+02  1.269809e+03  8.809963e+01
     vertex -4.854192e+02  1.269809e+03  7.359352e+01
     vertex -4.950047e+02  1.269245e+03  8.739261e+01
   endloop
 endfacet
 facet normal -9.780238e-02  9.936921e-01 -5.487049e-02
   outer loop
     vertex -4.935576e+02  1.269809e+03  8.809963e+01
     vertex -4.920341e+02  1.270000e+03  8.884397e+01
     vertex -4.839899e+02  1.270000e+03  7.450579e+01
   endloop
 endfacet
 facet normal -1.033926e-01  9.936921e-01 -4.342862e-02
   outer loop
     vertex -4.935576e+02  1.269809e+03  8.809963e+01
     vertex -4.984009e+02  1.270000e+03  1.040017e+02
     vertex -4.920341e+02  1.270000e+03  8.884397e+01
   endloop
 endfacet
 facet normal -9.780238e-02  9.936921e-01 -5.487049e-02
   outer loop
     vertex -4.935576e+02  1.269809e+03  8.809963e+01
     vertex -4.839899e+02  1.270000e+03  7.450579e+01
     vertex -4.854192e+02  1.269809e+03  7.359352e+01
   endloop
 endfacet
 facet normal -9.161916e-01  1.117861e-01 -3.848335e-01
   outer loop
     vertex -5.054025e+02  1.264076e+03  1.015183e+02
     vertex -4.988807e+02  1.262380e+03  8.549892e+01
     vertex -5.055825e+02  1.262380e+03  1.014544e+02
   endloop
 endfacet
 facet normal -9.161916e-01  1.117861e-01 -3.848335e-01
   outer loop
     vertex -5.054025e+02  1.264076e+03  1.015183e+02
     vertex -4.987090e+02  1.264076e+03  8.558279e+01
     vertex -4.988807e+02  1.262380e+03  8.549892e+01
   endloop
 endfacet
 facet normal -8.703854e-01  3.298043e-01 -3.655932e-01
   outer loop
     vertex -5.048713e+02  1.265686e+03  1.017067e+02
     vertex -4.987090e+02  1.264076e+03  8.558279e+01
     vertex -5.054025e+02  1.264076e+03  1.015183e+02
   endloop
 endfacet
 facet normal -8.703854e-01  3.298043e-01 -3.655932e-01
   outer loop
     vertex -5.048713e+02  1.265686e+03  1.017067e+02
     vertex -4.982026e+02  1.265686e+03  8.583018e+01
     vertex -4.987090e+02  1.264076e+03  8.558279e+01
   endloop
 endfacet
 facet normal -7.810109e-01  5.314163e-01 -3.280527e-01
   outer loop
     vertex -5.040157e+02  1.267131e+03  1.020102e+02
     vertex -4.973870e+02  1.267131e+03  8.622870e+01
     vertex -4.982026e+02  1.265686e+03  8.583018e+01
   endloop
 endfacet
 facet normal -7.810109e-01  5.314163e-01 -3.280527e-01
   outer loop
     vertex -5.040157e+02  1.267131e+03  1.020102e+02
     vertex -4.982026e+02  1.265686e+03  8.583018e+01
     vertex -5.048713e+02  1.265686e+03  1.017067e+02
   endloop
 endfacet
 facet normal -6.524575e-01  7.065358e-01 -2.740556e-01
   outer loop
     vertex -5.028786e+02  1.268338e+03  1.024135e+02
     vertex -4.963029e+02  1.268338e+03  8.675837e+01
     vertex -4.973870e+02  1.267131e+03  8.622870e+01
   endloop
 endfacet
 facet normal -6.524575e-01  7.065358e-01 -2.740556e-01
   outer loop
     vertex -5.028786e+02  1.268338e+03  1.024135e+02
     vertex -4.973870e+02  1.267131e+03  8.622870e+01
     vertex -5.040157e+02  1.267131e+03  1.020102e+02
   endloop
 endfacet
 facet normal -4.910856e-01  8.463369e-01 -2.062736e-01
   outer loop
     vertex -5.015169e+02  1.269245e+03  1.028965e+02
     vertex -4.950047e+02  1.269245e+03  8.739261e+01
     vertex -4.963029e+02  1.268338e+03  8.675837e+01
   endloop
 endfacet
 facet normal -4.910856e-01  8.463369e-01 -2.062736e-01
   outer loop
     vertex -5.015169e+02  1.269245e+03  1.028965e+02
     vertex -4.963029e+02  1.268338e+03  8.675837e+01
     vertex -5.028786e+02  1.268338e+03  1.024135e+02
   endloop
 endfacet
 facet normal -3.049457e-01  9.437169e-01 -1.280882e-01
   outer loop
     vertex -4.999990e+02  1.269809e+03  1.034349e+02
     vertex -4.950047e+02  1.269245e+03  8.739261e+01
     vertex -5.015169e+02  1.269245e+03  1.028965e+02
   endloop
 endfacet
 facet normal -3.049457e-01  9.437169e-01 -1.280882e-01
   outer loop
     vertex -4.999990e+02  1.269809e+03  1.034349e+02
     vertex -4.935576e+02  1.269809e+03  8.809963e+01
     vertex -4.950047e+02  1.269245e+03  8.739261e+01
   endloop
 endfacet
 facet normal -1.033926e-01  9.936921e-01 -4.342862e-02
   outer loop
     vertex -4.999990e+02  1.269809e+03  1.034349e+02
     vertex -4.984009e+02  1.270000e+03  1.040017e+02
     vertex -4.935576e+02  1.269809e+03  8.809963e+01
   endloop
 endfacet
 facet normal -9.539140e-01  1.117861e-01 -2.784814e-01
   outer loop
     vertex -5.102462e+02  1.264076e+03  1.181099e+02
     vertex -5.055825e+02  1.262380e+03  1.014544e+02
     vertex -5.104323e+02  1.262380e+03  1.180669e+02
   endloop
 endfacet
 facet normal -9.539140e-01  1.117861e-01 -2.784814e-01
   outer loop
     vertex -5.102462e+02  1.264076e+03  1.181099e+02
     vertex -5.054025e+02  1.264076e+03  1.015183e+02
     vertex -5.055825e+02  1.262380e+03  1.014544e+02
   endloop
 endfacet
 facet normal -8.131676e-01  5.314163e-01 -2.373925e-01
   outer loop
     vertex -5.096971e+02  1.265686e+03  1.182369e+02
     vertex -5.040157e+02  1.267131e+03  1.020102e+02
     vertex -5.048713e+02  1.265686e+03  1.017067e+02
   endloop
 endfacet
 facet normal -9.062218e-01  3.298043e-01 -2.645584e-01
   outer loop
     vertex -5.096971e+02  1.265686e+03  1.182369e+02
     vertex -5.054025e+02  1.264076e+03  1.015183e+02
     vertex -5.102462e+02  1.264076e+03  1.181099e+02
   endloop
 endfacet
 facet normal -9.062218e-01  3.298043e-01 -2.645584e-01
   outer loop
     vertex -5.096971e+02  1.265686e+03  1.182369e+02
     vertex -5.048713e+02  1.265686e+03  1.017067e+02
     vertex -5.054025e+02  1.264076e+03  1.015183e+02
   endloop
 endfacet
 facet normal -8.131676e-01  5.314163e-01 -2.373925e-01
   outer loop
     vertex -5.088126e+02  1.267131e+03  1.184414e+02
     vertex -5.040157e+02  1.267131e+03  1.020102e+02
     vertex -5.096971e+02  1.265686e+03  1.182369e+02
   endloop
 endfacet
 facet normal -6.793211e-01  7.065358e-01 -1.983180e-01
   outer loop
     vertex -5.076371e+02  1.268338e+03  1.187132e+02
     vertex -5.028786e+02  1.268338e+03  1.024135e+02
     vertex -5.040157e+02  1.267131e+03  1.020102e+02
   endloop
 endfacet
 facet normal -6.793211e-01  7.065358e-01 -1.983180e-01
   outer loop
     vertex -5.076371e+02  1.268338e+03  1.187132e+02
     vertex -5.040157e+02  1.267131e+03  1.020102e+02
     vertex -5.088126e+02  1.267131e+03  1.184414e+02
   endloop
 endfacet
 facet normal -5.113051e-01  8.463369e-01 -1.492681e-01
   outer loop
     vertex -5.062294e+02  1.269245e+03  1.190387e+02
     vertex -5.028786e+02  1.268338e+03  1.024135e+02
     vertex -5.076371e+02  1.268338e+03  1.187132e+02
   endloop
 endfacet
 facet normal -5.113051e-01  8.463369e-01 -1.492681e-01
   outer loop
     vertex -5.062294e+02  1.269245e+03  1.190387e+02
     vertex -5.015169e+02  1.269245e+03  1.028965e+02
     vertex -5.028786e+02  1.268338e+03  1.024135e+02
   endloop
 endfacet
 facet normal -1.076496e-01  9.936921e-01 -3.142674e-02
   outer loop
     vertex -5.046602e+02  1.269809e+03  1.194015e+02
     vertex -5.030082e+02  1.270000e+03  1.197835e+02
     vertex -4.984009e+02  1.270000e+03  1.040017e+02
   endloop
 endfacet
 facet normal -1.105185e-01  9.936921e-01 -1.901962e-02
   outer loop
     vertex -5.046602e+02  1.269809e+03  1.194015e+02
     vertex -5.057965e+02  1.270000e+03  1.359859e+02
     vertex -5.030082e+02  1.270000e+03  1.197835e+02
   endloop
 endfacet
 facet normal -3.175012e-01  9.437169e-01 -9.268989e-02
   outer loop
     vertex -5.046602e+02  1.269809e+03  1.194015e+02
     vertex -4.999990e+02  1.269809e+03  1.034349e+02
     vertex -5.015169e+02  1.269245e+03  1.028965e+02
   endloop
 endfacet
 facet normal -1.076496e-01  9.936921e-01 -3.142674e-02
   outer loop
     vertex -5.046602e+02  1.269809e+03  1.194015e+02
     vertex -4.984009e+02  1.270000e+03  1.040017e+02
     vertex -4.999990e+02  1.269809e+03  1.034349e+02
   endloop
 endfacet
 facet normal -3.175012e-01  9.437169e-01 -9.268989e-02
   outer loop
     vertex -5.046602e+02  1.269809e+03  1.194015e+02
     vertex -5.015169e+02  1.269245e+03  1.028965e+02
     vertex -5.062294e+02  1.269245e+03  1.190387e+02
   endloop
 endfacet
 facet normal -9.921292e-01  1.117861e-01 -5.642196e-02
   outer loop
     vertex -5.131776e+02  1.264076e+03  1.351437e+02
     vertex -5.143500e+02  1.262380e+03  1.524000e+02
     vertex -5.141590e+02  1.264076e+03  1.524000e+02
   endloop
 endfacet
 facet normal -9.921292e-01  1.117861e-01 -5.642196e-02
   outer loop
     vertex -5.131776e+02  1.264076e+03  1.351437e+02
     vertex -5.133674e+02  1.262380e+03  1.351220e+02
     vertex -5.143500e+02  1.262380e+03  1.524000e+02
   endloop
 endfacet
 facet normal -9.793358e-01  1.117861e-01 -1.685383e-01
   outer loop
     vertex -5.131776e+02  1.264076e+03  1.351437e+02
     vertex -5.104323e+02  1.262380e+03  1.180669e+02
     vertex -5.133674e+02  1.262380e+03  1.351220e+02
   endloop
 endfacet
 facet normal -9.793358e-01  1.117861e-01 -1.685383e-01
   outer loop
     vertex -5.131776e+02  1.264076e+03  1.351437e+02
     vertex -5.102462e+02  1.264076e+03  1.181099e+02
     vertex -5.104323e+02  1.262380e+03  1.180669e+02
   endloop
 endfacet
 facet normal -9.425264e-01  3.298043e-01 -5.360107e-02
   outer loop
     vertex -5.126177e+02  1.265686e+03  1.352076e+02
     vertex -5.141590e+02  1.264076e+03  1.524000e+02
     vertex -5.135954e+02  1.265686e+03  1.524000e+02
   endloop
 endfacet
 facet normal -8.457443e-01  5.314163e-01 -4.809711e-02
   outer loop
     vertex -5.126177e+02  1.265686e+03  1.352076e+02
     vertex -5.135954e+02  1.265686e+03  1.524000e+02
     vertex -5.126876e+02  1.267131e+03  1.524000e+02
   endloop
 endfacet
 facet normal -9.425264e-01  3.298043e-01 -5.360107e-02
   outer loop
     vertex -5.126177e+02  1.265686e+03  1.352076e+02
     vertex -5.131776e+02  1.264076e+03  1.351437e+02
     vertex -5.141590e+02  1.264076e+03  1.524000e+02
   endloop
 endfacet
 facet normal -9.303727e-01  3.298043e-01 -1.601120e-01
   outer loop
     vertex -5.126177e+02  1.265686e+03  1.352076e+02
     vertex -5.096971e+02  1.265686e+03  1.182369e+02
     vertex -5.102462e+02  1.264076e+03  1.181099e+02
   endloop
 endfacet
 facet normal -9.303727e-01  3.298043e-01 -1.601120e-01
   outer loop
     vertex -5.126177e+02  1.265686e+03  1.352076e+02
     vertex -5.102462e+02  1.264076e+03  1.181099e+02
     vertex -5.131776e+02  1.264076e+03  1.351437e+02
   endloop
 endfacet
 facet normal -6.974251e-01  7.065358e-01 -1.200230e-01
   outer loop
     vertex -5.117157e+02  1.267131e+03  1.353105e+02
     vertex -5.076371e+02  1.268338e+03  1.187132e+02
     vertex -5.088126e+02  1.267131e+03  1.184414e+02
   endloop
 endfacet
 facet normal -8.348385e-01  5.314163e-01 -1.436711e-01
   outer loop
     vertex -5.117157e+02  1.267131e+03  1.353105e+02
     vertex -5.088126e+02  1.267131e+03  1.184414e+02
     vertex -5.096971e+02  1.265686e+03  1.182369e+02
   endloop
 endfacet
 facet normal -8.457443e-01  5.314163e-01 -4.809711e-02
   outer loop
     vertex -5.117157e+02  1.267131e+03  1.353105e+02
     vertex -5.126177e+02  1.265686e+03  1.352076e+02
     vertex -5.126876e+02  1.267131e+03  1.524000e+02
   endloop
 endfacet
 facet normal -8.348385e-01  5.314163e-01 -1.436711e-01
   outer loop
     vertex -5.117157e+02  1.267131e+03  1.353105e+02
     vertex -5.096971e+02  1.265686e+03  1.182369e+02
     vertex -5.126177e+02  1.265686e+03  1.352076e+02
   endloop
 endfacet
 facet normal -7.065358e-01  7.065358e-01 -4.018038e-02
   outer loop
     vertex -5.105169e+02  1.268338e+03  1.354473e+02
     vertex -5.126876e+02  1.267131e+03  1.524000e+02
     vertex -5.114810e+02  1.268338e+03  1.524000e+02
   endloop
 endfacet
 facet normal -6.974251e-01  7.065358e-01 -1.200230e-01
   outer loop
     vertex -5.105169e+02  1.268338e+03  1.354473e+02
     vertex -5.076371e+02  1.268338e+03  1.187132e+02
     vertex -5.117157e+02  1.267131e+03  1.353105e+02
   endloop
 endfacet
 facet normal -7.065358e-01  7.065358e-01 -4.018038e-02
   outer loop
     vertex -5.105169e+02  1.268338e+03  1.354473e+02
     vertex -5.117157e+02  1.267131e+03  1.353105e+02
     vertex -5.126876e+02  1.267131e+03  1.524000e+02
   endloop
 endfacet
 facet normal -5.317887e-01  8.463369e-01 -3.024259e-02
   outer loop
     vertex -5.090814e+02  1.269245e+03  1.356111e+02
     vertex -5.105169e+02  1.268338e+03  1.354473e+02
     vertex -5.114810e+02  1.268338e+03  1.524000e+02
   endloop
 endfacet
 facet normal -5.317887e-01  8.463369e-01 -3.024259e-02
   outer loop
     vertex -5.090814e+02  1.269245e+03  1.356111e+02
     vertex -5.114810e+02  1.268338e+03  1.524000e+02
     vertex -5.100362e+02  1.269245e+03  1.524000e+02
   endloop
 endfacet
 facet normal -5.249314e-01  8.463369e-01 -9.033780e-02
   outer loop
     vertex -5.090814e+02  1.269245e+03  1.356111e+02
     vertex -5.062294e+02  1.269245e+03  1.190387e+02
     vertex -5.076371e+02  1.268338e+03  1.187132e+02
   endloop
 endfacet
 facet normal -3.259627e-01  9.437169e-01 -5.609638e-02
   outer loop
     vertex -5.090814e+02  1.269245e+03  1.356111e+02
     vertex -5.046602e+02  1.269809e+03  1.194015e+02
     vertex -5.062294e+02  1.269245e+03  1.190387e+02
   endloop
 endfacet
 facet normal -5.249314e-01  8.463369e-01 -9.033780e-02
   outer loop
     vertex -5.090814e+02  1.269245e+03  1.356111e+02
     vertex -5.076371e+02  1.268338e+03  1.187132e+02
     vertex -5.105169e+02  1.268338e+03  1.354473e+02
   endloop
 endfacet
 facet normal -3.302208e-01  9.437169e-01 -1.877951e-02
   outer loop
     vertex -5.074812e+02  1.269809e+03  1.357937e+02
     vertex -5.100362e+02  1.269245e+03  1.524000e+02
     vertex -5.084256e+02  1.269809e+03  1.524000e+02
   endloop
 endfacet
 facet normal -1.119622e-01  9.936921e-01 -6.367242e-03
   outer loop
     vertex -5.074812e+02  1.269809e+03  1.357937e+02
     vertex -5.084256e+02  1.269809e+03  1.524000e+02
     vertex -5.067300e+02  1.270000e+03  1.524000e+02
   endloop
 endfacet
 facet normal -1.119622e-01  9.936921e-01 -6.367242e-03
   outer loop
     vertex -5.074812e+02  1.269809e+03  1.357937e+02
     vertex -5.067300e+02  1.270000e+03  1.524000e+02
     vertex -5.057965e+02  1.270000e+03  1.359859e+02
   endloop
 endfacet
 facet normal -3.302208e-01  9.437169e-01 -1.877951e-02
   outer loop
     vertex -5.074812e+02  1.269809e+03  1.357937e+02
     vertex -5.090814e+02  1.269245e+03  1.356111e+02
     vertex -5.100362e+02  1.269245e+03  1.524000e+02
   endloop
 endfacet
 facet normal -1.105185e-01  9.936921e-01 -1.901962e-02
   outer loop
     vertex -5.074812e+02  1.269809e+03  1.357937e+02
     vertex -5.057965e+02  1.270000e+03  1.359859e+02
     vertex -5.046602e+02  1.269809e+03  1.194015e+02
   endloop
 endfacet
 facet normal -3.259627e-01  9.437169e-01 -5.609638e-02
   outer loop
     vertex -5.074812e+02  1.269809e+03  1.357937e+02
     vertex -5.046602e+02  1.269809e+03  1.194015e+02
     vertex -5.090814e+02  1.269245e+03  1.356111e+02
   endloop
 endfacet
 facet normal  0.000000e+00  1.119645e-01 -9.937122e-01
   outer loop
     vertex  3.619500e+02  1.262380e+03  0.000000e+00
     vertex  3.302000e+01  1.262380e+03  0.000000e+00
     vertex  3.302000e+01  1.264076e+03  1.910493e-01
   endloop
 endfacet
 facet normal  3.058414e-17  3.302791e-01 -9.438833e-01
   outer loop
     vertex  3.619500e+02  1.264076e+03  1.910493e-01
     vertex  3.302000e+01  1.264076e+03  1.910493e-01
     vertex  3.302000e+01  1.265686e+03  7.546172e-01
   endloop
 endfacet
 facet normal  3.219872e-17  1.119645e-01 -9.937122e-01
   outer loop
     vertex  3.619500e+02  1.264076e+03  1.910493e-01
     vertex  3.619500e+02  1.262380e+03  0.000000e+00
     vertex  3.302000e+01  1.264076e+03  1.910493e-01
   endloop
 endfacet
 facet normal  2.057696e-17  5.320321e-01 -8.467242e-01
   outer loop
     vertex  3.619500e+02  1.265686e+03  7.546172e-01
     vertex  3.302000e+01  1.265686e+03  7.546172e-01
     vertex  3.302000e+01  1.267131e+03  1.662444e+00
   endloop
 endfacet
 facet normal  2.293811e-17  3.302791e-01 -9.438833e-01
   outer loop
     vertex  3.619500e+02  1.265686e+03  7.546172e-01
     vertex  3.619500e+02  1.264076e+03  1.910493e-01
     vertex  3.302000e+01  1.265686e+03  7.546172e-01
   endloop
 endfacet
 facet normal  1.718400e-17  7.071068e-01 -7.071068e-01
   outer loop
     vertex  3.619500e+02  1.267131e+03  1.662444e+00
     vertex  3.302000e+01  1.267131e+03  1.662444e+00
     vertex  3.302000e+01  1.268338e+03  2.869008e+00
   endloop
 endfacet
 facet normal  2.057696e-17  5.320321e-01 -8.467242e-01
   outer loop
     vertex  3.619500e+02  1.267131e+03  1.662444e+00
     vertex  3.619500e+02  1.265686e+03  7.546172e-01
     vertex  3.302000e+01  1.267131e+03  1.662444e+00
   endloop
 endfacet
 facet normal  1.005617e-17  8.467242e-01 -5.320321e-01
   outer loop
     vertex  3.619500e+02  1.268338e+03  2.869008e+00
     vertex  3.302000e+01  1.268338e+03  2.869008e+00
     vertex  3.302000e+01  1.269245e+03  4.313806e+00
   endloop
 endfacet
 facet normal  1.336533e-17  7.071068e-01 -7.071068e-01
   outer loop
     vertex  3.619500e+02  1.268338e+03  2.869008e+00
     vertex  3.619500e+02  1.267131e+03  1.662444e+00
     vertex  3.302000e+01  1.268338e+03  2.869008e+00
   endloop
 endfacet
 facet normal  8.619574e-18  8.467242e-01 -5.320321e-01
   outer loop
     vertex  3.619500e+02  1.269245e+03  4.313806e+00
     vertex  3.619500e+02  1.268338e+03  2.869008e+00
     vertex  3.302000e+01  1.269245e+03  4.313806e+00
   endloop
 endfacet
 facet normal  3.023270e-19  9.937122e-01 -1.119645e-01
   outer loop
     vertex  3.619500e+02  1.269809e+03  5.924390e+00
     vertex  3.302000e+01  1.269809e+03  5.924390e+00
     vertex  3.302000e+01  1.270000e+03  7.620000e+00
   endloop
 endfacet
 facet normal  8.918212e-19  9.438833e-01 -3.302791e-01
   outer loop
     vertex  3.619500e+02  1.269809e+03  5.924390e+00
     vertex  3.302000e+01  1.269245e+03  4.313806e+00
     vertex  3.302000e+01  1.269809e+03  5.924390e+00
   endloop
 endfacet
 facet normal  5.340787e-18  9.438833e-01 -3.302791e-01
   outer loop
     vertex  3.619500e+02  1.269809e+03  5.924390e+00
     vertex  3.619500e+02  1.269245e+03  4.313806e+00
     vertex  3.302000e+01  1.269245e+03  4.313806e+00
   endloop
 endfacet
 facet normal  0.000000e+00  9.937122e-01 -1.119645e-01
   outer loop
     vertex  3.619500e+02  1.270000e+03  7.620000e+00
     vertex  3.619500e+02  1.269809e+03  5.924390e+00
     vertex  3.302000e+01  1.270000e+03  7.620000e+00
   endloop
 endfacet
 facet normal -9.136365e-02  9.958176e-01  0.000000e+00
   outer loop
     vertex  3.163344e+01  1.269873e+03  1.791819e+02
     vertex  3.302000e+01  1.270000e+03  1.794893e+02
     vertex  3.302000e+01  1.270000e+03  7.620000e+00
   endloop
 endfacet
 facet normal -1.119645e-01  9.937122e-01 -1.680565e-04
   outer loop
     vertex  3.163344e+01  1.269873e+03  1.791819e+02
     vertex  3.302000e+01  1.270000e+03  7.620000e+00
     vertex  3.132439e+01  1.269809e+03  7.620000e+00
   endloop
 endfacet
 facet normal -3.302791e-01  9.438833e-01 -2.435518e-04
   outer loop
     vertex  3.021512e+01  1.269465e+03  1.788675e+02
     vertex  3.132439e+01  1.269809e+03  7.620000e+00
     vertex  2.971381e+01  1.269245e+03  7.620000e+00
   endloop
 endfacet
 facet normal -2.763562e-01  9.610553e-01  1.402296e-04
   outer loop
     vertex  3.021512e+01  1.269465e+03  1.788675e+02
     vertex  3.163344e+01  1.269873e+03  1.791819e+02
     vertex  3.132439e+01  1.269809e+03  7.620000e+00
   endloop
 endfacet
 facet normal -5.320321e-01  8.467242e-01 -2.025485e-04
   outer loop
     vertex  2.859195e+01  1.268581e+03  1.785076e+02
     vertex  2.971381e+01  1.269245e+03  7.620000e+00
     vertex  2.826901e+01  1.268338e+03  7.620000e+00
   endloop
 endfacet
 facet normal -4.781770e-01  8.782634e-01  2.735563e-04
   outer loop
     vertex  2.859195e+01  1.268581e+03  1.785076e+02
     vertex  3.021512e+01  1.269465e+03  1.788675e+02
     vertex  2.971381e+01  1.269245e+03  7.620000e+00
   endloop
 endfacet
 facet normal -7.071068e-01  7.071068e-01 -1.278581e-04
   outer loop
     vertex  2.720470e+01  1.267304e+03  1.782001e+02
     vertex  2.826901e+01  1.268338e+03  7.620000e+00
     vertex  2.706244e+01  1.267131e+03  7.620000e+00
   endloop
 endfacet
 facet normal -6.773684e-01  7.356439e-01  2.305831e-04
   outer loop
     vertex  2.720470e+01  1.267304e+03  1.782001e+02
     vertex  2.859195e+01  1.268581e+03  1.785076e+02
     vertex  2.826901e+01  1.268338e+03  7.620000e+00
   endloop
 endfacet
 facet normal -8.467242e-01  5.320321e-01 -3.962656e-05
   outer loop
     vertex  2.618200e+01  1.265742e+03  1.779734e+02
     vertex  2.706244e+01  1.267131e+03  7.620000e+00
     vertex  2.615462e+01  1.265686e+03  7.620000e+00
   endloop
 endfacet
 facet normal -8.365780e-01  5.478478e-01  1.417251e-04
   outer loop
     vertex  2.618200e+01  1.265742e+03  1.779734e+02
     vertex  2.720470e+01  1.267304e+03  1.782001e+02
     vertex  2.706244e+01  1.267131e+03  7.620000e+00
   endloop
 endfacet
 facet normal -9.937122e-01  1.119645e-01 -1.689576e-05
   outer loop
     vertex  2.558529e+01  1.264050e+03  1.778411e+02
     vertex  2.559105e+01  1.264076e+03  7.620000e+00
     vertex  2.540000e+01  1.262380e+03  7.620000e+00
   endloop
 endfacet
 facet normal -9.438833e-01  3.302791e-01  1.741696e-05
   outer loop
     vertex  2.558529e+01  1.264050e+03  1.778411e+02
     vertex  2.615462e+01  1.265686e+03  7.620000e+00
     vertex  2.559105e+01  1.264076e+03  7.620000e+00
   endloop
 endfacet
 facet normal -9.430909e-01  3.325352e-01  4.175127e-05
   outer loop
     vertex  2.558529e+01  1.264050e+03  1.778411e+02
     vertex  2.618200e+01  1.265742e+03  1.779734e+02
     vertex  2.615462e+01  1.265686e+03  7.620000e+00
   endloop
 endfacet
 facet normal -9.939024e-01  1.102636e-01  0.000000e+00
   outer loop
     vertex  2.540000e+01  1.262380e+03  1.778000e+02
     vertex  2.558529e+01  1.264050e+03  1.778411e+02
     vertex  2.540000e+01  1.262380e+03  7.620000e+00
   endloop
 endfacet
 facet normal  9.830373e-01  1.112400e-01  1.458198e-01
   outer loop
     vertex -3.845861e+02  1.264076e+03  1.264531e+01
     vertex -3.844015e+02  1.262380e+03  1.269475e+01
     vertex -3.841460e+02  1.262380e+03  1.097187e+01
   endloop
 endfacet
 facet normal -1.708903e-01  1.118984e-01 -9.789153e-01
   outer loop
     vertex -3.932916e+02  1.264076e+03  3.452801e+00
     vertex -3.928121e+02  1.262380e+03  3.175273e+00
     vertex -3.933310e+02  1.262380e+03  3.265846e+00
   endloop
 endfacet
 facet normal -1.026013e-01  1.323493e-01 -9.858786e-01
   outer loop
     vertex -3.932916e+02  1.264076e+03  3.452801e+00
     vertex -3.922883e+02  1.262380e+03  3.120755e+00
     vertex -3.928121e+02  1.262380e+03  3.175273e+00
   endloop
 endfacet
 facet normal -3.404017e-02  1.726291e-01 -9.843985e-01
   outer loop
     vertex -3.932916e+02  1.264076e+03  3.452801e+00
     vertex -3.917619e+02  1.262380e+03  3.102554e+00
     vertex -3.922883e+02  1.262380e+03  3.120755e+00
   endloop
 endfacet
 facet normal  9.219787e-01  3.299754e-01  2.026609e-01
   outer loop
     vertex -3.845454e+02  1.264735e+03  1.138690e+01
     vertex -3.851305e+02  1.265686e+03  1.249945e+01
     vertex -3.845861e+02  1.264076e+03  1.264531e+01
   endloop
 endfacet
 facet normal  9.830286e-01  1.475087e-01  1.090682e-01
   outer loop
     vertex -3.845454e+02  1.264735e+03  1.138690e+01
     vertex -3.845861e+02  1.264076e+03  1.264531e+01
     vertex -3.841460e+02  1.262380e+03  1.097187e+01
   endloop
 endfacet
 facet normal  9.424452e-01  1.417796e-01 -3.028129e-01
   outer loop
     vertex -3.847369e+02  1.264735e+03  8.942258e+00
     vertex -3.842883e+02  1.262380e+03  9.235966e+00
     vertex -3.848211e+02  1.262380e+03  7.577726e+00
   endloop
 endfacet
 facet normal  9.809454e-01  1.768523e-01 -8.043294e-02
   outer loop
     vertex -3.847369e+02  1.264735e+03  8.942258e+00
     vertex -3.841460e+02  1.262380e+03  1.097187e+01
     vertex -3.842883e+02  1.262380e+03  9.235966e+00
   endloop
 endfacet
 facet normal  9.806826e-01  1.798788e-01 -7.684522e-02
   outer loop
     vertex -3.847369e+02  1.264735e+03  8.942258e+00
     vertex -3.845454e+02  1.264735e+03  1.138690e+01
     vertex -3.841460e+02  1.262380e+03  1.097187e+01
   endloop
 endfacet
 facet normal  8.493555e-01  1.393866e-01 -5.090841e-01
   outer loop
     vertex -3.857328e+02  1.264735e+03  6.701442e+00
     vertex -3.848211e+02  1.262380e+03  7.577726e+00
     vertex -3.857166e+02  1.262380e+03  6.083792e+00
   endloop
 endfacet
 facet normal  8.956146e-01  1.986270e-01 -3.980223e-01
   outer loop
     vertex -3.857328e+02  1.264735e+03  6.701442e+00
     vertex -3.847369e+02  1.264735e+03  8.942258e+00
     vertex -3.848211e+02  1.262380e+03  7.577726e+00
   endloop
 endfacet
 facet normal  8.444785e-01  5.275632e-01  9.237504e-02
   outer loop
     vertex -3.856160e+02  1.266859e+03  1.024097e+01
     vertex -3.860073e+02  1.267131e+03  1.226448e+01
     vertex -3.851305e+02  1.265686e+03  1.249945e+01
   endloop
 endfacet
 facet normal  9.055950e-01  4.181652e-01 -7.096144e-02
   outer loop
     vertex -3.856160e+02  1.266859e+03  1.024097e+01
     vertex -3.845454e+02  1.264735e+03  1.138690e+01
     vertex -3.847369e+02  1.264735e+03  8.942258e+00
   endloop
 endfacet
 facet normal  8.788266e-01  4.737206e-01  5.703190e-02
   outer loop
     vertex -3.856160e+02  1.266859e+03  1.024097e+01
     vertex -3.851305e+02  1.265686e+03  1.249945e+01
     vertex -3.845454e+02  1.264735e+03  1.138690e+01
   endloop
 endfacet
 facet normal  5.363061e-01  1.432084e-01 -8.317855e-01
   outer loop
     vertex -3.874189e+02  1.264735e+03  4.921001e+00
     vertex -3.869278e+02  1.262380e+03  4.832214e+00
     vertex -3.883917e+02  1.262380e+03  3.888383e+00
   endloop
 endfacet
 facet normal  7.076946e-01  1.734127e-01 -6.849062e-01
   outer loop
     vertex -3.874189e+02  1.264735e+03  4.921001e+00
     vertex -3.857166e+02  1.262380e+03  6.083792e+00
     vertex -3.869278e+02  1.262380e+03  4.832214e+00
   endloop
 endfacet
 facet normal  7.139159e-01  1.822613e-01 -6.760954e-01
   outer loop
     vertex -3.874189e+02  1.264735e+03  4.921001e+00
     vertex -3.857328e+02  1.264735e+03  6.701442e+00
     vertex -3.857166e+02  1.262380e+03  6.083792e+00
   endloop
 endfacet
 facet normal  8.488778e-01  4.828327e-01 -2.151258e-01
   outer loop
     vertex -3.861285e+02  1.266859e+03  8.218979e+00
     vertex -3.856160e+02  1.266859e+03  1.024097e+01
     vertex -3.847369e+02  1.264735e+03  8.942258e+00
   endloop
 endfacet
 facet normal  8.300897e-01  4.181652e-01 -3.689022e-01
   outer loop
     vertex -3.861285e+02  1.266859e+03  8.218979e+00
     vertex -3.847369e+02  1.264735e+03  8.942258e+00
     vertex -3.857328e+02  1.264735e+03  6.701442e+00
   endloop
 endfacet
 facet normal  5.151603e-01  8.467141e-01  1.329852e-01
   outer loop
     vertex -3.873018e+02  1.268545e+03  1.113314e+01
     vertex -3.885684e+02  1.269245e+03  1.157826e+01
     vertex -3.871728e+02  1.268338e+03  1.195220e+01
   endloop
 endfacet
 facet normal  7.091272e-01  7.020012e-01  6.582557e-02
   outer loop
     vertex -3.873018e+02  1.268545e+03  1.113314e+01
     vertex -3.871728e+02  1.268338e+03  1.195220e+01
     vertex -3.860073e+02  1.267131e+03  1.226448e+01
   endloop
 endfacet
 facet normal  7.183241e-01  6.942144e-01  4.557206e-02
   outer loop
     vertex -3.873018e+02  1.268545e+03  1.113314e+01
     vertex -3.860073e+02  1.267131e+03  1.226448e+01
     vertex -3.856160e+02  1.266859e+03  1.024097e+01
   endloop
 endfacet
 facet normal  3.336467e-01  1.384231e-01 -9.324800e-01
   outer loop
     vertex -3.896022e+02  1.264735e+03  3.804779e+00
     vertex -3.883917e+02  1.262380e+03  3.888383e+00
     vertex -3.900316e+02  1.262380e+03  3.301611e+00
   endloop
 endfacet
 facet normal  4.461565e-01  1.983884e-01 -8.726892e-01
   outer loop
     vertex -3.896022e+02  1.264735e+03  3.804779e+00
     vertex -3.874189e+02  1.264735e+03  4.921001e+00
     vertex -3.883917e+02  1.262380e+03  3.888383e+00
   endloop
 endfacet
 facet normal  7.285426e-01  4.828327e-01 -4.858995e-01
   outer loop
     vertex -3.872858e+02  1.266859e+03  6.483620e+00
     vertex -3.861285e+02  1.266859e+03  8.218979e+00
     vertex -3.857328e+02  1.264735e+03  6.701442e+00
   endloop
 endfacet
 facet normal  6.595478e-01  4.181652e-01 -6.246075e-01
   outer loop
     vertex -3.872858e+02  1.266859e+03  6.483620e+00
     vertex -3.857328e+02  1.264735e+03  6.701442e+00
     vertex -3.874189e+02  1.264735e+03  4.921001e+00
   endloop
 endfacet
 facet normal  7.037361e-01  6.877130e-01 -1.783434e-01
   outer loop
     vertex -3.874202e+02  1.268545e+03  9.622271e+00
     vertex -3.856160e+02  1.266859e+03  1.024097e+01
     vertex -3.861285e+02  1.266859e+03  8.218979e+00
   endloop
 endfacet
 facet normal  6.915780e-01  7.202660e-01 -5.419130e-02
   outer loop
     vertex -3.874202e+02  1.268545e+03  9.622271e+00
     vertex -3.873018e+02  1.268545e+03  1.113314e+01
     vertex -3.856160e+02  1.266859e+03  1.024097e+01
   endloop
 endfacet
 facet normal -1.522265e-01  3.299754e-01 -9.316348e-01
   outer loop
     vertex -3.920329e+02  1.264735e+03  3.480570e+00
     vertex -3.932916e+02  1.264076e+03  3.452801e+00
     vertex -3.931756e+02  1.265686e+03  4.004292e+00
   endloop
 endfacet
 facet normal  1.126211e-01  1.701185e-01 -9.789669e-01
   outer loop
     vertex -3.920329e+02  1.264735e+03  3.480570e+00
     vertex -3.900316e+02  1.262380e+03  3.301611e+00
     vertex -3.917619e+02  1.262380e+03  3.102554e+00
   endloop
 endfacet
 facet normal  1.299456e-01  1.844810e-01 -9.742078e-01
   outer loop
     vertex -3.920329e+02  1.264735e+03  3.480570e+00
     vertex -3.896022e+02  1.264735e+03  3.804779e+00
     vertex -3.900316e+02  1.262380e+03  3.301611e+00
   endloop
 endfacet
 facet normal -5.769912e-02  1.517668e-01 -9.867308e-01
   outer loop
     vertex -3.920329e+02  1.264735e+03  3.480570e+00
     vertex -3.917619e+02  1.262380e+03  3.102554e+00
     vertex -3.932916e+02  1.264076e+03  3.452801e+00
   endloop
 endfacet
 facet normal  4.134944e-01  4.181652e-01 -8.088017e-01
   outer loop
     vertex -3.889557e+02  1.266859e+03  5.233577e+00
     vertex -3.874189e+02  1.264735e+03  4.921001e+00
     vertex -3.896022e+02  1.264735e+03  3.804779e+00
   endloop
 endfacet
 facet normal  5.247967e-01  4.828327e-01 -7.010428e-01
   outer loop
     vertex -3.889557e+02  1.266859e+03  5.233577e+00
     vertex -3.872858e+02  1.266859e+03  6.483620e+00
     vertex -3.874189e+02  1.264735e+03  4.921001e+00
   endloop
 endfacet
 facet normal  6.339167e-01  7.202660e-01 -2.817205e-01
   outer loop
     vertex -3.880357e+02  1.268545e+03  8.237370e+00
     vertex -3.874202e+02  1.268545e+03  9.622271e+00
     vertex -3.861285e+02  1.266859e+03  8.218979e+00
   endloop
 endfacet
 facet normal  6.039758e-01  6.877130e-01 -4.028201e-01
   outer loop
     vertex -3.880357e+02  1.268545e+03  8.237370e+00
     vertex -3.861285e+02  1.266859e+03  8.218979e+00
     vertex -3.872858e+02  1.266859e+03  6.483620e+00
   endloop
 endfacet
 facet normal  1.466170e-01  9.819222e-01 -1.197172e-01
   outer loop
     vertex -3.894144e+02  1.269627e+03  1.053861e+01
     vertex -3.917619e+02  1.270000e+03  1.072255e+01
     vertex -3.901241e+02  1.269809e+03  1.116141e+01
   endloop
 endfacet
 facet normal  3.185385e-01  9.438817e-01  8.729616e-02
   outer loop
     vertex -3.894144e+02  1.269627e+03  1.053861e+01
     vertex -3.901241e+02  1.269809e+03  1.116141e+01
     vertex -3.885684e+02  1.269245e+03  1.157826e+01
   endloop
 endfacet
 facet normal  4.678908e-01  8.819478e-01 -5.697668e-02
   outer loop
     vertex -3.894144e+02  1.269627e+03  1.053861e+01
     vertex -3.885684e+02  1.269245e+03  1.157826e+01
     vertex -3.873018e+02  1.268545e+03  1.113314e+01
   endloop
 endfacet
 facet normal  4.637576e-01  8.852165e-01 -3.633954e-02
   outer loop
     vertex -3.894144e+02  1.269627e+03  1.053861e+01
     vertex -3.873018e+02  1.268545e+03  1.113314e+01
     vertex -3.874202e+02  1.268545e+03  9.622271e+00
   endloop
 endfacet
 facet normal -4.631798e-02  5.275632e-01 -8.482522e-01
   outer loop
     vertex -3.909468e+02  1.266859e+03  4.611964e+00
     vertex -3.931756e+02  1.265686e+03  4.004292e+00
     vertex -3.929886e+02  1.267131e+03  4.892665e+00
   endloop
 endfacet
 facet normal -9.159380e-03  4.737206e-01 -8.806276e-01
   outer loop
     vertex -3.909468e+02  1.266859e+03  4.611964e+00
     vertex -3.920329e+02  1.264735e+03  3.480570e+00
     vertex -3.931756e+02  1.265686e+03  4.004292e+00
   endloop
 endfacet
 facet normal  1.201002e-01  4.181652e-01 -9.003965e-01
   outer loop
     vertex -3.909468e+02  1.266859e+03  4.611964e+00
     vertex -3.896022e+02  1.264735e+03  3.804779e+00
     vertex -3.920329e+02  1.264735e+03  3.480570e+00
   endloop
 endfacet
 facet normal  2.609671e-01  4.828327e-01 -8.359239e-01
   outer loop
     vertex -3.909468e+02  1.266859e+03  4.611964e+00
     vertex -3.889557e+02  1.266859e+03  5.233577e+00
     vertex -3.896022e+02  1.264735e+03  3.804779e+00
   endloop
 endfacet
 facet normal  4.350666e-01  6.877130e-01 -5.811780e-01
   outer loop
     vertex -3.890778e+02  1.268545e+03  7.136997e+00
     vertex -3.872858e+02  1.266859e+03  6.483620e+00
     vertex -3.889557e+02  1.266859e+03  5.233577e+00
   endloop
 endfacet
 facet normal  5.036785e-01  7.202660e-01 -4.769956e-01
   outer loop
     vertex -3.890778e+02  1.268545e+03  7.136997e+00
     vertex -3.880357e+02  1.268545e+03  8.237370e+00
     vertex -3.872858e+02  1.266859e+03  6.483620e+00
   endloop
 endfacet
 facet normal  1.538032e-01  9.873324e-01 -3.897738e-02
   outer loop
     vertex -3.896101e+02  1.269627e+03  9.766273e+00
     vertex -3.917619e+02  1.270000e+03  1.072255e+01
     vertex -3.894144e+02  1.269627e+03  1.053861e+01
   endloop
 endfacet
 facet normal  4.250912e-01  8.852165e-01 -1.889158e-01
   outer loop
     vertex -3.896101e+02  1.269627e+03  9.766273e+00
     vertex -3.874202e+02  1.268545e+03  9.622271e+00
     vertex -3.880357e+02  1.268545e+03  8.237370e+00
   endloop
 endfacet
 facet normal  4.345570e-01  8.938860e-01 -1.101270e-01
   outer loop
     vertex -3.896101e+02  1.269627e+03  9.766273e+00
     vertex -3.894144e+02  1.269627e+03  1.053861e+01
     vertex -3.874202e+02  1.268545e+03  9.622271e+00
   endloop
 endfacet
 facet normal  2.163467e-01  6.877130e-01 -6.929970e-01
   outer loop
     vertex -3.904272e+02  1.268545e+03  6.447134e+00
     vertex -3.889557e+02  1.266859e+03  5.233577e+00
     vertex -3.909468e+02  1.266859e+03  4.611964e+00
   endloop
 endfacet
 facet normal  3.157743e-01  7.202660e-01 -6.176597e-01
   outer loop
     vertex -3.904272e+02  1.268545e+03  6.447134e+00
     vertex -3.890778e+02  1.268545e+03  7.136997e+00
     vertex -3.889557e+02  1.266859e+03  5.233577e+00
   endloop
 endfacet
 facet normal  0.000000e+00  0.000000e+00  0.000000e+00
   outer loop
     vertex -3.900522e+02  1.269627e+03  9.103425e+00
     vertex -3.917619e+02  1.270000e+03  1.072255e+01
     vertex -3.917619e+02  1.270000e+03  1.072255e+01
   endloop
 endfacet
 facet normal  1.320004e-01  9.873324e-01 -8.803730e-02
   outer loop
     vertex -3.900522e+02  1.269627e+03  9.103425e+00
     vertex -3.917619e+02  1.270000e+03  1.072255e+01
     vertex -3.896101e+02  1.269627e+03  9.766273e+00
   endloop
 endfacet
 facet normal  3.377562e-01  8.852165e-01 -3.198632e-01
   outer loop
     vertex -3.900522e+02  1.269627e+03  9.103425e+00
     vertex -3.880357e+02  1.268545e+03  8.237370e+00
     vertex -3.890778e+02  1.268545e+03  7.136997e+00
   endloop
 endfacet
 facet normal  3.729551e-01  8.938860e-01 -2.487414e-01
   outer loop
     vertex -3.900522e+02  1.269627e+03  9.103425e+00
     vertex -3.896101e+02  1.269627e+03  9.766273e+00
     vertex -3.880357e+02  1.268545e+03  8.237370e+00
   endloop
 endfacet
 facet normal  9.171721e-02  7.202660e-01 -6.876080e-01
   outer loop
     vertex -3.919294e+02  1.268545e+03  6.246762e+00
     vertex -3.904272e+02  1.268545e+03  6.447134e+00
     vertex -3.909468e+02  1.266859e+03  4.611964e+00
   endloop
 endfacet
 facet normal -2.716782e-02  7.020012e-01 -7.116574e-01
   outer loop
     vertex -3.919294e+02  1.268545e+03  6.246762e+00
     vertex -3.929886e+02  1.267131e+03  4.892665e+00
     vertex -3.927402e+02  1.268338e+03  6.073373e+00
   endloop
 endfacet
 facet normal -1.047754e-01  8.467141e-01 -5.216295e-01
   outer loop
     vertex -3.919294e+02  1.268545e+03  6.246762e+00
     vertex -3.927402e+02  1.268338e+03  6.073373e+00
     vertex -3.924427e+02  1.269245e+03  7.487210e+00
   endloop
 endfacet
 facet normal -6.444165e-03  6.942144e-01 -7.197394e-01
   outer loop
     vertex -3.919294e+02  1.268545e+03  6.246762e+00
     vertex -3.909468e+02  1.266859e+03  4.611964e+00
     vertex -3.929886e+02  1.267131e+03  4.892665e+00
   endloop
 endfacet
 facet normal  2.117516e-01  8.852165e-01 -4.141895e-01
   outer loop
     vertex -3.906900e+02  1.269627e+03  8.625951e+00
     vertex -3.890778e+02  1.268545e+03  7.136997e+00
     vertex -3.904272e+02  1.268545e+03  6.447134e+00
   endloop
 endfacet
 facet normal  2.686536e-01  8.938860e-01 -3.588774e-01
   outer loop
     vertex -3.906900e+02  1.269627e+03  8.625951e+00
     vertex -3.900522e+02  1.269627e+03  9.103425e+00
     vertex -3.890778e+02  1.268545e+03  7.136997e+00
   endloop
 endfacet
 facet normal  9.508486e-02  9.873324e-01 -1.270179e-01
   outer loop
     vertex -3.906900e+02  1.269627e+03  8.625951e+00
     vertex -3.917619e+02  1.270000e+03  1.072255e+01
     vertex -3.900522e+02  1.269627e+03  9.103425e+00
   endloop
 endfacet
 facet normal -6.984577e-02  9.438817e-01 -3.228141e-01
   outer loop
     vertex -3.914506e+02  1.269627e+03  8.388516e+00
     vertex -3.924427e+02  1.269245e+03  7.487210e+00
     vertex -3.921111e+02  1.269809e+03  9.063280e+00
   endloop
 endfacet
 facet normal  1.275127e-01  9.819222e-01 -1.398902e-01
   outer loop
     vertex -3.914506e+02  1.269627e+03  8.388516e+00
     vertex -3.921111e+02  1.269809e+03  9.063280e+00
     vertex -3.917619e+02  1.270000e+03  1.072255e+01
   endloop
 endfacet
 facet normal  8.233498e-02  8.819478e-01 -4.641003e-01
   outer loop
     vertex -3.914506e+02  1.269627e+03  8.388516e+00
     vertex -3.919294e+02  1.268545e+03  6.246762e+00
     vertex -3.924427e+02  1.269245e+03  7.487210e+00
   endloop
 endfacet
 facet normal  4.728311e-02  9.873324e-01 -1.514562e-01
   outer loop
     vertex -3.914506e+02  1.269627e+03  8.388516e+00
     vertex -3.917619e+02  1.270000e+03  1.072255e+01
     vertex -3.906900e+02  1.269627e+03  8.625951e+00
   endloop
 endfacet
 facet normal  6.150362e-02  8.852165e-01 -4.610954e-01
   outer loop
     vertex -3.914506e+02  1.269627e+03  8.388516e+00
     vertex -3.904272e+02  1.268545e+03  6.447134e+00
     vertex -3.919294e+02  1.268545e+03  6.246762e+00
   endloop
 endfacet
 facet normal  1.335941e-01  8.938860e-01 -4.279257e-01
   outer loop
     vertex -3.914506e+02  1.269627e+03  8.388516e+00
     vertex -3.906900e+02  1.269627e+03  8.625951e+00
     vertex -3.904272e+02  1.268545e+03  6.447134e+00
   endloop
 endfacet
 facet normal -1.112692e-01  1.112692e-01 -9.875416e-01
   outer loop
     vertex  3.302000e+01  1.264076e+03  1.910493e-01
     vertex  3.302000e+01  1.262380e+03  0.000000e+00
     vertex  3.132439e+01  1.262380e+03  1.910493e-01
   endloop
 endfacet
 facet normal -9.875416e-01  1.112692e-01 -1.112692e-01
   outer loop
     vertex  2.559105e+01  1.264076e+03  7.620000e+00
     vertex  2.559105e+01  1.262380e+03  5.924390e+00
     vertex  2.540000e+01  1.262380e+03  7.620000e+00
   endloop
 endfacet
 facet normal -3.369541e-02  3.300915e-01 -9.433473e-01
   outer loop
     vertex  3.188631e+01  1.264735e+03  4.621726e-01
     vertex  3.302000e+01  1.265686e+03  7.546172e-01
     vertex  3.302000e+01  1.264076e+03  1.910493e-01
   endloop
 endfacet
 facet normal -1.478855e-01  1.478855e-01 -9.778853e-01
   outer loop
     vertex  3.188631e+01  1.264735e+03  4.621726e-01
     vertex  3.302000e+01  1.264076e+03  1.910493e-01
     vertex  3.132439e+01  1.262380e+03  1.910493e-01
   endloop
 endfacet
 facet normal -5.261129e-01  1.487530e-01 -8.373039e-01
   outer loop
     vertex  2.972991e+01  1.264735e+03  1.162831e+00
     vertex  2.971381e+01  1.262380e+03  7.546172e-01
     vertex  2.826901e+01  1.262380e+03  1.662444e+00
   endloop
 endfacet
 facet normal -3.258262e-01  1.636539e-01 -9.311577e-01
   outer loop
     vertex  2.972991e+01  1.264735e+03  1.162831e+00
     vertex  3.132439e+01  1.262380e+03  1.910493e-01
     vertex  2.971381e+01  1.262380e+03  7.546172e-01
   endloop
 endfacet
 facet normal -3.039557e-01  1.802470e-01 -9.354795e-01
   outer loop
     vertex  2.972991e+01  1.264735e+03  1.162831e+00
     vertex  3.188631e+01  1.264735e+03  4.621726e-01
     vertex  3.132439e+01  1.262380e+03  1.910493e-01
   endloop
 endfacet
 facet normal -7.004649e-01  1.367401e-01 -7.004649e-01
   outer loop
     vertex  2.789556e+01  1.264735e+03  2.495561e+00
     vertex  2.826901e+01  1.262380e+03  1.662444e+00
     vertex  2.706244e+01  1.262380e+03  2.869008e+00
   endloop
 endfacet
 facet normal -5.771328e-01  1.895193e-01 -7.943552e-01
   outer loop
     vertex  2.789556e+01  1.264735e+03  2.495561e+00
     vertex  2.972991e+01  1.264735e+03  1.162831e+00
     vertex  2.826901e+01  1.262380e+03  1.662444e+00
   endloop
 endfacet
 facet normal -1.172039e-01  5.283652e-01 -8.408885e-01
   outer loop
     vertex  3.111500e+01  1.266859e+03  1.757013e+00
     vertex  3.302000e+01  1.267131e+03  1.662444e+00
     vertex  3.302000e+01  1.265686e+03  7.546172e-01
   endloop
 endfacet
 facet normal -2.799341e-01  4.235220e-01 -8.615486e-01
   outer loop
     vertex  3.111500e+01  1.266859e+03  1.757013e+00
     vertex  3.188631e+01  1.264735e+03  4.621726e-01
     vertex  2.972991e+01  1.264735e+03  1.162831e+00
   endloop
 endfacet
 facet normal -1.686704e-01  4.676535e-01 -8.676696e-01
   outer loop
     vertex  3.111500e+01  1.266859e+03  1.757013e+00
     vertex  3.302000e+01  1.265686e+03  7.546172e-01
     vertex  3.188631e+01  1.264735e+03  4.621726e-01
   endloop
 endfacet
 facet normal -9.311577e-01  1.636539e-01 -3.258262e-01
   outer loop
     vertex  2.656283e+01  1.264735e+03  4.329908e+00
     vertex  2.615462e+01  1.262380e+03  4.313806e+00
     vertex  2.559105e+01  1.262380e+03  5.924390e+00
   endloop
 endfacet
 facet normal -8.373039e-01  1.487530e-01 -5.261129e-01
   outer loop
     vertex  2.656283e+01  1.264735e+03  4.329908e+00
     vertex  2.706244e+01  1.262380e+03  2.869008e+00
     vertex  2.615462e+01  1.262380e+03  4.313806e+00
   endloop
 endfacet
 facet normal -7.943552e-01  1.895193e-01 -5.771328e-01
   outer loop
     vertex  2.656283e+01  1.264735e+03  4.329908e+00
     vertex  2.789556e+01  1.264735e+03  2.495561e+00
     vertex  2.706244e+01  1.262380e+03  2.869008e+00
   endloop
 endfacet
 facet normal -3.985896e-01  4.787173e-01 -7.822762e-01
   outer loop
     vertex  2.939647e+01  1.266859e+03  2.632645e+00
     vertex  3.111500e+01  1.266859e+03  1.757013e+00
     vertex  2.972991e+01  1.264735e+03  1.162831e+00
   endloop
 endfacet
 facet normal -5.324663e-01  4.235220e-01 -7.328770e-01
   outer loop
     vertex  2.939647e+01  1.266859e+03  2.632645e+00
     vertex  2.972991e+01  1.264735e+03  1.162831e+00
     vertex  2.789556e+01  1.264735e+03  2.495561e+00
   endloop
 endfacet
 facet normal  1.876623e-03  8.467227e-01 -5.320311e-01
   outer loop
     vertex  3.231934e+01  1.268545e+03  3.196219e+00
     vertex  3.302000e+01  1.269245e+03  4.313806e+00
     vertex  3.302000e+01  1.268338e+03  2.869008e+00
   endloop
 endfacet
 facet normal -1.202834e-01  7.019729e-01 -7.019729e-01
   outer loop
     vertex  3.231934e+01  1.268545e+03  3.196219e+00
     vertex  3.302000e+01  1.268338e+03  2.869008e+00
     vertex  3.302000e+01  1.267131e+03  1.662444e+00
   endloop
 endfacet
 facet normal -1.345309e-01  6.972304e-01 -7.041102e-01
   outer loop
     vertex  3.231934e+01  1.268545e+03  3.196219e+00
     vertex  3.302000e+01  1.267131e+03  1.662444e+00
     vertex  3.111500e+01  1.266859e+03  1.757013e+00
   endloop
 endfacet
 facet normal -9.433473e-01  3.300915e-01 -3.369541e-02
   outer loop
     vertex  2.586217e+01  1.264735e+03  6.486312e+00
     vertex  2.559105e+01  1.264076e+03  7.620000e+00
     vertex  2.615462e+01  1.265686e+03  7.620000e+00
   endloop
 endfacet
 facet normal -9.354795e-01  1.802470e-01 -3.039557e-01
   outer loop
     vertex  2.586217e+01  1.264735e+03  6.486312e+00
     vertex  2.656283e+01  1.264735e+03  4.329908e+00
     vertex  2.559105e+01  1.262380e+03  5.924390e+00
   endloop
 endfacet
 facet normal -9.778853e-01  1.478855e-01 -1.478855e-01
   outer loop
     vertex  2.586217e+01  1.264735e+03  6.486312e+00
     vertex  2.559105e+01  1.262380e+03  5.924390e+00
     vertex  2.559105e+01  1.264076e+03  7.620000e+00
   endloop
 endfacet
 facet normal -7.328770e-01  4.235220e-01 -5.324663e-01
   outer loop
     vertex  2.803265e+01  1.266859e+03  3.996475e+00
     vertex  2.789556e+01  1.264735e+03  2.495561e+00
     vertex  2.656283e+01  1.264735e+03  4.329908e+00
   endloop
 endfacet
 facet normal -6.208179e-01  4.787173e-01 -6.208179e-01
   outer loop
     vertex  2.803265e+01  1.266859e+03  3.996475e+00
     vertex  2.939647e+01  1.266859e+03  2.632645e+00
     vertex  2.789556e+01  1.264735e+03  2.495561e+00
   endloop
 endfacet
 facet normal -3.283256e-01  6.906393e-01 -6.443753e-01
   outer loop
     vertex  3.098661e+01  1.268545e+03  3.629250e+00
     vertex  3.111500e+01  1.266859e+03  1.757013e+00
     vertex  2.939647e+01  1.266859e+03  2.632645e+00
   endloop
 endfacet
 facet normal -2.149639e-01  7.183926e-01 -6.615910e-01
   outer loop
     vertex  3.098661e+01  1.268545e+03  3.629250e+00
     vertex  3.231934e+01  1.268545e+03  3.196219e+00
     vertex  3.111500e+01  1.266859e+03  1.757013e+00
   endloop
 endfacet
 facet normal -8.408885e-01  5.283652e-01 -1.172039e-01
   outer loop
     vertex  2.715701e+01  1.266859e+03  5.715000e+00
     vertex  2.615462e+01  1.265686e+03  7.620000e+00
     vertex  2.706244e+01  1.267131e+03  7.620000e+00
   endloop
 endfacet
 facet normal -7.822762e-01  4.787173e-01 -3.985896e-01
   outer loop
     vertex  2.715701e+01  1.266859e+03  5.715000e+00
     vertex  2.803265e+01  1.266859e+03  3.996475e+00
     vertex  2.656283e+01  1.264735e+03  4.329908e+00
   endloop
 endfacet
 facet normal -8.676696e-01  4.676535e-01 -1.686704e-01
   outer loop
     vertex  2.715701e+01  1.266859e+03  5.715000e+00
     vertex  2.586217e+01  1.264735e+03  6.486312e+00
     vertex  2.615462e+01  1.265686e+03  7.620000e+00
   endloop
 endfacet
 facet normal -8.615486e-01  4.235220e-01 -2.799341e-01
   outer loop
     vertex  2.715701e+01  1.266859e+03  5.715000e+00
     vertex  2.656283e+01  1.264735e+03  4.329908e+00
     vertex  2.586217e+01  1.264735e+03  6.486312e+00
   endloop
 endfacet
 facet normal -5.113792e-01  6.906393e-01 -5.113792e-01
   outer loop
     vertex  2.985292e+01  1.268545e+03  4.452923e+00
     vertex  2.939647e+01  1.266859e+03  2.632645e+00
     vertex  2.803265e+01  1.266859e+03  3.996475e+00
   endloop
 endfacet
 facet normal -4.088857e-01  7.183926e-01 -5.627829e-01
   outer loop
     vertex  2.985292e+01  1.268545e+03  4.452923e+00
     vertex  3.098661e+01  1.268545e+03  3.629250e+00
     vertex  2.939647e+01  1.266859e+03  2.632645e+00
   endloop
 endfacet
 facet normal -1.625383e-01  9.804981e-01 -1.104756e-01
   outer loop
     vertex  3.229235e+01  1.269627e+03  5.380538e+00
     vertex  3.302000e+01  1.270000e+03  7.620000e+00
     vertex  3.302000e+01  1.269809e+03  5.924390e+00
   endloop
 endfacet
 facet normal  1.089836e-02  9.438273e-01 -3.302594e-01
   outer loop
     vertex  3.229235e+01  1.269627e+03  5.380538e+00
     vertex  3.302000e+01  1.269809e+03  5.924390e+00
     vertex  3.302000e+01  1.269245e+03  4.313806e+00
   endloop
 endfacet
 facet normal -1.810092e-01  8.803397e-01 -4.384492e-01
   outer loop
     vertex  3.229235e+01  1.269627e+03  5.380538e+00
     vertex  3.302000e+01  1.269245e+03  4.313806e+00
     vertex  3.231934e+01  1.268545e+03  3.196219e+00
   endloop
 endfacet
 facet normal -1.432346e-01  8.860880e-01 -4.408308e-01
   outer loop
     vertex  3.229235e+01  1.269627e+03  5.380538e+00
     vertex  3.231934e+01  1.268545e+03  3.196219e+00
     vertex  3.098661e+01  1.268545e+03  3.629250e+00
   endloop
 endfacet
 facet normal -6.443753e-01  6.906393e-01 -3.283256e-01
   outer loop
     vertex  2.902925e+01  1.268545e+03  5.586611e+00
     vertex  2.803265e+01  1.266859e+03  3.996475e+00
     vertex  2.715701e+01  1.266859e+03  5.715000e+00
   endloop
 endfacet
 facet normal -5.627829e-01  7.183926e-01 -4.088857e-01
   outer loop
     vertex  2.902925e+01  1.268545e+03  5.586611e+00
     vertex  2.985292e+01  1.268545e+03  4.452923e+00
     vertex  2.803265e+01  1.266859e+03  3.996475e+00
   endloop
 endfacet
 facet normal  0.000000e+00  0.000000e+00  0.000000e+00
   outer loop
     vertex  3.163594e+01  1.269627e+03  5.715000e+00
     vertex  3.302000e+01  1.270000e+03  7.620000e+00
     vertex  3.302000e+01  1.270000e+03  7.620000e+00
   endloop
 endfacet
 facet normal -7.188297e-02  9.873853e-01 -1.410783e-01
   outer loop
     vertex  3.163594e+01  1.269627e+03  5.715000e+00
     vertex  3.302000e+01  1.270000e+03  7.620000e+00
     vertex  3.229235e+01  1.269627e+03  5.380538e+00
   endloop
 endfacet
 facet normal -2.724484e-01  8.860880e-01 -3.749931e-01
   outer loop
     vertex  3.163594e+01  1.269627e+03  5.715000e+00
     vertex  3.098661e+01  1.268545e+03  3.629250e+00
     vertex  2.985292e+01  1.268545e+03  4.452923e+00
   endloop
 endfacet
 facet normal -2.038952e-01  8.934726e-01 -4.001668e-01
   outer loop
     vertex  3.163594e+01  1.269627e+03  5.715000e+00
     vertex  3.229235e+01  1.269627e+03  5.380538e+00
     vertex  3.098661e+01  1.268545e+03  3.629250e+00
   endloop
 endfacet
 facet normal -7.019729e-01  7.019729e-01 -1.202834e-01
   outer loop
     vertex  2.859622e+01  1.268545e+03  6.919342e+00
     vertex  2.706244e+01  1.267131e+03  7.620000e+00
     vertex  2.826901e+01  1.268338e+03  7.620000e+00
   endloop
 endfacet
 facet normal -5.320311e-01  8.467227e-01  1.876623e-03
   outer loop
     vertex  2.859622e+01  1.268545e+03  6.919342e+00
     vertex  2.826901e+01  1.268338e+03  7.620000e+00
     vertex  2.971381e+01  1.269245e+03  7.620000e+00
   endloop
 endfacet
 facet normal -7.041102e-01  6.972304e-01 -1.345309e-01
   outer loop
     vertex  2.859622e+01  1.268545e+03  6.919342e+00
     vertex  2.715701e+01  1.266859e+03  5.715000e+00
     vertex  2.706244e+01  1.267131e+03  7.620000e+00
   endloop
 endfacet
 facet normal -6.615910e-01  7.183926e-01 -2.149639e-01
   outer loop
     vertex  2.859622e+01  1.268545e+03  6.919342e+00
     vertex  2.902925e+01  1.268545e+03  5.586611e+00
     vertex  2.715701e+01  1.266859e+03  5.715000e+00
   endloop
 endfacet
 facet normal -1.119604e-01  9.873853e-01 -1.119604e-01
   outer loop
     vertex  3.111500e+01  1.269627e+03  6.235936e+00
     vertex  3.302000e+01  1.270000e+03  7.620000e+00
     vertex  3.163594e+01  1.269627e+03  5.715000e+00
   endloop
 endfacet
 facet normal -3.749931e-01  8.860880e-01 -2.724484e-01
   outer loop
     vertex  3.111500e+01  1.269627e+03  6.235936e+00
     vertex  2.985292e+01  1.268545e+03  4.452923e+00
     vertex  2.902925e+01  1.268545e+03  5.586611e+00
   endloop
 endfacet
 facet normal -3.175741e-01  8.934726e-01 -3.175741e-01
   outer loop
     vertex  3.111500e+01  1.269627e+03  6.235936e+00
     vertex  3.163594e+01  1.269627e+03  5.715000e+00
     vertex  2.985292e+01  1.268545e+03  4.452923e+00
   endloop
 endfacet
 facet normal -3.302594e-01  9.438273e-01  1.089836e-02
   outer loop
     vertex  3.078054e+01  1.269627e+03  6.892355e+00
     vertex  2.971381e+01  1.269245e+03  7.620000e+00
     vertex  3.132439e+01  1.269809e+03  7.620000e+00
   endloop
 endfacet
 facet normal -1.104756e-01  9.804981e-01 -1.625383e-01
   outer loop
     vertex  3.078054e+01  1.269627e+03  6.892355e+00
     vertex  3.132439e+01  1.269809e+03  7.620000e+00
     vertex  3.302000e+01  1.270000e+03  7.620000e+00
   endloop
 endfacet
 facet normal -1.410783e-01  9.873853e-01 -7.188297e-02
   outer loop
     vertex  3.078054e+01  1.269627e+03  6.892355e+00
     vertex  3.302000e+01  1.270000e+03  7.620000e+00
     vertex  3.111500e+01  1.269627e+03  6.235936e+00
   endloop
 endfacet
 facet normal -4.384492e-01  8.803397e-01 -1.810092e-01
   outer loop
     vertex  3.078054e+01  1.269627e+03  6.892355e+00
     vertex  2.859622e+01  1.268545e+03  6.919342e+00
     vertex  2.971381e+01  1.269245e+03  7.620000e+00
   endloop
 endfacet
 facet normal -4.408308e-01  8.860880e-01 -1.432346e-01
   outer loop
     vertex  3.078054e+01  1.269627e+03  6.892355e+00
     vertex  2.902925e+01  1.268545e+03  5.586611e+00
     vertex  2.859622e+01  1.268545e+03  6.919342e+00
   endloop
 endfacet
 facet normal -4.001668e-01  8.934726e-01 -2.038952e-01
   outer loop
     vertex  3.078054e+01  1.269627e+03  6.892355e+00
     vertex  3.111500e+01  1.269627e+03  6.235936e+00
     vertex  2.902925e+01  1.268545e+03  5.586611e+00
   endloop
 endfacet
 facet normal  1.142870e-01 -1.174194e-17 -9.934478e-01
   outer loop
     vertex -3.917619e+02  2.479101e+02  3.102554e+00
     vertex -3.917619e+02  1.262380e+03  3.102554e+00
     vertex -3.900316e+02  1.262380e+03  3.301611e+00
   endloop
 endfacet
 facet normal  3.368899e-01  4.837257e-05 -9.415441e-01
   outer loop
     vertex -3.893101e+02  2.501795e+02  3.507744e+00
     vertex -3.900316e+02  1.262380e+03  3.301611e+00
     vertex -3.883917e+02  1.262380e+03  3.888383e+00
   endloop
 endfacet
 facet normal  1.631295e-01 -8.465058e-05 -9.866047e-01
   outer loop
     vertex -3.893101e+02  2.501795e+02  3.507744e+00
     vertex -3.917619e+02  2.479101e+02  3.102554e+00
     vertex -3.900316e+02  1.262380e+03  3.301611e+00
   endloop
 endfacet
 facet normal  5.418916e-01  4.372863e-05 -8.404484e-01
   outer loop
     vertex -3.873875e+02  2.518470e+02  4.483245e+00
     vertex -3.883917e+02  1.262380e+03  3.888383e+00
     vertex -3.869278e+02  1.262380e+03  4.832214e+00
   endloop
 endfacet
 facet normal  4.525222e-01 -7.527711e-05 -8.917531e-01
   outer loop
     vertex -3.873875e+02  2.518470e+02  4.483245e+00
     vertex -3.893101e+02  2.501795e+02  3.507744e+00
     vertex -3.883917e+02  1.262380e+03  3.888383e+00
   endloop
 endfacet
 facet normal  7.185816e-01  4.336501e-05 -6.954426e-01
   outer loop
     vertex -3.860781e+02  2.529005e+02  5.647279e+00
     vertex -3.869278e+02  1.262380e+03  4.832214e+00
     vertex -3.857166e+02  1.262380e+03  6.083792e+00
   endloop
 endfacet
 facet normal  6.644150e-01 -4.415208e-05 -7.473639e-01
   outer loop
     vertex -3.860781e+02  2.529005e+02  5.647279e+00
     vertex -3.873875e+02  2.518470e+02  4.483245e+00
     vertex -3.869278e+02  1.262380e+03  4.832214e+00
   endloop
 endfacet
 facet normal  8.577286e-01  4.822951e-05 -5.141027e-01
   outer loop
     vertex -3.851553e+02  2.535665e+02  6.925575e+00
     vertex -3.857166e+02  1.262380e+03  6.083792e+00
     vertex -3.848211e+02  1.262380e+03  7.577726e+00
   endloop
 endfacet
 facet normal  8.108109e-01 -3.728976e-05 -5.853081e-01
   outer loop
     vertex -3.851553e+02  2.535665e+02  6.925575e+00
     vertex -3.860781e+02  2.529005e+02  5.647279e+00
     vertex -3.857166e+02  1.262380e+03  6.083792e+00
   endloop
 endfacet
 facet normal  9.520627e-01  4.528790e-05 -3.059030e-01
   outer loop
     vertex -3.845896e+02  2.538990e+02  8.149081e+00
     vertex -3.848211e+02  1.262380e+03  7.577726e+00
     vertex -3.842883e+02  1.262380e+03  9.235966e+00
   endloop
 endfacet
 facet normal  9.076756e-01 -2.935971e-05 -4.196725e-01
   outer loop
     vertex -3.845896e+02  2.538990e+02  8.149081e+00
     vertex -3.851553e+02  2.535665e+02  6.925575e+00
     vertex -3.848211e+02  1.262380e+03  7.577726e+00
   endloop
 endfacet
 facet normal  9.541324e-01  3.764479e-05 -2.993849e-01
   outer loop
     vertex -3.844046e+02  2.539744e+02  8.738616e+00
     vertex -3.845896e+02  2.538990e+02  8.149081e+00
     vertex -3.842883e+02  1.262380e+03  9.235966e+00
   endloop
 endfacet
 facet normal  9.754460e-01 -3.847858e-06 -2.202389e-01
   outer loop
     vertex -3.842665e+02  2.540000e+02  9.350279e+00
     vertex -3.844046e+02  2.539744e+02  8.738616e+00
     vertex -3.842883e+02  1.262380e+03  9.235966e+00
   endloop
 endfacet
 facet normal  9.966552e-01  4.067797e-05 -8.172107e-02
   outer loop
     vertex -3.841462e+02  2.540000e+02  1.046770e+01
     vertex -3.842883e+02  1.262380e+03  9.235966e+00
     vertex -3.841460e+02  1.262380e+03  1.097187e+01
   endloop
 endfacet
 facet normal  9.942527e-01  9.389837e-06 -1.070583e-01
   outer loop
     vertex -3.841462e+02  2.540000e+02  1.046770e+01
     vertex -3.842665e+02  2.540000e+02  9.350279e+00
     vertex -3.842883e+02  1.262380e+03  9.235966e+00
   endloop
 endfacet
 facet normal  9.891765e-01  4.537678e-05  1.467305e-01
   outer loop
     vertex -3.841915e+02  2.540000e+02  1.159067e+01
     vertex -3.841460e+02  1.262380e+03  1.097187e+01
     vertex -3.844015e+02  1.262380e+03  1.269475e+01
   endloop
 endfacet
 facet normal  9.991856e-01 -2.035586e-05  4.035048e-02
   outer loop
     vertex -3.841915e+02  2.540000e+02  1.159067e+01
     vertex -3.841462e+02  2.540000e+02  1.046770e+01
     vertex -3.841460e+02  1.262380e+03  1.097187e+01
   endloop
 endfacet
 facet normal  9.823825e-01 -3.292094e-19  1.868815e-01
   outer loop
     vertex -3.844015e+02  2.540000e+02  1.269475e+01
     vertex -3.841915e+02  2.540000e+02  1.159067e+01
     vertex -3.844015e+02  1.262380e+03  1.269475e+01
   endloop
 endfacet
 facet normal -6.735132e-02  0.000000e+00 -9.977293e-01
   outer loop
     vertex  3.199590e+01  2.474041e+02  6.913170e-02
     vertex  3.302000e+01  4.826000e+02  0.000000e+00
     vertex  3.302000e+01  2.463800e+02  0.000000e+00
   endloop
 endfacet
 facet normal -2.033977e-01  5.978579e-04 -9.790960e-01
   outer loop
     vertex  3.094333e+01  2.484567e+02  2.884339e-01
     vertex  3.302000e+01  4.826000e+02  0.000000e+00
     vertex  3.199590e+01  2.474041e+02  6.913170e-02
   endloop
 endfacet
 facet normal -1.119645e-01  0.000000e+00 -9.937122e-01
   outer loop
     vertex  3.132439e+01  1.262380e+03  1.910493e-01
     vertex  3.302000e+01  1.262380e+03  0.000000e+00
     vertex  3.302000e+01  4.826000e+02  0.000000e+00
   endloop
 endfacet
 facet normal -1.325502e-01 -4.538440e-05 -9.911763e-01
   outer loop
     vertex  3.132439e+01  1.262380e+03  1.910493e-01
     vertex  3.302000e+01  4.826000e+02  0.000000e+00
     vertex  3.094333e+01  2.484567e+02  2.884339e-01
   endloop
 endfacet
 facet normal -3.838028e-01 -4.084710e-05 -9.234151e-01
   outer loop
     vertex  2.971381e+01  1.262380e+03  7.546172e-01
     vertex  3.094333e+01  2.484567e+02  2.884339e-01
     vertex  2.928861e+01  2.501114e+02  9.761197e-01
   endloop
 endfacet
 facet normal -3.302791e-01  3.346904e-05 -9.438833e-01
   outer loop
     vertex  2.971381e+01  1.262380e+03  7.546172e-01
     vertex  3.132439e+01  1.262380e+03  1.910493e-01
     vertex  3.094333e+01  2.484567e+02  2.884339e-01
   endloop
 endfacet
 facet normal -7.074955e-01  1.604344e-05 -7.067178e-01
   outer loop
     vertex  2.826901e+01  1.262380e+03  1.662444e+00
     vertex  2.814589e+01  2.512541e+02  1.762745e+00
     vertex  2.715728e+01  2.522427e+02  2.752466e+00
   endloop
 endfacet
 facet normal -5.670281e-01 -1.266469e-05 -8.236984e-01
   outer loop
     vertex  2.826901e+01  1.262380e+03  1.662444e+00
     vertex  2.928861e+01  2.501114e+02  9.761197e-01
     vertex  2.814589e+01  2.512541e+02  1.762745e+00
   endloop
 endfacet
 facet normal -5.320321e-01  3.819655e-05 -8.467242e-01
   outer loop
     vertex  2.826901e+01  1.262380e+03  1.662444e+00
     vertex  2.971381e+01  1.262380e+03  7.546172e-01
     vertex  2.928861e+01  2.501114e+02  9.761197e-01
   endloop
 endfacet
 facet normal -8.243389e-01 -1.207872e-05 -5.660966e-01
   outer loop
     vertex  2.706244e+01  1.262380e+03  2.869008e+00
     vertex  2.715728e+01  2.522427e+02  2.752466e+00
     vertex  2.637200e+01  2.530280e+02  3.895948e+00
   endloop
 endfacet
 facet normal -7.071068e-01  1.519592e-05 -7.071068e-01
   outer loop
     vertex  2.706244e+01  1.262380e+03  2.869008e+00
     vertex  2.826901e+01  1.262380e+03  1.662444e+00
     vertex  2.715728e+01  2.522427e+02  2.752466e+00
   endloop
 endfacet
 facet normal -9.123946e-01 -2.705626e-05 -4.093118e-01
   outer loop
     vertex  2.615462e+01  1.262380e+03  4.313806e+00
     vertex  2.637200e+01  2.530280e+02  3.895948e+00
     vertex  2.581810e+01  2.535819e+02  5.130627e+00
   endloop
 endfacet
 facet normal -8.467242e-01  3.789190e-05 -5.320321e-01
   outer loop
     vertex  2.615462e+01  1.262380e+03  4.313806e+00
     vertex  2.706244e+01  1.262380e+03  2.869008e+00
     vertex  2.637200e+01  2.530280e+02  3.895948e+00
   endloop
 endfacet
 facet normal -9.695600e-01 -2.555449e-05 -2.448538e-01
   outer loop
     vertex  2.559105e+01  1.262380e+03  5.924390e+00
     vertex  2.581810e+01  2.535819e+02  5.130627e+00
     vertex  2.549971e+01  2.539003e+02  6.391315e+00
   endloop
 endfacet
 facet normal -9.438833e-01  4.744054e-05 -3.302791e-01
   outer loop
     vertex  2.559105e+01  1.262380e+03  5.924390e+00
     vertex  2.615462e+01  1.262380e+03  4.313806e+00
     vertex  2.581810e+01  2.535819e+02  5.130627e+00
   endloop
 endfacet
 facet normal -9.967232e-01  9.261902e-19 -8.088740e-02
   outer loop
     vertex  2.540000e+01  1.262380e+03  7.620000e+00
     vertex  2.549971e+01  2.539003e+02  6.391315e+00
     vertex  2.540000e+01  2.540000e+02  7.620000e+00
   endloop
 endfacet
 facet normal -9.937122e-01  3.816057e-05 -1.119645e-01
   outer loop
     vertex  2.540000e+01  1.262380e+03  7.620000e+00
     vertex  2.559105e+01  1.262380e+03  5.924390e+00
     vertex  2.549971e+01  2.539003e+02  6.391315e+00
   endloop
 endfacet
 facet normal -2.345323e-02  1.119337e-01 -9.934389e-01
   outer loop
     vertex -3.698002e+02  2.479101e+02  3.577315e-01
     vertex -3.619500e+02  2.480756e+02  1.910493e-01
     vertex -3.619500e+02  2.463800e+02  0.000000e+00
   endloop
 endfacet
 facet normal -3.450427e-02  5.626105e-02 -9.978197e-01
   outer loop
     vertex -3.698002e+02  2.479101e+02  3.577315e-01
     vertex -3.619500e+02  2.463800e+02  0.000000e+00
     vertex -3.724773e+02  2.463800e+02  3.640302e-01
   endloop
 endfacet
 facet normal -2.434372e-02  3.301812e-01 -9.436036e-01
   outer loop
     vertex -3.697693e+02  2.496862e+02  9.563446e-01
     vertex -3.619500e+02  2.496862e+02  7.546172e-01
     vertex -3.619500e+02  2.480756e+02  1.910493e-01
   endloop
 endfacet
 facet normal -2.685001e-02  3.196938e-01 -9.471404e-01
   outer loop
     vertex -3.697693e+02  2.496862e+02  9.563446e-01
     vertex -3.619500e+02  2.480756e+02  1.910493e-01
     vertex -3.698002e+02  2.479101e+02  3.577315e-01
   endloop
 endfacet
 facet normal -6.001427e-02  1.009128e-01 -9.930835e-01
   outer loop
     vertex -3.724666e+02  2.479101e+02  5.188662e-01
     vertex -3.698002e+02  2.479101e+02  3.577315e-01
     vertex -3.724773e+02  2.463800e+02  3.640302e-01
   endloop
 endfacet
 facet normal -2.183915e-02  5.319052e-01 -8.465223e-01
   outer loop
     vertex -3.697225e+02  2.511310e+02  1.862964e+00
     vertex -3.619500e+02  2.511310e+02  1.662444e+00
     vertex -3.619500e+02  2.496862e+02  7.546172e-01
   endloop
 endfacet
 facet normal -1.823938e-02  7.069892e-01 -7.069892e-01
   outer loop
     vertex -3.697225e+02  2.511310e+02  1.862964e+00
     vertex -3.619500e+02  2.523376e+02  2.869008e+00
     vertex -3.619500e+02  2.511310e+02  1.662444e+00
   endloop
 endfacet
 facet normal -2.183915e-02  5.319052e-01 -8.465223e-01
   outer loop
     vertex -3.697225e+02  2.511310e+02  1.862964e+00
     vertex -3.619500e+02  2.496862e+02  7.546172e-01
     vertex -3.697693e+02  2.496862e+02  9.563446e-01
   endloop
 endfacet
 facet normal -5.715519e-02  3.197603e-01 -9.457730e-01
   outer loop
     vertex -3.724252e+02  2.496862e+02  1.116845e+00
     vertex -3.698002e+02  2.479101e+02  3.577315e-01
     vertex -3.724666e+02  2.479101e+02  5.188662e-01
   endloop
 endfacet
 facet normal -5.107682e-02  5.320174e-01 -8.451915e-01
   outer loop
     vertex -3.724252e+02  2.496862e+02  1.116845e+00
     vertex -3.697225e+02  2.511310e+02  1.862964e+00
     vertex -3.697693e+02  2.496862e+02  9.563446e-01
   endloop
 endfacet
 facet normal -5.715519e-02  3.197603e-01 -9.457730e-01
   outer loop
     vertex -3.724252e+02  2.496862e+02  1.116845e+00
     vertex -3.697693e+02  2.496862e+02  9.563446e-01
     vertex -3.698002e+02  2.479101e+02  3.577315e-01
   endloop
 endfacet
 facet normal -1.823938e-02  7.069892e-01 -7.069892e-01
   outer loop
     vertex -3.696603e+02  2.523376e+02  3.067922e+00
     vertex -3.619500e+02  2.523376e+02  2.869008e+00
     vertex -3.697225e+02  2.511310e+02  1.862964e+00
   endloop
 endfacet
 facet normal -5.107682e-02  5.320174e-01 -8.451915e-01
   outer loop
     vertex -3.723625e+02  2.511310e+02  2.022503e+00
     vertex -3.697225e+02  2.511310e+02  1.862964e+00
     vertex -3.724252e+02  2.496862e+02  1.116845e+00
   endloop
 endfacet
 facet normal -1.372443e-02  8.466445e-01 -5.319820e-01
   outer loop
     vertex -3.695858e+02  2.532454e+02  4.510799e+00
     vertex -3.619500e+02  2.532454e+02  4.313806e+00
     vertex -3.619500e+02  2.523376e+02  2.869008e+00
   endloop
 endfacet
 facet normal -1.372443e-02  8.466445e-01 -5.319820e-01
   outer loop
     vertex -3.695858e+02  2.532454e+02  4.510799e+00
     vertex -3.619500e+02  2.523376e+02  2.869008e+00
     vertex -3.696603e+02  2.523376e+02  3.067922e+00
   endloop
 endfacet
 facet normal -1.034209e-01  4.191611e-02 -9.937541e-01
   outer loop
     vertex -3.776295e+02  2.479101e+02  9.647668e-01
     vertex -3.724773e+02  2.463800e+02  3.640302e-01
     vertex -3.829543e+02  2.463800e+02  1.454382e+00
   endloop
 endfacet
 facet normal -8.560611e-02  1.009022e-01 -9.912065e-01
   outer loop
     vertex -3.776295e+02  2.479101e+02  9.647668e-01
     vertex -3.724666e+02  2.479101e+02  5.188662e-01
     vertex -3.724773e+02  2.463800e+02  3.640302e-01
   endloop
 endfacet
 facet normal -4.265505e-02  7.070932e-01 -7.058327e-01
   outer loop
     vertex -3.722791e+02  2.523376e+02  3.226185e+00
     vertex -3.696603e+02  2.523376e+02  3.067922e+00
     vertex -3.697225e+02  2.511310e+02  1.862964e+00
   endloop
 endfacet
 facet normal -4.265505e-02  7.070932e-01 -7.058327e-01
   outer loop
     vertex -3.722791e+02  2.523376e+02  3.226185e+00
     vertex -3.697225e+02  2.511310e+02  1.862964e+00
     vertex -3.723625e+02  2.511310e+02  2.022503e+00
   endloop
 endfacet
 facet normal -2.888522e-03  9.937081e-01 -1.119640e-01
   outer loop
     vertex -3.695027e+02  2.538090e+02  6.119241e+00
     vertex -3.694153e+02  2.540000e+02  7.812595e+00
     vertex -3.619500e+02  2.540000e+02  7.620000e+00
   endloop
 endfacet
 facet normal -8.520451e-03  9.438491e-01 -3.302671e-01
   outer loop
     vertex -3.695027e+02  2.538090e+02  6.119241e+00
     vertex -3.619500e+02  2.538090e+02  5.924390e+00
     vertex -3.619500e+02  2.532454e+02  4.313806e+00
   endloop
 endfacet
 facet normal -2.888522e-03  9.937081e-01 -1.119640e-01
   outer loop
     vertex -3.695027e+02  2.538090e+02  6.119241e+00
     vertex -3.619500e+02  2.540000e+02  7.620000e+00
     vertex -3.619500e+02  2.538090e+02  5.924390e+00
   endloop
 endfacet
 facet normal -8.520451e-03  9.438491e-01 -3.302671e-01
   outer loop
     vertex -3.695027e+02  2.538090e+02  6.119241e+00
     vertex -3.619500e+02  2.532454e+02  4.313806e+00
     vertex -3.695858e+02  2.532454e+02  4.510799e+00
   endloop
 endfacet
 facet normal -8.152863e-02  3.197298e-01 -9.439947e-01
   outer loop
     vertex -3.775678e+02  2.496862e+02  1.560990e+00
     vertex -3.724666e+02  2.479101e+02  5.188662e-01
     vertex -3.776295e+02  2.479101e+02  9.647668e-01
   endloop
 endfacet
 facet normal -8.152863e-02  3.197298e-01 -9.439947e-01
   outer loop
     vertex -3.775678e+02  2.496862e+02  1.560990e+00
     vertex -3.724252e+02  2.496862e+02  1.116845e+00
     vertex -3.724666e+02  2.479101e+02  5.188662e-01
   endloop
 endfacet
 facet normal -7.285958e-02  5.319768e-01 -8.436185e-01
   outer loop
     vertex -3.775678e+02  2.496862e+02  1.560990e+00
     vertex -3.723625e+02  2.511310e+02  2.022503e+00
     vertex -3.724252e+02  2.496862e+02  1.116845e+00
   endloop
 endfacet
 facet normal -3.209423e-02  8.467150e-01 -5.310779e-01
   outer loop
     vertex -3.721793e+02  2.532454e+02  4.667532e+00
     vertex -3.696603e+02  2.523376e+02  3.067922e+00
     vertex -3.722791e+02  2.523376e+02  3.226185e+00
   endloop
 endfacet
 facet normal -3.209423e-02  8.467150e-01 -5.310779e-01
   outer loop
     vertex -3.721793e+02  2.532454e+02  4.667532e+00
     vertex -3.695858e+02  2.532454e+02  4.510799e+00
     vertex -3.696603e+02  2.523376e+02  3.067922e+00
   endloop
 endfacet
 facet normal -1.992384e-02  9.438794e-01 -3.296889e-01
   outer loop
     vertex -3.721793e+02  2.532454e+02  4.667532e+00
     vertex -3.695027e+02  2.538090e+02  6.119241e+00
     vertex -3.695858e+02  2.532454e+02  4.510799e+00
   endloop
 endfacet
 facet normal -7.285958e-02  5.319768e-01 -8.436185e-01
   outer loop
     vertex -3.774743e+02  2.511310e+02  2.463990e+00
     vertex -3.723625e+02  2.511310e+02  2.022503e+00
     vertex -3.775678e+02  2.496862e+02  1.560990e+00
   endloop
 endfacet
 facet normal -8.442722e-03  9.940178e-01 -1.088911e-01
   outer loop
     vertex -3.720681e+02  2.538090e+02  6.274269e+00
     vertex -3.768607e+02  2.540000e+02  8.389866e+00
     vertex -3.694153e+02  2.540000e+02  7.812595e+00
   endloop
 endfacet
 facet normal -6.754199e-03  9.937117e-01 -1.117648e-01
   outer loop
     vertex -3.720681e+02  2.538090e+02  6.274269e+00
     vertex -3.694153e+02  2.540000e+02  7.812595e+00
     vertex -3.695027e+02  2.538090e+02  6.119241e+00
   endloop
 endfacet
 facet normal -1.992384e-02  9.438794e-01 -3.296889e-01
   outer loop
     vertex -3.720681e+02  2.538090e+02  6.274269e+00
     vertex -3.695027e+02  2.538090e+02  6.119241e+00
     vertex -3.721793e+02  2.532454e+02  4.667532e+00
   endloop
 endfacet
 facet normal -1.198101e-01  1.009013e-01 -9.876561e-01
   outer loop
     vertex -3.829329e+02  2.479101e+02  1.608107e+00
     vertex -3.776295e+02  2.479101e+02  9.647668e-01
     vertex -3.829543e+02  2.463800e+02  1.454382e+00
   endloop
 endfacet
 facet normal -6.084759e-02  7.070556e-01 -7.045353e-01
   outer loop
     vertex -3.773500e+02  2.523376e+02  3.664137e+00
     vertex -3.722791e+02  2.523376e+02  3.226185e+00
     vertex -3.723625e+02  2.511310e+02  2.022503e+00
   endloop
 endfacet
 facet normal -6.084759e-02  7.070556e-01 -7.045353e-01
   outer loop
     vertex -3.773500e+02  2.523376e+02  3.664137e+00
     vertex -3.723625e+02  2.511310e+02  2.022503e+00
     vertex -3.774743e+02  2.511310e+02  2.463990e+00
   endloop
 endfacet
 facet normal -4.578359e-02  8.466895e-01 -5.301139e-01
   outer loop
     vertex -3.772012e+02  2.532454e+02  5.101253e+00
     vertex -3.722791e+02  2.523376e+02  3.226185e+00
     vertex -3.773500e+02  2.523376e+02  3.664137e+00
   endloop
 endfacet
 facet normal -4.578359e-02  8.466895e-01 -5.301139e-01
   outer loop
     vertex -3.772012e+02  2.532454e+02  5.101253e+00
     vertex -3.721793e+02  2.532454e+02  4.667532e+00
     vertex -3.722791e+02  2.523376e+02  3.226185e+00
   endloop
 endfacet
 facet normal -1.141036e-01  3.197272e-01 -9.406141e-01
   outer loop
     vertex -3.828503e+02  2.496862e+02  2.201798e+00
     vertex -3.776295e+02  2.479101e+02  9.647668e-01
     vertex -3.829329e+02  2.479101e+02  1.608107e+00
   endloop
 endfacet
 facet normal -1.141036e-01  3.197272e-01 -9.406141e-01
   outer loop
     vertex -3.828503e+02  2.496862e+02  2.201798e+00
     vertex -3.775678e+02  2.496862e+02  1.560990e+00
     vertex -3.776295e+02  2.479101e+02  9.647668e-01
   endloop
 endfacet
 facet normal -1.452418e-01  1.009132e-01 -9.842364e-01
   outer loop
     vertex -3.854171e+02  2.479101e+02  1.974698e+00
     vertex -3.829329e+02  2.479101e+02  1.608107e+00
     vertex -3.829543e+02  2.463800e+02  1.454382e+00
   endloop
 endfacet
 facet normal -9.635390e-03  9.937104e-01 -1.115652e-01
   outer loop
     vertex -3.770354e+02  2.538090e+02  6.703273e+00
     vertex -3.768607e+02  2.540000e+02  8.389866e+00
     vertex -3.720681e+02  2.538090e+02  6.274269e+00
   endloop
 endfacet
 facet normal -2.842261e-02  9.438684e-01 -3.290966e-01
   outer loop
     vertex -3.770354e+02  2.538090e+02  6.703273e+00
     vertex -3.720681e+02  2.538090e+02  6.274269e+00
     vertex -3.721793e+02  2.532454e+02  4.667532e+00
   endloop
 endfacet
 facet normal -2.842261e-02  9.438684e-01 -3.290966e-01
   outer loop
     vertex -3.770354e+02  2.538090e+02  6.703273e+00
     vertex -3.721793e+02  2.532454e+02  4.667532e+00
     vertex -3.772012e+02  2.532454e+02  5.101253e+00
   endloop
 endfacet
 facet normal -1.019709e-01  5.319734e-01 -8.405988e-01
   outer loop
     vertex -3.827252e+02  2.511310e+02  3.100961e+00
     vertex -3.774743e+02  2.511310e+02  2.463990e+00
     vertex -3.775678e+02  2.496862e+02  1.560990e+00
   endloop
 endfacet
 facet normal -1.019709e-01  5.319734e-01 -8.405988e-01
   outer loop
     vertex -3.827252e+02  2.511310e+02  3.100961e+00
     vertex -3.775678e+02  2.496862e+02  1.560990e+00
     vertex -3.828503e+02  2.496862e+02  2.201798e+00
   endloop
 endfacet
 facet normal -1.383224e-01  3.197616e-01 -9.373470e-01
   outer loop
     vertex -3.853247e+02  2.496862e+02  2.566945e+00
     vertex -3.828503e+02  2.496862e+02  2.201798e+00
     vertex -3.829329e+02  2.479101e+02  1.608107e+00
   endloop
 endfacet
 facet normal -1.383224e-01  3.197616e-01 -9.373470e-01
   outer loop
     vertex -3.853247e+02  2.496862e+02  2.566945e+00
     vertex -3.829329e+02  2.479101e+02  1.608107e+00
     vertex -3.854171e+02  2.479101e+02  1.974698e+00
   endloop
 endfacet
 facet normal -1.820493e-01  8.211214e-02 -9.798549e-01
   outer loop
     vertex -3.877531e+02  2.479101e+02  2.357741e+00
     vertex -3.933310e+02  2.463800e+02  3.265846e+00
     vertex -3.917619e+02  2.479101e+02  3.102554e+00
   endloop
 endfacet
 facet normal -1.711537e-01  3.493949e-01 -9.212109e-01
   outer loop
     vertex -3.877531e+02  2.479101e+02  2.357741e+00
     vertex -3.917619e+02  2.479101e+02  3.102554e+00
     vertex -3.893101e+02  2.501795e+02  3.507744e+00
   endloop
 endfacet
 facet normal -1.533214e-01  3.197627e-01 -9.350103e-01
   outer loop
     vertex -3.877531e+02  2.479101e+02  2.357741e+00
     vertex -3.853247e+02  2.496862e+02  2.566945e+00
     vertex -3.854171e+02  2.479101e+02  1.974698e+00
   endloop
 endfacet
 facet normal -1.718170e-01  4.221834e-02 -9.842238e-01
   outer loop
     vertex -3.877531e+02  2.479101e+02  2.357741e+00
     vertex -3.829543e+02  2.463800e+02  1.454382e+00
     vertex -3.933310e+02  2.463800e+02  3.265846e+00
   endloop
 endfacet
 facet normal -1.613627e-01  7.490186e-02 -9.840487e-01
   outer loop
     vertex -3.877531e+02  2.479101e+02  2.357741e+00
     vertex -3.854171e+02  2.479101e+02  1.974698e+00
     vertex -3.829543e+02  2.463800e+02  1.454382e+00
   endloop
 endfacet
 facet normal -8.515967e-02  7.070524e-01 -7.020148e-01
   outer loop
     vertex -3.825589e+02  2.523376e+02  4.296010e+00
     vertex -3.774743e+02  2.511310e+02  2.463990e+00
     vertex -3.827252e+02  2.511310e+02  3.100961e+00
   endloop
 endfacet
 facet normal -8.515967e-02  7.070524e-01 -7.020148e-01
   outer loop
     vertex -3.825589e+02  2.523376e+02  4.296010e+00
     vertex -3.773500e+02  2.523376e+02  3.664137e+00
     vertex -3.774743e+02  2.511310e+02  2.463990e+00
   endloop
 endfacet
 facet normal -1.236119e-01  5.320191e-01 -8.376609e-01
   outer loop
     vertex -3.851848e+02  2.511310e+02  3.463922e+00
     vertex -3.827252e+02  2.511310e+02  3.100961e+00
     vertex -3.828503e+02  2.496862e+02  2.201798e+00
   endloop
 endfacet
 facet normal -1.236119e-01  5.320191e-01 -8.376609e-01
   outer loop
     vertex -3.851848e+02  2.511310e+02  3.463922e+00
     vertex -3.828503e+02  2.496862e+02  2.201798e+00
     vertex -3.853247e+02  2.496862e+02  2.566945e+00
   endloop
 endfacet
 facet normal -1.533214e-01  3.197627e-01 -9.350103e-01
   outer loop
     vertex -3.876515e+02  2.496862e+02  2.948479e+00
     vertex -3.853247e+02  2.496862e+02  2.566945e+00
     vertex -3.877531e+02  2.479101e+02  2.357741e+00
   endloop
 endfacet
 facet normal -2.161647e-01  3.192577e-01 -9.226848e-01
   outer loop
     vertex -3.876515e+02  2.496862e+02  2.948479e+00
     vertex -3.877531e+02  2.479101e+02  2.357741e+00
     vertex -3.893101e+02  2.501795e+02  3.507744e+00
   endloop
 endfacet
 facet normal -6.407687e-02  8.466873e-01 -5.282185e-01
   outer loop
     vertex -3.823598e+02  2.532454e+02  5.727020e+00
     vertex -3.773500e+02  2.523376e+02  3.664137e+00
     vertex -3.825589e+02  2.523376e+02  4.296010e+00
   endloop
 endfacet
 facet normal -6.407687e-02  8.466873e-01 -5.282185e-01
   outer loop
     vertex -3.823598e+02  2.532454e+02  5.727020e+00
     vertex -3.772012e+02  2.532454e+02  5.101253e+00
     vertex -3.773500e+02  2.523376e+02  3.664137e+00
   endloop
 endfacet
 facet normal -1.218485e-01  8.002415e-01 -5.871682e-01
   outer loop
     vertex -3.849988e+02  2.523376e+02  4.656066e+00
     vertex -3.873875e+02  2.518470e+02  4.483245e+00
     vertex -3.860781e+02  2.529005e+02  5.647279e+00
   endloop
 endfacet
 facet normal -1.032302e-01  7.070948e-01 -6.995431e-01
   outer loop
     vertex -3.849988e+02  2.523376e+02  4.656066e+00
     vertex -3.825589e+02  2.523376e+02  4.296010e+00
     vertex -3.827252e+02  2.511310e+02  3.100961e+00
   endloop
 endfacet
 facet normal -9.448332e-02  7.070306e-01 -7.008428e-01
   outer loop
     vertex -3.849988e+02  2.523376e+02  4.656066e+00
     vertex -3.851848e+02  2.511310e+02  3.463922e+00
     vertex -3.873875e+02  2.518470e+02  4.483245e+00
   endloop
 endfacet
 facet normal -1.032302e-01  7.070948e-01 -6.995431e-01
   outer loop
     vertex -3.849988e+02  2.523376e+02  4.656066e+00
     vertex -3.827252e+02  2.511310e+02  3.100961e+00
     vertex -3.851848e+02  2.511310e+02  3.463922e+00
   endloop
 endfacet
 facet normal -2.196127e-01  6.687297e-01 -7.103315e-01
   outer loop
     vertex -3.874976e+02  2.511310e+02  3.843173e+00
     vertex -3.893101e+02  2.501795e+02  3.507744e+00
     vertex -3.873875e+02  2.518470e+02  4.483245e+00
   endloop
 endfacet
 facet normal -1.370157e-01  5.320205e-01 -8.355722e-01
   outer loop
     vertex -3.874976e+02  2.511310e+02  3.843173e+00
     vertex -3.851848e+02  2.511310e+02  3.463922e+00
     vertex -3.853247e+02  2.496862e+02  2.566945e+00
   endloop
 endfacet
 facet normal -1.370157e-01  5.320205e-01 -8.355722e-01
   outer loop
     vertex -3.874976e+02  2.511310e+02  3.843173e+00
     vertex -3.853247e+02  2.496862e+02  2.566945e+00
     vertex -3.876515e+02  2.496862e+02  2.948479e+00
   endloop
 endfacet
 facet normal -1.242400e-01  5.319307e-01 -8.376241e-01
   outer loop
     vertex -3.874976e+02  2.511310e+02  3.843173e+00
     vertex -3.876515e+02  2.496862e+02  2.948479e+00
     vertex -3.893101e+02  2.501795e+02  3.507744e+00
   endloop
 endfacet
 facet normal -1.198598e-01  6.718239e-01 -7.309489e-01
   outer loop
     vertex -3.874976e+02  2.511310e+02  3.843173e+00
     vertex -3.873875e+02  2.518470e+02  4.483245e+00
     vertex -3.851848e+02  2.511310e+02  3.463922e+00
   endloop
 endfacet
 facet normal -3.977921e-02  9.438675e-01 -3.279204e-01
   outer loop
     vertex -3.821378e+02  2.538090e+02  7.322235e+00
     vertex -3.770354e+02  2.538090e+02  6.703273e+00
     vertex -3.772012e+02  2.532454e+02  5.101253e+00
   endloop
 endfacet
 facet normal  4.093821e-02  9.978576e-01 -5.103158e-02
   outer loop
     vertex -3.821378e+02  2.538090e+02  7.322235e+00
     vertex -3.844046e+02  2.539744e+02  8.738616e+00
     vertex -3.842665e+02  2.540000e+02  9.350279e+00
   endloop
 endfacet
 facet normal -3.977921e-02  9.438675e-01 -3.279204e-01
   outer loop
     vertex -3.821378e+02  2.538090e+02  7.322235e+00
     vertex -3.772012e+02  2.532454e+02  5.101253e+00
     vertex -3.823598e+02  2.532454e+02  5.727020e+00
   endloop
 endfacet
 facet normal -1.405704e-02  9.940086e-01 -1.083941e-01
   outer loop
     vertex -3.821378e+02  2.538090e+02  7.322235e+00
     vertex -3.842665e+02  2.540000e+02  9.350279e+00
     vertex -3.768607e+02  2.540000e+02  8.389866e+00
   endloop
 endfacet
 facet normal -1.348534e-02  9.937103e-01 -1.111665e-01
   outer loop
     vertex -3.821378e+02  2.538090e+02  7.322235e+00
     vertex -3.768607e+02  2.540000e+02  8.389866e+00
     vertex -3.770354e+02  2.538090e+02  6.703273e+00
   endloop
 endfacet
 facet normal -1.085753e-01  9.115777e-01 -3.965317e-01
   outer loop
     vertex -3.847761e+02  2.532454e+02  6.083597e+00
     vertex -3.860781e+02  2.529005e+02  5.647279e+00
     vertex -3.851553e+02  2.535665e+02  6.925575e+00
   endloop
 endfacet
 facet normal -7.767168e-02  8.467160e-01 -5.263450e-01
   outer loop
     vertex -3.847761e+02  2.532454e+02  6.083597e+00
     vertex -3.823598e+02  2.532454e+02  5.727020e+00
     vertex -3.825589e+02  2.523376e+02  4.296010e+00
   endloop
 endfacet
 facet normal -7.767168e-02  8.467160e-01 -5.263450e-01
   outer loop
     vertex -3.847761e+02  2.532454e+02  6.083597e+00
     vertex -3.825589e+02  2.523376e+02  4.296010e+00
     vertex -3.849988e+02  2.523376e+02  4.656066e+00
   endloop
 endfacet
 facet normal -4.821792e-02  9.438798e-01 -3.267505e-01
   outer loop
     vertex -3.847761e+02  2.532454e+02  6.083597e+00
     vertex -3.821378e+02  2.538090e+02  7.322235e+00
     vertex -3.823598e+02  2.532454e+02  5.727020e+00
   endloop
 endfacet
 facet normal -4.621916e-02  8.461702e-01 -5.309046e-01
   outer loop
     vertex -3.847761e+02  2.532454e+02  6.083597e+00
     vertex -3.849988e+02  2.523376e+02  4.656066e+00
     vertex -3.860781e+02  2.529005e+02  5.647279e+00
   endloop
 endfacet
 facet normal -1.339900e-01  9.702279e-01 -2.017536e-01
   outer loop
     vertex -3.845279e+02  2.538090e+02  7.674934e+00
     vertex -3.851553e+02  2.535665e+02  6.925575e+00
     vertex -3.845896e+02  2.538990e+02  8.149081e+00
   endloop
 endfacet
 facet normal  1.366504e-01  9.763244e-01 -1.676823e-01
   outer loop
     vertex -3.845279e+02  2.538090e+02  7.674934e+00
     vertex -3.845896e+02  2.538990e+02  8.149081e+00
     vertex -3.844046e+02  2.539744e+02  8.738616e+00
   endloop
 endfacet
 facet normal -2.230048e-02  9.882638e-01 -1.511200e-01
   outer loop
     vertex -3.845279e+02  2.538090e+02  7.674934e+00
     vertex -3.844046e+02  2.539744e+02  8.738616e+00
     vertex -3.821378e+02  2.538090e+02  7.322235e+00
   endloop
 endfacet
 facet normal -4.821792e-02  9.438798e-01 -3.267505e-01
   outer loop
     vertex -3.845279e+02  2.538090e+02  7.674934e+00
     vertex -3.821378e+02  2.538090e+02  7.322235e+00
     vertex -3.847761e+02  2.532454e+02  6.083597e+00
   endloop
 endfacet
 facet normal  4.216834e-02  9.397062e-01 -3.393731e-01
   outer loop
     vertex -3.845279e+02  2.538090e+02  7.674934e+00
     vertex -3.847761e+02  2.532454e+02  6.083597e+00
     vertex -3.851553e+02  2.535665e+02  6.925575e+00
   endloop
 endfacet
 facet normal  7.753419e-17  6.735132e-02 -9.977293e-01
   outer loop
     vertex  3.199590e+01  2.474041e+02  6.913170e-02
     vertex  3.302000e+01  2.463800e+02  0.000000e+00
     vertex -3.619500e+02  2.463800e+02  0.000000e+00
   endloop
 endfacet
 facet normal -1.166815e-04  1.119645e-01 -9.937122e-01
   outer loop
     vertex  3.199590e+01  2.474041e+02  6.913170e-02
     vertex -3.619500e+02  2.463800e+02  0.000000e+00
     vertex -3.619500e+02  2.480756e+02  1.910493e-01
   endloop
 endfacet
 facet normal -8.637216e-05  3.302791e-01 -9.438833e-01
   outer loop
     vertex  3.094333e+01  2.484567e+02  2.884339e-01
     vertex -3.619500e+02  2.480756e+02  1.910493e-01
     vertex -3.619500e+02  2.496862e+02  7.546172e-01
   endloop
 endfacet
 facet normal  4.478527e-05  2.040137e-01 -9.789680e-01
   outer loop
     vertex  3.094333e+01  2.484567e+02  2.884339e-01
     vertex  3.199590e+01  2.474041e+02  6.913170e-02
     vertex -3.619500e+02  2.480756e+02  1.910493e-01
   endloop
 endfacet
 facet normal -9.882758e-05  5.320321e-01 -8.467242e-01
   outer loop
     vertex  2.928861e+01  2.501114e+02  9.761197e-01
     vertex -3.619500e+02  2.496862e+02  7.546172e-01
     vertex -3.619500e+02  2.511310e+02  1.662444e+00
   endloop
 endfacet
 facet normal  1.056125e-04  3.838580e-01 -9.233921e-01
   outer loop
     vertex  2.928861e+01  2.501114e+02  9.761197e-01
     vertex  3.094333e+01  2.484567e+02  2.884339e-01
     vertex -3.619500e+02  2.496862e+02  7.546172e-01
   endloop
 endfacet
 facet normal  3.282006e-05  5.670418e-01 -8.236890e-01
   outer loop
     vertex  2.814589e+01  2.512541e+02  1.762745e+00
     vertex  2.928861e+01  2.501114e+02  9.761197e-01
     vertex -3.619500e+02  2.511310e+02  1.662444e+00
   endloop
 endfacet
 facet normal -3.944919e-05  7.071068e-01 -7.071068e-01
   outer loop
     vertex  2.715728e+01  2.522427e+02  2.752466e+00
     vertex -3.619500e+02  2.511310e+02  1.662444e+00
     vertex -3.619500e+02  2.523376e+02  2.869008e+00
   endloop
 endfacet
 facet normal -4.157718e-05  7.074828e-01 -7.067306e-01
   outer loop
     vertex  2.715728e+01  2.522427e+02  2.752466e+00
     vertex  2.814589e+01  2.512541e+02  1.762745e+00
     vertex -3.619500e+02  2.511310e+02  1.662444e+00
   endloop
 endfacet
 facet normal -9.849110e-05  8.467242e-01 -5.320321e-01
   outer loop
     vertex  2.637200e+01  2.530280e+02  3.895948e+00
     vertex -3.619500e+02  2.523376e+02  2.869008e+00
     vertex -3.619500e+02  2.532454e+02  4.313806e+00
   endloop
 endfacet
 facet normal  3.136102e-05  8.243451e-01 -5.660876e-01
   outer loop
     vertex  2.637200e+01  2.530280e+02  3.895948e+00
     vertex  2.715728e+01  2.522427e+02  2.752466e+00
     vertex -3.619500e+02  2.523376e+02  2.869008e+00
   endloop
 endfacet
 facet normal -1.234189e-04  9.438833e-01 -3.302791e-01
   outer loop
     vertex  2.581810e+01  2.535819e+02  5.130627e+00
     vertex -3.619500e+02  2.532454e+02  4.313806e+00
     vertex -3.619500e+02  2.538090e+02  5.924390e+00
   endloop
 endfacet
 facet normal  7.034787e-05  9.124018e-01 -4.092956e-01
   outer loop
     vertex  2.581810e+01  2.535819e+02  5.130627e+00
     vertex  2.637200e+01  2.530280e+02  3.895948e+00
     vertex -3.619500e+02  2.532454e+02  4.313806e+00
   endloop
 endfacet
 facet normal -9.932686e-05  9.937122e-01 -1.119645e-01
   outer loop
     vertex  2.549971e+01  2.539003e+02  6.391315e+00
     vertex -3.619500e+02  2.538090e+02  5.924390e+00
     vertex -3.619500e+02  2.540000e+02  7.620000e+00
   endloop
 endfacet
 facet normal  6.650262e-05  9.695625e-01 -2.448441e-01
   outer loop
     vertex  2.549971e+01  2.539003e+02  6.391315e+00
     vertex  2.581810e+01  2.535819e+02  5.130627e+00
     vertex -3.619500e+02  2.538090e+02  5.924390e+00
   endloop
 endfacet
 facet normal -2.967546e-18  9.967232e-01 -8.088740e-02
   outer loop
     vertex  2.540000e+01  2.540000e+02  7.620000e+00
     vertex  2.549971e+01  2.539003e+02  6.391315e+00
     vertex -3.619500e+02  2.540000e+02  7.620000e+00
   endloop
 endfacet
 facet normal  0.000000e+00  4.163590e-16 -1.000000e+00
   outer loop
     vertex  5.143500e+02  4.826000e+02  9.525000e+02
     vertex -5.143500e+02  1.028700e+03  9.525000e+02
     vertex  5.143500e+02  1.028700e+03  9.525000e+02
   endloop
 endfacet
 facet normal  0.000000e+00  4.163590e-16 -1.000000e+00
   outer loop
     vertex  5.143500e+02  4.826000e+02  9.525000e+02
     vertex -5.143500e+02  4.826000e+02  9.525000e+02
     vertex -5.143500e+02  1.028700e+03  9.525000e+02
   endloop
 endfacet
 facet normal  0.000000e+00  0.000000e+00 -1.000000e+00
   outer loop
     vertex  5.143500e+02  1.905000e+02  9.525000e+02
     vertex -5.143500e+02  1.905000e+02  9.525000e+02
     vertex -5.143500e+02  4.826000e+02  9.525000e+02
   endloop
 endfacet
 facet normal  0.000000e+00  0.000000e+00 -1.000000e+00
   outer loop
     vertex  5.143500e+02  1.905000e+02  9.525000e+02
     vertex -5.143500e+02  4.826000e+02  9.525000e+02
     vertex  5.143500e+02  4.826000e+02  9.525000e+02
   endloop
 endfacet
 facet normal  0.000000e+00 -1.000000e+00 -0.000000e+00
   outer loop
     vertex  5.143500e+02  1.028700e+03  9.525000e+02
     vertex -5.143500e+02  1.028700e+03  4.445000e+02
     vertex  5.143500e+02  1.028700e+03  4.445000e+02
   endloop
 endfacet
 facet normal -0.000000e+00 -1.000000e+00  0.000000e+00
   outer loop
     vertex  5.143500e+02  1.028700e+03  9.525000e+02
     vertex -5.143500e+02  1.028700e+03  9.525000e+02
     vertex -5.143500e+02  1.028700e+03  4.445000e+02
   endloop
 endfacet
 facet normal  0.000000e+00  0.000000e+00  1.000000e+00
   outer loop
     vertex  5.143500e+02  4.826000e+02  4.445000e+02
     vertex -5.143500e+02  1.905000e+02  4.445000e+02
     vertex  5.143500e+02  1.905000e+02  4.445000e+02
   endloop
 endfacet
 facet normal  0.000000e+00  0.000000e+00  1.000000e+00
   outer loop
     vertex  5.143500e+02  4.826000e+02  4.445000e+02
     vertex -5.143500e+02  4.826000e+02  4.445000e+02
     vertex -5.143500e+02  1.905000e+02  4.445000e+02
   endloop
 endfacet
 facet normal -1.105151e-16  0.000000e+00  1.000000e+00
   outer loop
     vertex  5.143500e+02  1.028700e+03  4.445000e+02
     vertex -5.143500e+02  1.028700e+03  4.445000e+02
     vertex -5.143500e+02  4.826000e+02  4.445000e+02
   endloop
 endfacet
 facet normal -6.902091e-32 -2.081795e-16  1.000000e+00
   outer loop
     vertex  5.143500e+02  1.028700e+03  4.445000e+02
     vertex -5.143500e+02  4.826000e+02  4.445000e+02
     vertex  5.143500e+02  4.826000e+02  4.445000e+02
   endloop
 endfacet
 facet normal  0.000000e+00  1.000000e+00 -0.000000e+00
   outer loop
     vertex  5.143500e+02  1.905000e+02  4.445000e+02
     vertex -5.143500e+02  1.905000e+02  9.525000e+02
     vertex  5.143500e+02  1.905000e+02  9.525000e+02
   endloop
 endfacet
 facet normal  0.000000e+00  1.000000e+00  0.000000e+00
   outer loop
     vertex  5.143500e+02  1.905000e+02  4.445000e+02
     vertex -5.143500e+02  1.905000e+02  4.445000e+02
     vertex -5.143500e+02  1.905000e+02  9.525000e+02
   endloop
 endfacet
 facet normal -2.166087e-16 -1.000000e+00  1.197154e-16
   outer loop
     vertex  3.365500e+02  1.397000e+02  2.667000e+02
     vertex  4.909908e+02  1.397000e+02  7.131831e+01
     vertex  4.992577e+02  1.397000e+02  8.627612e+01
   endloop
 endfacet
 facet normal -1.939575e-16 -1.000000e+00  1.376202e-16
   outer loop
     vertex  3.365500e+02  1.397000e+02  2.667000e+02
     vertex  4.811011e+02  1.397000e+02  5.738015e+01
     vertex  4.909908e+02  1.397000e+02  7.131831e+01
   endloop
 endfacet
 facet normal -1.714161e-16 -1.000000e+00  1.531868e-16
   outer loop
     vertex  3.365500e+02  1.397000e+02  2.667000e+02
     vertex  4.697131e+02  1.397000e+02  4.463693e+01
     vertex  4.811011e+02  1.397000e+02  5.738015e+01
   endloop
 endfacet
 facet normal -1.489405e-16 -1.000000e+00  1.666645e-16
   outer loop
     vertex  3.365500e+02  1.397000e+02  2.667000e+02
     vertex  4.569698e+02  1.397000e+02  3.324888e+01
     vertex  4.697131e+02  1.397000e+02  4.463693e+01
   endloop
 endfacet
 facet normal -1.264765e-16 -1.000000e+00  1.782520e-16
   outer loop
     vertex  3.365500e+02  1.397000e+02  2.667000e+02
     vertex  4.430317e+02  1.397000e+02  2.335923e+01
     vertex  4.569698e+02  1.397000e+02  3.324888e+01
   endloop
 endfacet
 facet normal -1.039615e-16 -1.000000e+00  1.881042e-16
   outer loop
     vertex  3.365500e+02  1.397000e+02  2.667000e+02
     vertex  4.280739e+02  1.397000e+02  1.509234e+01
     vertex  4.430317e+02  1.397000e+02  2.335923e+01
   endloop
 endfacet
 facet normal -8.132589e-17 -1.000000e+00  1.963381e-16
   outer loop
     vertex  3.365500e+02  1.397000e+02  2.667000e+02
     vertex  4.122845e+02  1.397000e+02  8.552180e+00
     vertex  4.280739e+02  1.397000e+02  1.509234e+01
   endloop
 endfacet
 facet normal -5.849380e-17 -1.000000e+00  2.030365e-16
   outer loop
     vertex  3.365500e+02  1.397000e+02  2.667000e+02
     vertex  3.958622e+02  1.397000e+02  3.820986e+00
     vertex  4.122845e+02  1.397000e+02  8.552180e+00
   endloop
 endfacet
 facet normal -3.538323e-17 -1.000000e+00  2.082508e-16
   outer loop
     vertex  3.365500e+02  1.397000e+02  2.667000e+02
     vertex  3.790134e+02  1.397000e+02  9.582592e-01
     vertex  3.958622e+02  1.397000e+02  3.820986e+00
   endloop
 endfacet
 facet normal -1.190579e-17 -1.000000e+00  2.120023e-16
   outer loop
     vertex  3.365500e+02  1.397000e+02  2.667000e+02
     vertex  3.619500e+02  1.397000e+02  2.775558e-14
     vertex  3.790134e+02  1.397000e+02  9.582592e-01
   endloop
 endfacet
 facet normal -2.237930e-15 -1.000000e+00 -0.000000e+00
   outer loop
     vertex  3.365500e+02  1.397000e+02  2.667000e+02
     vertex  3.365500e+02  1.397000e+02  1.710832e-14
     vertex  3.619500e+02  1.397000e+02  2.775558e-14
   endloop
 endfacet
 facet normal -2.393995e-16 -1.000000e+00  9.916252e-17
   outer loop
     vertex  5.057978e+02  1.397000e+02  1.020655e+02
     vertex  3.365500e+02  1.397000e+02  2.667000e+02
     vertex  4.992577e+02  1.397000e+02  8.627612e+01
   endloop
 endfacet
 facet normal -2.623403e-16 -1.000000e+00  7.557893e-17
   outer loop
     vertex  5.105290e+02  1.397000e+02  1.184878e+02
     vertex  3.365500e+02  1.397000e+02  2.667000e+02
     vertex  5.057978e+02  1.397000e+02  1.020655e+02
   endloop
 endfacet
 facet normal -2.854140e-16 -1.000000e+00  4.849379e-17
   outer loop
     vertex  5.133917e+02  1.397000e+02  1.353366e+02
     vertex  3.365500e+02  1.397000e+02  2.667000e+02
     vertex  5.105290e+02  1.397000e+02  1.184878e+02
   endloop
 endfacet
 facet normal  2.066935e-15 -1.000000e+00  3.215233e-15
   outer loop
     vertex  5.143500e+02  1.397000e+02  1.524000e+02
     vertex  3.365500e+02  1.397000e+02  2.667000e+02
     vertex  5.133917e+02  1.397000e+02  1.353366e+02
   endloop
 endfacet
 facet normal -0.000000e+00 -1.000000e+00 -0.000000e+00
   outer loop
     vertex  5.143500e+02  1.397000e+02  2.667000e+02
     vertex  3.365500e+02  1.397000e+02  2.667000e+02
     vertex  5.143500e+02  1.397000e+02  1.524000e+02
   endloop
 endfacet
 facet normal  2.016095e-15 -2.631174e-01 -9.647638e-01
   outer loop
     vertex  5.067300e+02 -3.989864e-14  3.048000e+02
     vertex  5.143500e+02  1.397000e+02  2.667000e+02
     vertex  5.143500e+02  7.620000e+00  3.027218e+02
   endloop
 endfacet
 facet normal  0.000000e+00 -2.631174e-01 -9.647638e-01
   outer loop
     vertex  5.067300e+02 -3.989864e-14  3.048000e+02
     vertex  3.365500e+02  1.397000e+02  2.667000e+02
     vertex  5.143500e+02  1.397000e+02  2.667000e+02
   endloop
 endfacet
 facet normal -6.168778e-17 -2.631174e-01 -9.647638e-01
   outer loop
     vertex  5.067300e+02 -3.989864e-14  3.048000e+02
     vertex  3.365500e+02  0.000000e+00  3.048000e+02
     vertex  3.365500e+02  1.397000e+02  2.667000e+02
   endloop
 endfacet
 facet normal  2.350129e-14 -2.631174e-01 -9.647638e-01
   outer loop
     vertex  5.141196e+02  5.760322e+00  3.032290e+02
     vertex  5.067300e+02 -3.989864e-14  3.048000e+02
     vertex  5.143500e+02  7.620000e+00  3.027218e+02
   endloop
 endfacet
 facet normal -9.455928e-14 -2.631174e-01 -9.647638e-01
   outer loop
     vertex  5.083244e+02  1.686816e-01  3.047540e+02
     vertex  5.075168e+02  4.072430e-02  3.047889e+02
     vertex  5.067300e+02 -3.989864e-14  3.048000e+02
   endloop
 endfacet
 facet normal  5.369632e-14 -2.631174e-01 -9.647638e-01
   outer loop
     vertex  5.098523e+02  6.690385e-01  3.046175e+02
     vertex  5.083244e+02  1.686816e-01  3.047540e+02
     vertex  5.067300e+02 -3.989864e-14  3.048000e+02
   endloop
 endfacet
 facet normal -9.849183e-15 -2.631174e-01 -9.647638e-01
   outer loop
     vertex  5.134750e+02  4.074604e+00  3.036887e+02
     vertex  5.067300e+02 -3.989864e-14  3.048000e+02
     vertex  5.141196e+02  5.760322e+00  3.032290e+02
   endloop
 endfacet
 facet normal -3.178885e-17 -2.631174e-01 -9.647638e-01
   outer loop
     vertex  5.112931e+02  1.517372e+00  3.043862e+02
     vertex  5.098523e+02  6.690385e-01  3.046175e+02
     vertex  5.067300e+02 -3.989864e-14  3.048000e+02
   endloop
 endfacet
 facet normal -8.277991e-15 -2.631174e-01 -9.647638e-01
   outer loop
     vertex  5.125317e+02  2.679895e+00  3.040691e+02
     vertex  5.067300e+02 -3.989864e-14  3.048000e+02
     vertex  5.134750e+02  4.074604e+00  3.036887e+02
   endloop
 endfacet
 facet normal  3.105037e-14 -2.631174e-01 -9.647638e-01
   outer loop
     vertex  5.125317e+02  2.679895e+00  3.040691e+02
     vertex  5.112931e+02  1.517372e+00  3.043862e+02
     vertex  5.067300e+02 -3.989864e-14  3.048000e+02
   endloop
 endfacet
 facet normal  1.000000e+00  0.000000e+00 -0.000000e+00
   outer loop
     vertex  3.365500e+02  1.734723e-15  7.620000e+00
     vertex  3.365500e+02  1.397000e+02  2.667000e+02
     vertex  3.365500e+02  0.000000e+00  3.048000e+02
   endloop
 endfacet
 facet normal  1.000000e+00  0.000000e+00  0.000000e+00
   outer loop
     vertex  3.365500e+02  1.662444e+00  2.869008e+00
     vertex  3.365500e+02  1.910493e-01  5.924390e+00
     vertex  3.365500e+02  7.546172e-01  4.313806e+00
   endloop
 endfacet
 facet normal  1.000000e+00  0.000000e+00  0.000000e+00
   outer loop
     vertex  3.365500e+02  1.662444e+00  2.869008e+00
     vertex  3.365500e+02  1.734723e-15  7.620000e+00
     vertex  3.365500e+02  1.910493e-01  5.924390e+00
   endloop
 endfacet
 facet normal  1.000000e+00  0.000000e+00  0.000000e+00
   outer loop
     vertex  3.365500e+02  7.620000e+00  8.673617e-16
     vertex  3.365500e+02  4.313806e+00  7.546172e-01
     vertex  3.365500e+02  5.924390e+00  1.910493e-01
   endloop
 endfacet
 facet normal  1.000000e+00  0.000000e+00  0.000000e+00
   outer loop
     vertex  3.365500e+02  7.620000e+00  8.673617e-16
     vertex  3.365500e+02  2.869008e+00  1.662444e+00
     vertex  3.365500e+02  4.313806e+00  7.546172e-01
   endloop
 endfacet
 facet normal  1.000000e+00  0.000000e+00  0.000000e+00
   outer loop
     vertex  3.365500e+02  7.620000e+00  8.673617e-16
     vertex  3.365500e+02  1.662444e+00  2.869008e+00
     vertex  3.365500e+02  2.869008e+00  1.662444e+00
   endloop
 endfacet
 facet normal  1.000000e+00  0.000000e+00  0.000000e+00
   outer loop
     vertex  3.365500e+02  7.620000e+00  8.673617e-16
     vertex  3.365500e+02  1.734723e-15  7.620000e+00
     vertex  3.365500e+02  1.662444e+00  2.869008e+00
   endloop
 endfacet
 facet normal  1.000000e+00  0.000000e+00 -0.000000e+00
   outer loop
     vertex  3.365500e+02  1.397000e+02  1.710832e-14
     vertex  3.365500e+02  1.397000e+02  2.667000e+02
     vertex  3.365500e+02  1.734723e-15  7.620000e+00
   endloop
 endfacet
 facet normal  1.000000e+00  0.000000e+00  0.000000e+00
   outer loop
     vertex  3.365500e+02  1.397000e+02  1.710832e-14
     vertex  3.365500e+02  1.734723e-15  7.620000e+00
     vertex  3.365500e+02  7.620000e+00  8.673617e-16
   endloop
 endfacet
 facet normal -2.066935e-15 -1.000000e+00  3.215233e-15
   outer loop
     vertex -3.365500e+02  1.397000e+02  2.667000e+02
     vertex -5.143500e+02  1.397000e+02  1.524000e+02
     vertex -5.133917e+02  1.397000e+02  1.353366e+02
   endloop
 endfacet
 facet normal  2.854140e-16 -1.000000e+00  4.849379e-17
   outer loop
     vertex -3.365500e+02  1.397000e+02  2.667000e+02
     vertex -5.133917e+02  1.397000e+02  1.353366e+02
     vertex -5.105290e+02  1.397000e+02  1.184878e+02
   endloop
 endfacet
 facet normal  2.623403e-16 -1.000000e+00  7.557893e-17
   outer loop
     vertex -3.365500e+02  1.397000e+02  2.667000e+02
     vertex -5.105290e+02  1.397000e+02  1.184878e+02
     vertex -5.057978e+02  1.397000e+02  1.020655e+02
   endloop
 endfacet
 facet normal -0.000000e+00 -1.000000e+00  0.000000e+00
   outer loop
     vertex -3.365500e+02  1.397000e+02  2.667000e+02
     vertex -5.143500e+02  1.397000e+02  2.667000e+02
     vertex -5.143500e+02  1.397000e+02  1.524000e+02
   endloop
 endfacet
 facet normal  2.393995e-16 -1.000000e+00  9.916252e-17
   outer loop
     vertex -4.992577e+02  1.397000e+02  8.627612e+01
     vertex -3.365500e+02  1.397000e+02  2.667000e+02
     vertex -5.057978e+02  1.397000e+02  1.020655e+02
   endloop
 endfacet
 facet normal  2.166087e-16 -1.000000e+00  1.197154e-16
   outer loop
     vertex -4.909908e+02  1.397000e+02  7.131831e+01
     vertex -3.365500e+02  1.397000e+02  2.667000e+02
     vertex -4.992577e+02  1.397000e+02  8.627612e+01
   endloop
 endfacet
 facet normal  1.939575e-16 -1.000000e+00  1.376202e-16
   outer loop
     vertex -4.811011e+02  1.397000e+02  5.738015e+01
     vertex -3.365500e+02  1.397000e+02  2.667000e+02
     vertex -4.909908e+02  1.397000e+02  7.131831e+01
   endloop
 endfacet
 facet normal  1.714161e-16 -1.000000e+00  1.531868e-16
   outer loop
     vertex -4.697131e+02  1.397000e+02  4.463693e+01
     vertex -3.365500e+02  1.397000e+02  2.667000e+02
     vertex -4.811011e+02  1.397000e+02  5.738015e+01
   endloop
 endfacet
 facet normal  1.489405e-16 -1.000000e+00  1.666645e-16
   outer loop
     vertex -4.569698e+02  1.397000e+02  3.324888e+01
     vertex -3.365500e+02  1.397000e+02  2.667000e+02
     vertex -4.697131e+02  1.397000e+02  4.463693e+01
   endloop
 endfacet
 facet normal  1.264765e-16 -1.000000e+00  1.782520e-16
   outer loop
     vertex -4.430317e+02  1.397000e+02  2.335923e+01
     vertex -3.365500e+02  1.397000e+02  2.667000e+02
     vertex -4.569698e+02  1.397000e+02  3.324888e+01
   endloop
 endfacet
 facet normal  1.039615e-16 -1.000000e+00  1.881042e-16
   outer loop
     vertex -4.280739e+02  1.397000e+02  1.509234e+01
     vertex -3.365500e+02  1.397000e+02  2.667000e+02
     vertex -4.430317e+02  1.397000e+02  2.335923e+01
   endloop
 endfacet
 facet normal  8.132589e-17 -1.000000e+00  1.963381e-16
   outer loop
     vertex -4.122845e+02  1.397000e+02  8.552180e+00
     vertex -3.365500e+02  1.397000e+02  2.667000e+02
     vertex -4.280739e+02  1.397000e+02  1.509234e+01
   endloop
 endfacet
 facet normal  5.849380e-17 -1.000000e+00  2.030365e-16
   outer loop
     vertex -3.958622e+02  1.397000e+02  3.820986e+00
     vertex -3.365500e+02  1.397000e+02  2.667000e+02
     vertex -4.122845e+02  1.397000e+02  8.552180e+00
   endloop
 endfacet
 facet normal  3.538323e-17 -1.000000e+00  2.082508e-16
   outer loop
     vertex -3.790134e+02  1.397000e+02  9.582592e-01
     vertex -3.365500e+02  1.397000e+02  2.667000e+02
     vertex -3.958622e+02  1.397000e+02  3.820986e+00
   endloop
 endfacet
 facet normal  3.313587e-15 -1.000000e+00 -3.155797e-16
   outer loop
     vertex -3.619500e+02  1.397000e+02  1.710832e-14
     vertex -3.365500e+02  1.397000e+02  2.667000e+02
     vertex -3.790134e+02  1.397000e+02  9.582592e-01
   endloop
 endfacet
 facet normal  0.000000e+00 -1.000000e+00  0.000000e+00
   outer loop
     vertex -3.365500e+02  1.397000e+02  1.710832e-14
     vertex -3.365500e+02  1.397000e+02  2.667000e+02
     vertex -3.619500e+02  1.397000e+02  1.710832e-14
   endloop
 endfacet
 facet normal -2.518647e-14 -2.631174e-01 -9.647638e-01
   outer loop
     vertex -5.067300e+02  0.000000e+00  3.048000e+02
     vertex -5.134750e+02  4.074604e+00  3.036887e+02
     vertex -5.141196e+02  5.760322e+00  3.032290e+02
   endloop
 endfacet
 facet normal  3.549910e-14 -2.631174e-01 -9.647638e-01
   outer loop
     vertex -5.067300e+02  0.000000e+00  3.048000e+02
     vertex -5.125317e+02  2.679895e+00  3.040691e+02
     vertex -5.134750e+02  4.074604e+00  3.036887e+02
   endloop
 endfacet
 facet normal -3.033118e-14 -2.631174e-01 -9.647638e-01
   outer loop
     vertex -5.067300e+02  0.000000e+00  3.048000e+02
     vertex -5.112931e+02  1.517372e+00  3.043862e+02
     vertex -5.125317e+02  2.679895e+00  3.040691e+02
   endloop
 endfacet
 facet normal -4.835084e-14 -2.631174e-01 -9.647638e-01
   outer loop
     vertex -5.067300e+02  0.000000e+00  3.048000e+02
     vertex -5.098523e+02  6.690385e-01  3.046175e+02
     vertex -5.112931e+02  1.517372e+00  3.043862e+02
   endloop
 endfacet
 facet normal  3.237025e-14 -2.631174e-01 -9.647638e-01
   outer loop
     vertex -5.067300e+02  0.000000e+00  3.048000e+02
     vertex -5.083244e+02  1.686816e-01  3.047540e+02
     vertex -5.098523e+02  6.690385e-01  3.046175e+02
   endloop
 endfacet
 facet normal -2.098231e-13 -2.631174e-01 -9.647638e-01
   outer loop
     vertex -5.067300e+02  0.000000e+00  3.048000e+02
     vertex -5.075168e+02  4.072430e-02  3.047889e+02
     vertex -5.083244e+02  1.686816e-01  3.047540e+02
   endloop
 endfacet
 facet normal -2.218991e-14 -2.631174e-01 -9.647638e-01
   outer loop
     vertex -5.143500e+02  7.620000e+00  3.027218e+02
     vertex -5.067300e+02  0.000000e+00  3.048000e+02
     vertex -5.141196e+02  5.760322e+00  3.032290e+02
   endloop
 endfacet
 facet normal -8.718247e-16 -2.631174e-01 -9.647638e-01
   outer loop
     vertex -5.143500e+02  1.397000e+02  2.667000e+02
     vertex -5.067300e+02  0.000000e+00  3.048000e+02
     vertex -5.143500e+02  7.620000e+00  3.027218e+02
   endloop
 endfacet
 facet normal  0.000000e+00 -2.631174e-01 -9.647638e-01
   outer loop
     vertex -3.365500e+02  1.397000e+02  2.667000e+02
     vertex -3.365500e+02  0.000000e+00  3.048000e+02
     vertex -5.067300e+02  0.000000e+00  3.048000e+02
   endloop
 endfacet
 facet normal -0.000000e+00 -2.631174e-01 -9.647638e-01
   outer loop
     vertex -3.365500e+02  1.397000e+02  2.667000e+02
     vertex -5.067300e+02  0.000000e+00  3.048000e+02
     vertex -5.143500e+02  1.397000e+02  2.667000e+02
   endloop
 endfacet
 facet normal -1.000000e+00  0.000000e+00  0.000000e+00
   outer loop
     vertex -3.365500e+02  0.000000e+00  7.620000e+00
     vertex -3.365500e+02  0.000000e+00  3.048000e+02
     vertex -3.365500e+02  1.397000e+02  2.667000e+02
   endloop
 endfacet
 facet normal -1.000000e+00  0.000000e+00  0.000000e+00
   outer loop
     vertex -3.365500e+02  0.000000e+00  7.620000e+00
     vertex -3.365500e+02  1.397000e+02  2.667000e+02
     vertex -3.365500e+02  1.397000e+02  1.710832e-14
   endloop
 endfacet
 facet normal -1.000000e+00  0.000000e+00  0.000000e+00
   outer loop
     vertex -3.365500e+02  7.620000e+00  9.331809e-16
     vertex -3.365500e+02  0.000000e+00  7.620000e+00
     vertex -3.365500e+02  1.397000e+02  1.710832e-14
   endloop
 endfacet
 facet normal -1.000000e+00  0.000000e+00  0.000000e+00
   outer loop
     vertex -3.365500e+02  5.924390e+00  1.910493e-01
     vertex -3.365500e+02  1.910493e-01  5.924390e+00
     vertex -3.365500e+02  0.000000e+00  7.620000e+00
   endloop
 endfacet
 facet normal -1.000000e+00  0.000000e+00  0.000000e+00
   outer loop
     vertex -3.365500e+02  5.924390e+00  1.910493e-01
     vertex -3.365500e+02  0.000000e+00  7.620000e+00
     vertex -3.365500e+02  7.620000e+00  9.331809e-16
   endloop
 endfacet
 facet normal -1.000000e+00  0.000000e+00  0.000000e+00
   outer loop
     vertex -3.365500e+02  1.662444e+00  2.869008e+00
     vertex -3.365500e+02  7.546172e-01  4.313806e+00
     vertex -3.365500e+02  1.910493e-01  5.924390e+00
   endloop
 endfacet
 facet normal -1.000000e+00  0.000000e+00  0.000000e+00
   outer loop
     vertex -3.365500e+02  2.869008e+00  1.662444e+00
     vertex -3.365500e+02  5.924390e+00  1.910493e-01
     vertex -3.365500e+02  4.313806e+00  7.546172e-01
   endloop
 endfacet
 facet normal -1.000000e+00  0.000000e+00  0.000000e+00
   outer loop
     vertex -3.365500e+02  2.869008e+00  1.662444e+00
     vertex -3.365500e+02  1.910493e-01  5.924390e+00
     vertex -3.365500e+02  5.924390e+00  1.910493e-01
   endloop
 endfacet
 facet normal -1.000000e+00  0.000000e+00  0.000000e+00
   outer loop
     vertex -3.365500e+02  2.869008e+00  1.662444e+00
     vertex -3.365500e+02  1.662444e+00  2.869008e+00
     vertex -3.365500e+02  1.910493e-01  5.924390e+00
   endloop
 endfacet
 facet normal  0.000000e+00  1.000000e+00  0.000000e+00
   outer loop
     vertex -4.809438e+02  1.778000e+02  1.117600e+03
     vertex -4.445000e+02  1.778000e+02  9.652000e+02
     vertex -4.826000e+02  1.778000e+02  9.652000e+02
   endloop
 endfacet
 facet normal  0.000000e+00  1.000000e+00  0.000000e+00
   outer loop
     vertex -4.809438e+02  1.778000e+02  1.117600e+03
     vertex -4.826000e+02  1.778000e+02  9.652000e+02
     vertex -4.826000e+02  1.778000e+02  1.117600e+03
   endloop
 endfacet
 facet normal  0.000000e+00  1.000000e+00  0.000000e+00
   outer loop
     vertex -4.445000e+02  1.778000e+02  1.117600e+03
     vertex -4.445000e+02  1.778000e+02  9.652000e+02
     vertex -4.809438e+02  1.778000e+02  1.117600e+03
   endloop
 endfacet
 facet normal  0.000000e+00 -1.000000e+00  0.000000e+00
   outer loop
     vertex -5.397500e+02  5.080000e+01  1.168400e+03
     vertex -4.445000e+02  5.080000e+01  1.346200e+03
     vertex -4.826000e+02  5.080000e+01  1.346200e+03
   endloop
 endfacet
 facet normal  0.000000e+00 -1.000000e+00  0.000000e+00
   outer loop
     vertex -4.445000e+02  5.080000e+01  9.652000e+02
     vertex -5.397500e+02  5.080000e+01  1.168400e+03
     vertex -5.397500e+02  5.080000e+01  9.652000e+02
   endloop
 endfacet
 facet normal  0.000000e+00 -1.000000e+00  0.000000e+00
   outer loop
     vertex -4.445000e+02  5.080000e+01  9.652000e+02
     vertex -4.445000e+02  5.080000e+01  1.346200e+03
     vertex -5.397500e+02  5.080000e+01  1.168400e+03
   endloop
 endfacet
 facet normal  2.921047e-15  8.741573e-01  4.856429e-01
   outer loop
     vertex -4.809438e+02  1.778000e+02  1.117600e+03
     vertex -4.826000e+02  5.080000e+01  1.346200e+03
     vertex -4.445000e+02  5.080000e+01  1.346200e+03
   endloop
 endfacet
 facet normal  0.000000e+00  8.741573e-01  4.856429e-01
   outer loop
     vertex -4.445000e+02  1.778000e+02  1.117600e+03
     vertex -4.809438e+02  1.778000e+02  1.117600e+03
     vertex -4.445000e+02  5.080000e+01  1.346200e+03
   endloop
 endfacet
 facet normal -8.284522e-01  4.921070e-01  2.673906e-01
   outer loop
     vertex -4.886696e+02  6.667500e+01  1.298178e+03
     vertex -5.137763e+02  6.667500e+01  1.220391e+03
     vertex -4.826000e+02  5.080000e+01  1.346200e+03
   endloop
 endfacet
 facet normal -8.226333e-01  4.912231e-01  2.863117e-01
   outer loop
     vertex -4.930051e+02  1.460500e+02  1.141412e+03
     vertex -4.903075e+02  1.566333e+02  1.131006e+03
     vertex -4.965782e+02  1.425222e+02  1.137199e+03
   endloop
 endfacet
 facet normal -8.219192e-01  4.942101e-01  2.832053e-01
   outer loop
     vertex -4.930051e+02  1.460500e+02  1.141412e+03
     vertex -4.965782e+02  1.425222e+02  1.137199e+03
     vertex -4.949320e+02  1.354667e+02  1.154289e+03
   endloop
 endfacet
 facet normal -8.105069e-01  5.025109e-01  3.009341e-01
   outer loop
     vertex -4.876764e+02  1.601611e+02  1.132201e+03
     vertex -4.903075e+02  1.566333e+02  1.131006e+03
     vertex -4.930051e+02  1.460500e+02  1.141412e+03
   endloop
 endfacet
 facet normal -8.002019e-01  5.150447e-01  3.072553e-01
   outer loop
     vertex -4.876764e+02  1.601611e+02  1.132201e+03
     vertex -4.898602e+02  1.495778e+02  1.144254e+03
     vertex -4.854735e+02  1.636889e+02  1.132025e+03
   endloop
 endfacet
 facet normal -8.183062e-01  4.972309e-01  2.883338e-01
   outer loop
     vertex -4.876764e+02  1.601611e+02  1.132201e+03
     vertex -4.930051e+02  1.460500e+02  1.141412e+03
     vertex -4.898602e+02  1.495778e+02  1.144254e+03
   endloop
 endfacet
 facet normal -7.851367e-01  5.151430e-01  3.437848e-01
   outer loop
     vertex -4.847218e+02  1.707444e+02  1.122617e+03
     vertex -4.868391e+02  1.672167e+02  1.123068e+03
     vertex -4.903075e+02  1.566333e+02  1.131006e+03
   endloop
 endfacet
 facet normal -8.101856e-01  5.012962e-01  3.038114e-01
   outer loop
     vertex -4.847218e+02  1.707444e+02  1.122617e+03
     vertex -4.903075e+02  1.566333e+02  1.131006e+03
     vertex -4.876764e+02  1.601611e+02  1.132201e+03
   endloop
 endfacet
 facet normal -7.722770e-01  5.495443e-01  3.187308e-01
   outer loop
     vertex -4.821286e+02  1.672167e+02  1.134181e+03
     vertex -4.823522e+02  1.707444e+02  1.127556e+03
     vertex -4.848549e+02  1.566333e+02  1.145822e+03
   endloop
 endfacet
 facet normal -6.582943e-01  6.549714e-01  3.710270e-01
   outer loop
     vertex -4.821286e+02  1.672167e+02  1.134181e+03
     vertex -4.809438e+02  1.778000e+02  1.117600e+03
     vertex -4.823522e+02  1.707444e+02  1.127556e+03
   endloop
 endfacet
 facet normal -7.941988e-01  5.305212e-01  2.963033e-01
   outer loop
     vertex -4.821286e+02  1.672167e+02  1.134181e+03
     vertex -4.848549e+02  1.566333e+02  1.145822e+03
     vertex -4.822249e+02  1.619250e+02  1.143397e+03
   endloop
 endfacet
 facet normal -6.754793e-01  6.424968e-01  3.618365e-01
   outer loop
     vertex -4.821286e+02  1.672167e+02  1.134181e+03
     vertex -4.822249e+02  1.619250e+02  1.143397e+03
     vertex -4.809438e+02  1.778000e+02  1.117600e+03
   endloop
 endfacet
 facet normal -8.336699e-01  4.827090e-01  2.683030e-01
   outer loop
     vertex -5.327989e+02  6.138333e+01  1.170958e+03
     vertex -5.397500e+02  5.080000e+01  1.168400e+03
     vertex -5.328230e+02  5.873750e+01  1.175643e+03
   endloop
 endfacet
 facet normal -8.331405e-01  4.834030e-01  2.686976e-01
   outer loop
     vertex -5.327989e+02  6.138333e+01  1.170958e+03
     vertex -5.328230e+02  5.873750e+01  1.175643e+03
     vertex -5.263296e+02  6.667500e+01  1.181497e+03
   endloop
 endfacet
 facet normal -8.330740e-01  4.840298e-01  2.677738e-01
   outer loop
     vertex -5.261128e+02  5.873750e+01  1.196479e+03
     vertex -5.397500e+02  5.080000e+01  1.168400e+03
     vertex -4.826000e+02  5.080000e+01  1.346200e+03
   endloop
 endfacet
 facet normal -8.336957e-01  4.825596e-01  2.684914e-01
   outer loop
     vertex -5.261128e+02  5.873750e+01  1.196479e+03
     vertex -5.328230e+02  5.873750e+01  1.175643e+03
     vertex -5.397500e+02  5.080000e+01  1.168400e+03
   endloop
 endfacet
 facet normal -8.331123e-01  4.836705e-01  2.683035e-01
   outer loop
     vertex -5.261128e+02  5.873750e+01  1.196479e+03
     vertex -5.263296e+02  6.667500e+01  1.181497e+03
     vertex -5.328230e+02  5.873750e+01  1.175643e+03
   endloop
 endfacet
 facet normal -8.316146e-01  4.866887e-01  2.674906e-01
   outer loop
     vertex -5.261128e+02  5.873750e+01  1.196479e+03
     vertex -4.826000e+02  5.080000e+01  1.346200e+03
     vertex -5.137763e+02  6.667500e+01  1.220391e+03
   endloop
 endfacet
 facet normal -8.325304e-01  4.844479e-01  2.687069e-01
   outer loop
     vertex -5.261128e+02  5.873750e+01  1.196479e+03
     vertex -5.137763e+02  6.667500e+01  1.220391e+03
     vertex -5.263296e+02  6.667500e+01  1.181497e+03
   endloop
 endfacet
 facet normal -8.325320e-01  4.841333e-01  2.692684e-01
   outer loop
     vertex -5.202697e+02  7.461250e+01  1.185962e+03
     vertex -5.262332e+02  7.196667e+01  1.172281e+03
     vertex -5.263296e+02  6.667500e+01  1.181497e+03
   endloop
 endfacet
 facet normal -8.325304e-01  4.844479e-01  2.687069e-01
   outer loop
     vertex -5.202697e+02  7.461250e+01  1.185962e+03
     vertex -5.263296e+02  6.667500e+01  1.181497e+03
     vertex -5.137763e+02  6.667500e+01  1.220391e+03
   endloop
 endfacet
 facet normal -8.318825e-01  4.854937e-01  2.688258e-01
   outer loop
     vertex -5.202697e+02  7.461250e+01  1.185962e+03
     vertex -5.137763e+02  6.667500e+01  1.220391e+03
     vertex -5.146434e+02  8.255000e+01  1.189037e+03
   endloop
 endfacet
 facet normal -8.319264e-01  4.847730e-01  2.699881e-01
   outer loop
     vertex -5.200529e+02  8.255000e+01  1.172369e+03
     vertex -5.146434e+02  8.255000e+01  1.189037e+03
     vertex -5.142580e+02  9.313333e+01  1.171222e+03
   endloop
 endfacet
 facet normal -8.326062e-01  4.839700e-01  2.693323e-01
   outer loop
     vertex -5.200529e+02  8.255000e+01  1.172369e+03
     vertex -5.262332e+02  7.196667e+01  1.172281e+03
     vertex -5.202697e+02  7.461250e+01  1.185962e+03
   endloop
 endfacet
 facet normal -8.318049e-01  4.850035e-01  2.699486e-01
   outer loop
     vertex -5.200529e+02  8.255000e+01  1.172369e+03
     vertex -5.202697e+02  7.461250e+01  1.185962e+03
     vertex -5.146434e+02  8.255000e+01  1.189037e+03
   endloop
 endfacet
 facet normal -8.315794e-01  4.847107e-01  2.711665e-01
   outer loop
     vertex -5.190895e+02  9.313333e+01  1.156406e+03
     vertex -5.200529e+02  8.255000e+01  1.172369e+03
     vertex -5.142580e+02  9.313333e+01  1.171222e+03
   endloop
 endfacet
 facet normal -8.313308e-01  4.862379e-01  2.691874e-01
   outer loop
     vertex -5.027404e+02  7.461250e+01  1.240135e+03
     vertex -5.146434e+02  8.255000e+01  1.189037e+03
     vertex -5.137763e+02  6.667500e+01  1.220391e+03
   endloop
 endfacet
 facet normal -8.306511e-01  4.879969e-01  2.681004e-01
   outer loop
     vertex -5.027404e+02  7.461250e+01  1.240135e+03
     vertex -5.137763e+02  6.667500e+01  1.220391e+03
     vertex -4.886696e+02  6.667500e+01  1.298178e+03
   endloop
 endfacet
 facet normal -8.290549e-01  4.907123e-01  2.680847e-01
   outer loop
     vertex -5.027404e+02  7.461250e+01  1.240135e+03
     vertex -4.886696e+02  6.667500e+01  1.298178e+03
     vertex -4.930051e+02  8.255000e+01  1.255712e+03
   endloop
 endfacet
 facet normal -8.309209e-01  4.860580e-01  2.707731e-01
   outer loop
     vertex -5.094506e+02  9.048750e+01  1.190724e+03
     vertex -5.142580e+02  9.313333e+01  1.171222e+03
     vertex -5.146434e+02  8.255000e+01  1.189037e+03
   endloop
 endfacet
 facet normal -8.309209e-01  4.860580e-01  2.707731e-01
   outer loop
     vertex -5.090652e+02  1.010708e+02  1.172909e+03
     vertex -5.142580e+02  9.313333e+01  1.171222e+03
     vertex -5.094506e+02  9.048750e+01  1.190724e+03
   endloop
 endfacet
 facet normal -8.298689e-01  4.873970e-01  2.715913e-01
   outer loop
     vertex -5.090652e+02  1.010708e+02  1.172909e+03
     vertex -5.094506e+02  9.048750e+01  1.190724e+03
     vertex -5.046913e+02  9.842500e+01  1.191022e+03
   endloop
 endfacet
 facet normal -8.294384e-01  4.881277e-01  2.715941e-01
   outer loop
     vertex -5.090652e+02  1.010708e+02  1.172909e+03
     vertex -5.046913e+02  9.842500e+01  1.191022e+03
     vertex -5.045950e+02  1.037167e+02  1.181806e+03
   endloop
 endfacet
 facet normal -8.300395e-01  4.866987e-01  2.723211e-01
   outer loop
     vertex -5.088484e+02  1.037167e+02  1.168841e+03
     vertex -5.090652e+02  1.010708e+02  1.172909e+03
     vertex -5.045950e+02  1.037167e+02  1.181806e+03
   endloop
 endfacet
 facet normal -8.295708e-01  4.875830e-01  2.721674e-01
   outer loop
     vertex -5.088484e+02  1.037167e+02  1.168841e+03
     vertex -5.045950e+02  1.037167e+02  1.181806e+03
     vertex -5.043059e+02  1.090083e+02  1.173207e+03
   endloop
 endfacet
 facet normal -8.296420e-01  4.870784e-01  2.728531e-01
   outer loop
     vertex -5.088484e+02  1.037167e+02  1.168841e+03
     vertex -5.043059e+02  1.090083e+02  1.173207e+03
     vertex -5.038242e+02  1.143000e+02  1.165225e+03
   endloop
 endfacet
 facet normal -8.290367e-01  4.890784e-01  2.711096e-01
   outer loop
     vertex -5.044745e+02  9.048750e+01  1.206004e+03
     vertex -4.956064e+02  9.842500e+01  1.218803e+03
     vertex -5.046913e+02  9.842500e+01  1.191022e+03
   endloop
 endfacet
 facet normal -8.301487e-01  4.876114e-01  2.703484e-01
   outer loop
     vertex -5.044745e+02  9.048750e+01  1.206004e+03
     vertex -5.046913e+02  9.842500e+01  1.191022e+03
     vertex -5.094506e+02  9.048750e+01  1.190724e+03
   endloop
 endfacet
 facet normal -8.297388e-01  4.887788e-01  2.694973e-01
   outer loop
     vertex -5.044745e+02  9.048750e+01  1.206004e+03
     vertex -5.027404e+02  7.461250e+01  1.240135e+03
     vertex -4.930051e+02  8.255000e+01  1.255712e+03
   endloop
 endfacet
 facet normal -8.309450e-01  4.861089e-01  2.706078e-01
   outer loop
     vertex -5.044745e+02  9.048750e+01  1.206004e+03
     vertex -5.094506e+02  9.048750e+01  1.190724e+03
     vertex -5.146434e+02  8.255000e+01  1.189037e+03
   endloop
 endfacet
 facet normal -8.302094e-01  4.881320e-01  2.692204e-01
   outer loop
     vertex -5.044745e+02  9.048750e+01  1.206004e+03
     vertex -5.146434e+02  8.255000e+01  1.189037e+03
     vertex -5.027404e+02  7.461250e+01  1.240135e+03
   endloop
 endfacet
 facet normal -8.284455e-01  4.909418e-01  2.695443e-01
   outer loop
     vertex -5.044745e+02  9.048750e+01  1.206004e+03
     vertex -4.930051e+02  8.255000e+01  1.255712e+03
     vertex -4.956064e+02  9.842500e+01  1.218803e+03
   endloop
 endfacet
 facet normal -8.290782e-01  4.872751e-01  2.742123e-01
   outer loop
     vertex -5.074996e+02  1.143000e+02  1.154112e+03
     vertex -5.088484e+02  1.037167e+02  1.168841e+03
     vertex -5.038242e+02  1.143000e+02  1.165225e+03
   endloop
 endfacet
 facet normal -8.290367e-01  4.890784e-01  2.711096e-01
   outer loop
     vertex -5.003656e+02  1.063625e+02  1.189930e+03
     vertex -5.046913e+02  9.842500e+01  1.191022e+03
     vertex -4.956064e+02  9.842500e+01  1.218803e+03
   endloop
 endfacet
 facet normal -8.287213e-01  4.890467e-01  2.721293e-01
   outer loop
     vertex -5.003656e+02  1.063625e+02  1.189930e+03
     vertex -5.045950e+02  1.037167e+02  1.181806e+03
     vertex -5.046913e+02  9.842500e+01  1.191022e+03
   endloop
 endfacet
 facet normal -8.286386e-01  4.892471e-01  2.720209e-01
   outer loop
     vertex -5.003415e+02  1.090083e+02  1.185245e+03
     vertex -5.045950e+02  1.037167e+02  1.181806e+03
     vertex -5.003656e+02  1.063625e+02  1.189930e+03
   endloop
 endfacet
 facet normal -8.272909e-01  4.909768e-01  2.730047e-01
   outer loop
     vertex -5.003415e+02  1.090083e+02  1.185245e+03
     vertex -5.003656e+02  1.063625e+02  1.189930e+03
     vertex -4.964734e+02  1.143000e+02  1.187450e+03
   endloop
 endfacet
 facet normal -8.286708e-01  4.887082e-01  2.728900e-01
   outer loop
     vertex -5.003415e+02  1.090083e+02  1.185245e+03
     vertex -5.043059e+02  1.090083e+02  1.173207e+03
     vertex -5.045950e+02  1.037167e+02  1.181806e+03
   endloop
 endfacet
 facet normal -8.294421e-01  4.865876e-01  2.743326e-01
   outer loop
     vertex -5.022827e+02  1.248833e+02  1.151114e+03
     vertex -5.074996e+02  1.143000e+02  1.154112e+03
     vertex -5.038242e+02  1.143000e+02  1.165225e+03
   endloop
 endfacet
 facet normal -8.264311e-01  4.917345e-01  2.742424e-01
   outer loop
     vertex -4.997635e+02  1.195917e+02  1.168047e+03
     vertex -4.964734e+02  1.143000e+02  1.187450e+03
     vertex -4.960881e+02  1.248833e+02  1.169635e+03
   endloop
 endfacet
 facet normal -8.272305e-01  4.905007e-01  2.740415e-01
   outer loop
     vertex -4.997635e+02  1.195917e+02  1.168047e+03
     vertex -5.003415e+02  1.090083e+02  1.185245e+03
     vertex -4.964734e+02  1.143000e+02  1.187450e+03
   endloop
 endfacet
 facet normal -8.286708e-01  4.887082e-01  2.728900e-01
   outer loop
     vertex -4.997635e+02  1.195917e+02  1.168047e+03
     vertex -5.043059e+02  1.090083e+02  1.173207e+03
     vertex -5.003415e+02  1.090083e+02  1.185245e+03
   endloop
 endfacet
 facet normal -8.279805e-01  4.890943e-01  2.742900e-01
   outer loop
     vertex -4.997635e+02  1.195917e+02  1.168047e+03
     vertex -5.038242e+02  1.143000e+02  1.165225e+03
     vertex -5.043059e+02  1.090083e+02  1.173207e+03
   endloop
 endfacet
 facet normal -8.262014e-01  4.909459e-01  2.763392e-01
   outer loop
     vertex -4.991854e+02  1.248833e+02  1.160374e+03
     vertex -4.960881e+02  1.248833e+02  1.169635e+03
     vertex -4.949320e+02  1.354667e+02  1.154289e+03
   endloop
 endfacet
 facet normal -8.262014e-01  4.909459e-01  2.763392e-01
   outer loop
     vertex -4.991854e+02  1.248833e+02  1.160374e+03
     vertex -4.997635e+02  1.195917e+02  1.168047e+03
     vertex -4.960881e+02  1.248833e+02  1.169635e+03
   endloop
 endfacet
 facet normal -8.279752e-01  4.888423e-01  2.747548e-01
   outer loop
     vertex -4.991854e+02  1.248833e+02  1.160374e+03
     vertex -5.038242e+02  1.143000e+02  1.165225e+03
     vertex -4.997635e+02  1.195917e+02  1.168047e+03
   endloop
 endfacet
 facet normal -8.270749e-01  4.893078e-01  2.766314e-01
   outer loop
     vertex -4.991854e+02  1.248833e+02  1.160374e+03
     vertex -5.022827e+02  1.248833e+02  1.151114e+03
     vertex -5.038242e+02  1.143000e+02  1.165225e+03
   endloop
 endfacet
 facet normal -8.278488e-01  4.917742e-01  2.698603e-01
   outer loop
     vertex -4.845704e+02  9.048750e+01  1.267123e+03
     vertex -4.956064e+02  9.842500e+01  1.218803e+03
     vertex -4.930051e+02  8.255000e+01  1.255712e+03
   endloop
 endfacet
 facet normal -8.263354e-01  4.942772e-01  2.699258e-01
   outer loop
     vertex -4.880388e+02  1.063625e+02  1.227435e+03
     vertex -4.956064e+02  9.842500e+01  1.218803e+03
     vertex -4.845704e+02  9.048750e+01  1.267123e+03
   endloop
 endfacet
 facet normal -8.248617e-01  4.936955e-01  2.754414e-01
   outer loop
     vertex -4.930148e+02  1.222375e+02  1.183580e+03
     vertex -4.960881e+02  1.248833e+02  1.169635e+03
     vertex -4.964734e+02  1.143000e+02  1.187450e+03
   endloop
 endfacet
 facet normal -8.158073e-01  4.942939e-01  3.002200e-01
   outer loop
     vertex -4.916706e+02  1.566333e+02  1.127301e+03
     vertex -4.965782e+02  1.425222e+02  1.137199e+03
     vertex -4.903075e+02  1.566333e+02  1.131006e+03
   endloop
 endfacet
 facet normal -8.245116e-01  4.942629e-01  2.754719e-01
   outer loop
     vertex -4.927981e+02  1.301750e+02  1.169987e+03
     vertex -4.960881e+02  1.248833e+02  1.169635e+03
     vertex -4.930148e+02  1.222375e+02  1.183580e+03
   endloop
 endfacet
 facet normal -8.238808e-01  4.936757e-01  2.783967e-01
   outer loop
     vertex -4.927981e+02  1.301750e+02  1.169987e+03
     vertex -4.949320e+02  1.354667e+02  1.154289e+03
     vertex -4.960881e+02  1.248833e+02  1.169635e+03
   endloop
 endfacet
 facet normal -8.220937e-01  4.974221e-01  2.770074e-01
   outer loop
     vertex -4.927981e+02  1.301750e+02  1.169987e+03
     vertex -4.899898e+02  1.301750e+02  1.178322e+03
     vertex -4.898934e+02  1.354667e+02  1.169106e+03
   endloop
 endfacet
 facet normal -8.223372e-01  4.969737e-01  2.770895e-01
   outer loop
     vertex -4.927981e+02  1.301750e+02  1.169987e+03
     vertex -4.930148e+02  1.222375e+02  1.183580e+03
     vertex -4.899898e+02  1.301750e+02  1.178322e+03
   endloop
 endfacet
 facet normal -8.216097e-01  4.974014e-01  2.784770e-01
   outer loop
     vertex -4.927981e+02  1.301750e+02  1.169987e+03
     vertex -4.898934e+02  1.354667e+02  1.169106e+03
     vertex -4.896044e+02  1.407583e+02  1.160507e+03
   endloop
 endfacet
 facet normal -8.237911e-01  4.959156e-01  2.746561e-01
   outer loop
     vertex -4.897730e+02  1.222375e+02  1.193304e+03
     vertex -4.899898e+02  1.301750e+02  1.178322e+03
     vertex -4.930148e+02  1.222375e+02  1.183580e+03
   endloop
 endfacet
 facet normal -8.248798e-01  4.951166e-01  2.728237e-01
   outer loop
     vertex -4.897730e+02  1.222375e+02  1.193304e+03
     vertex -4.964734e+02  1.143000e+02  1.187450e+03
     vertex -4.891227e+02  1.143000e+02  1.209675e+03
   endloop
 endfacet
 facet normal -8.250440e-01  4.935958e-01  2.750738e-01
   outer loop
     vertex -4.897730e+02  1.222375e+02  1.193304e+03
     vertex -4.930148e+02  1.222375e+02  1.183580e+03
     vertex -4.964734e+02  1.143000e+02  1.187450e+03
   endloop
 endfacet
 facet normal -8.172359e-01  4.916070e-01  3.007458e-01
   outer loop
     vertex -4.900173e+02  1.601611e+02  1.126027e+03
     vertex -4.916706e+02  1.566333e+02  1.127301e+03
     vertex -4.903075e+02  1.566333e+02  1.131006e+03
   endloop
 endfacet
 facet normal -8.150523e-01  4.940747e-01  3.026218e-01
   outer loop
     vertex -4.900173e+02  1.601611e+02  1.126027e+03
     vertex -4.903075e+02  1.566333e+02  1.131006e+03
     vertex -4.868391e+02  1.672167e+02  1.123068e+03
   endloop
 endfacet
 facet normal -8.212728e-01  4.949024e-01  2.838709e-01
   outer loop
     vertex -4.918346e+02  1.407583e+02  1.154024e+03
     vertex -4.930051e+02  1.460500e+02  1.141412e+03
     vertex -4.949320e+02  1.354667e+02  1.154289e+03
   endloop
 endfacet
 facet normal -8.226598e-01  4.954624e-01  2.788330e-01
   outer loop
     vertex -4.918346e+02  1.407583e+02  1.154024e+03
     vertex -4.949320e+02  1.354667e+02  1.154289e+03
     vertex -4.927981e+02  1.301750e+02  1.169987e+03
   endloop
 endfacet
 facet normal -8.180429e-01  4.993346e-01  2.854309e-01
   outer loop
     vertex -4.918346e+02  1.407583e+02  1.154024e+03
     vertex -4.898602e+02  1.495778e+02  1.144254e+03
     vertex -4.930051e+02  1.460500e+02  1.141412e+03
   endloop
 endfacet
 facet normal -8.191104e-01  4.996380e-01  2.818155e-01
   outer loop
     vertex -4.918346e+02  1.407583e+02  1.154024e+03
     vertex -4.927981e+02  1.301750e+02  1.169987e+03
     vertex -4.896044e+02  1.407583e+02  1.160507e+03
   endloop
 endfacet
 facet normal -8.173933e-01  4.999861e-01  2.861503e-01
   outer loop
     vertex -4.918346e+02  1.407583e+02  1.154024e+03
     vertex -4.891227e+02  1.460500e+02  1.152525e+03
     vertex -4.898602e+02  1.495778e+02  1.144254e+03
   endloop
 endfacet
 facet normal -8.191104e-01  4.996380e-01  2.818155e-01
   outer loop
     vertex -4.918346e+02  1.407583e+02  1.154024e+03
     vertex -4.896044e+02  1.407583e+02  1.160507e+03
     vertex -4.891227e+02  1.460500e+02  1.152525e+03
   endloop
 endfacet
 facet normal -8.196296e-01  5.006957e-01  2.784083e-01
   outer loop
     vertex -4.873742e+02  1.407583e+02  1.166989e+03
     vertex -4.899898e+02  1.301750e+02  1.178322e+03
     vertex -4.848549e+02  1.354667e+02  1.183922e+03
   endloop
 endfacet
 facet normal -8.187551e-01  5.015624e-01  2.794195e-01
   outer loop
     vertex -4.873742e+02  1.407583e+02  1.166989e+03
     vertex -4.898934e+02  1.354667e+02  1.169106e+03
     vertex -4.899898e+02  1.301750e+02  1.178322e+03
   endloop
 endfacet
 facet normal -8.159350e-01  5.060714e-01  2.795386e-01
   outer loop
     vertex -4.873742e+02  1.407583e+02  1.166989e+03
     vertex -4.848549e+02  1.354667e+02  1.183922e+03
     vertex -4.852403e+02  1.460500e+02  1.163637e+03
   endloop
 endfacet
 facet normal -8.178604e-01  5.019228e-01  2.813855e-01
   outer loop
     vertex -4.873742e+02  1.407583e+02  1.166989e+03
     vertex -4.896044e+02  1.407583e+02  1.160507e+03
     vertex -4.898934e+02  1.354667e+02  1.169106e+03
   endloop
 endfacet
 facet normal -6.954820e-01  5.189975e-01  4.969370e-01
   outer loop
     vertex -4.838322e+02  1.742722e+02  1.119560e+03
     vertex -4.826000e+02  1.778000e+02  1.117600e+03
     vertex -4.848159e+02  1.725083e+02  1.120025e+03
   endloop
 endfacet
 facet normal -7.419232e-01  5.241093e-01  4.181618e-01
   outer loop
     vertex -4.838322e+02  1.742722e+02  1.119560e+03
     vertex -4.848159e+02  1.725083e+02  1.120025e+03
     vertex -4.868391e+02  1.672167e+02  1.123068e+03
   endloop
 endfacet
 facet normal -7.766511e-01  5.128595e-01  3.657708e-01
   outer loop
     vertex -4.838322e+02  1.742722e+02  1.119560e+03
     vertex -4.868391e+02  1.672167e+02  1.123068e+03
     vertex -4.847218e+02  1.707444e+02  1.122617e+03
   endloop
 endfacet
 facet normal -7.995829e-01  5.194138e-01  3.014573e-01
   outer loop
     vertex -4.867961e+02  1.513417e+02  1.149791e+03
     vertex -4.848549e+02  1.566333e+02  1.145822e+03
     vertex -4.854735e+02  1.636889e+02  1.132025e+03
   endloop
 endfacet
 facet normal -8.097168e-01  5.120370e-01  2.866649e-01
   outer loop
     vertex -4.867961e+02  1.513417e+02  1.149791e+03
     vertex -4.852403e+02  1.460500e+02  1.163637e+03
     vertex -4.848549e+02  1.566333e+02  1.145822e+03
   endloop
 endfacet
 facet normal -8.136508e-01  5.040225e-01  2.897133e-01
   outer loop
     vertex -4.867961e+02  1.513417e+02  1.149791e+03
     vertex -4.854735e+02  1.636889e+02  1.132025e+03
     vertex -4.898602e+02  1.495778e+02  1.144254e+03
   endloop
 endfacet
 facet normal -8.123463e-01  5.084586e-01  2.855928e-01
   outer loop
     vertex -4.867961e+02  1.513417e+02  1.149791e+03
     vertex -4.873742e+02  1.407583e+02  1.166989e+03
     vertex -4.852403e+02  1.460500e+02  1.163637e+03
   endloop
 endfacet
 facet normal -8.126708e-01  5.063310e-01  2.884355e-01
   outer loop
     vertex -4.867961e+02  1.513417e+02  1.149791e+03
     vertex -4.898602e+02  1.495778e+02  1.144254e+03
     vertex -4.891227e+02  1.460500e+02  1.152525e+03
   endloop
 endfacet
 facet normal -8.138894e-01  5.056783e-01  2.861353e-01
   outer loop
     vertex -4.867961e+02  1.513417e+02  1.149791e+03
     vertex -4.891227e+02  1.460500e+02  1.152525e+03
     vertex -4.896044e+02  1.407583e+02  1.160507e+03
   endloop
 endfacet
 facet normal -8.178604e-01  5.019228e-01  2.813855e-01
   outer loop
     vertex -4.867961e+02  1.513417e+02  1.149791e+03
     vertex -4.896044e+02  1.407583e+02  1.160507e+03
     vertex -4.873742e+02  1.407583e+02  1.166989e+03
   endloop
 endfacet
 facet normal -7.990181e-01  5.145035e-01  3.112174e-01
   outer loop
     vertex -4.830328e+02  1.742722e+02  1.120795e+03
     vertex -4.876764e+02  1.601611e+02  1.132201e+03
     vertex -4.854735e+02  1.636889e+02  1.132025e+03
   endloop
 endfacet
 facet normal -6.932638e-01  5.638381e-01  4.488563e-01
   outer loop
     vertex -4.830328e+02  1.742722e+02  1.120795e+03
     vertex -4.838322e+02  1.742722e+02  1.119560e+03
     vertex -4.847218e+02  1.707444e+02  1.122617e+03
   endloop
 endfacet
 facet normal -7.213402e-01  5.114168e-01  4.670344e-01
   outer loop
     vertex -4.830328e+02  1.742722e+02  1.120795e+03
     vertex -4.826000e+02  1.778000e+02  1.117600e+03
     vertex -4.838322e+02  1.742722e+02  1.119560e+03
   endloop
 endfacet
 facet normal -7.418529e-01  5.519429e-01  3.808062e-01
   outer loop
     vertex -4.830328e+02  1.742722e+02  1.120795e+03
     vertex -4.847218e+02  1.707444e+02  1.122617e+03
     vertex -4.876764e+02  1.601611e+02  1.132201e+03
   endloop
 endfacet
 facet normal -7.569072e-01  5.632492e-01  3.314240e-01
   outer loop
     vertex -4.836988e+02  1.672167e+02  1.130476e+03
     vertex -4.848549e+02  1.566333e+02  1.145822e+03
     vertex -4.823522e+02  1.707444e+02  1.127556e+03
   endloop
 endfacet
 facet normal -7.726471e-01  5.371766e-01  3.383160e-01
   outer loop
     vertex -4.836988e+02  1.672167e+02  1.130476e+03
     vertex -4.830328e+02  1.742722e+02  1.120795e+03
     vertex -4.854735e+02  1.636889e+02  1.132025e+03
   endloop
 endfacet
 facet normal -7.890899e-01  5.318580e-01  3.073503e-01
   outer loop
     vertex -4.836988e+02  1.672167e+02  1.130476e+03
     vertex -4.854735e+02  1.636889e+02  1.132025e+03
     vertex -4.848549e+02  1.566333e+02  1.145822e+03
   endloop
 endfacet
 facet normal -7.953132e-01  5.300707e-01  2.941120e-01
   outer loop
     vertex -4.835158e+02  1.539875e+02  1.154212e+03
     vertex -4.822249e+02  1.619250e+02  1.143397e+03
     vertex -4.848549e+02  1.566333e+02  1.145822e+03
   endloop
 endfacet
 facet normal -8.016756e-01  5.213712e-01  2.923839e-01
   outer loop
     vertex -4.835158e+02  1.539875e+02  1.154212e+03
     vertex -4.848549e+02  1.566333e+02  1.145822e+03
     vertex -4.852403e+02  1.460500e+02  1.163637e+03
   endloop
 endfacet
 facet normal -8.033877e-01  5.196966e-01  2.906605e-01
   outer loop
     vertex -4.820082e+02  1.539875e+02  1.158379e+03
     vertex -4.835158e+02  1.539875e+02  1.154212e+03
     vertex -4.852403e+02  1.460500e+02  1.163637e+03
   endloop
 endfacet
 facet normal -7.994931e-01  5.264450e-01  2.892515e-01
   outer loop
     vertex -4.821286e+02  1.566333e+02  1.153231e+03
     vertex -4.835158e+02  1.539875e+02  1.154212e+03
     vertex -4.820082e+02  1.539875e+02  1.158379e+03
   endloop
 endfacet
 facet normal -7.985872e-01  5.267139e-01  2.912575e-01
   outer loop
     vertex -4.821286e+02  1.566333e+02  1.153231e+03
     vertex -4.822249e+02  1.619250e+02  1.143397e+03
     vertex -4.835158e+02  1.539875e+02  1.154212e+03
   endloop
 endfacet
 facet normal -7.787201e-01  5.504056e-01  3.010793e-01
   outer loop
     vertex -4.821286e+02  1.566333e+02  1.153231e+03
     vertex -4.820082e+02  1.539875e+02  1.158379e+03
     vertex -4.809438e+02  1.778000e+02  1.117600e+03
   endloop
 endfacet
 facet normal -7.512512e-01  5.781097e-01  3.184506e-01
   outer loop
     vertex -4.821286e+02  1.566333e+02  1.153231e+03
     vertex -4.809438e+02  1.778000e+02  1.117600e+03
     vertex -4.822249e+02  1.619250e+02  1.143397e+03
   endloop
 endfacet
 facet normal -8.332870e-01  4.829831e-01  2.689983e-01
   outer loop
     vertex -5.292271e+02  7.196667e+01  1.163020e+03
     vertex -5.327989e+02  6.138333e+01  1.170958e+03
     vertex -5.263296e+02  6.667500e+01  1.181497e+03
   endloop
 endfacet
 facet normal -8.336549e-01  4.826715e-01  2.684173e-01
   outer loop
     vertex -5.292271e+02  7.196667e+01  1.163020e+03
     vertex -5.397500e+02  5.080000e+01  1.168400e+03
     vertex -5.327989e+02  6.138333e+01  1.170958e+03
   endloop
 endfacet
 facet normal -8.326411e-01  4.839916e-01  2.691858e-01
   outer loop
     vertex -5.292271e+02  7.196667e+01  1.163020e+03
     vertex -5.262332e+02  7.196667e+01  1.172281e+03
     vertex -5.200529e+02  8.255000e+01  1.172369e+03
   endloop
 endfacet
 facet normal -8.326411e-01  4.839916e-01  2.691858e-01
   outer loop
     vertex -5.292271e+02  7.196667e+01  1.163020e+03
     vertex -5.263296e+02  6.667500e+01  1.181497e+03
     vertex -5.262332e+02  7.196667e+01  1.172281e+03
   endloop
 endfacet
 facet normal -8.318525e-01  4.841919e-01  2.712555e-01
   outer loop
     vertex -5.131019e+02  1.037167e+02  1.155876e+03
     vertex -5.190895e+02  9.313333e+01  1.156406e+03
     vertex -5.142580e+02  9.313333e+01  1.171222e+03
   endloop
 endfacet
 facet normal -8.306966e-01  4.855859e-01  2.723040e-01
   outer loop
     vertex -5.131019e+02  1.037167e+02  1.155876e+03
     vertex -5.142580e+02  9.313333e+01  1.171222e+03
     vertex -5.090652e+02  1.010708e+02  1.172909e+03
   endloop
 endfacet
 facet normal -8.300395e-01  4.866987e-01  2.723211e-01
   outer loop
     vertex -5.131019e+02  1.037167e+02  1.155876e+03
     vertex -5.090652e+02  1.010708e+02  1.172909e+03
     vertex -5.088484e+02  1.037167e+02  1.168841e+03
   endloop
 endfacet
 facet normal -8.308199e-01  4.852216e-01  2.725772e-01
   outer loop
     vertex -5.131019e+02  1.037167e+02  1.155876e+03
     vertex -5.088484e+02  1.037167e+02  1.168841e+03
     vertex -5.074996e+02  1.143000e+02  1.154112e+03
   endloop
 endfacet
 facet normal -8.301693e-01  4.852098e-01  2.745732e-01
   outer loop
     vertex -5.093373e+02  1.143000e+02  1.148556e+03
     vertex -5.131019e+02  1.037167e+02  1.155876e+03
     vertex -5.074996e+02  1.143000e+02  1.154112e+03
   endloop
 endfacet
 facet normal -8.294421e-01  4.865876e-01  2.743326e-01
   outer loop
     vertex -5.093373e+02  1.143000e+02  1.148556e+03
     vertex -5.074996e+02  1.143000e+02  1.154112e+03
     vertex -5.022827e+02  1.248833e+02  1.151114e+03
   endloop
 endfacet
 facet normal -8.256999e-01  4.892635e-01  2.807863e-01
   outer loop
     vertex -5.012301e+02  1.354667e+02  1.135768e+03
     vertex -5.022827e+02  1.248833e+02  1.151114e+03
     vertex -4.999705e+02  1.354667e+02  1.139472e+03
   endloop
 endfacet
 facet normal -8.275100e-01  4.858396e-01  2.814019e-01
   outer loop
     vertex -4.980008e+02  1.425222e+02  1.133083e+03
     vertex -5.012301e+02  1.354667e+02  1.135768e+03
     vertex -4.999705e+02  1.354667e+02  1.139472e+03
   endloop
 endfacet
 facet normal -8.247471e-01  4.883916e-01  2.850718e-01
   outer loop
     vertex -4.980008e+02  1.425222e+02  1.133083e+03
     vertex -4.999705e+02  1.354667e+02  1.139472e+03
     vertex -4.965782e+02  1.425222e+02  1.137199e+03
   endloop
 endfacet
 facet normal -8.253966e-01  4.871616e-01  2.852963e-01
   outer loop
     vertex -4.980008e+02  1.425222e+02  1.133083e+03
     vertex -4.965782e+02  1.425222e+02  1.137199e+03
     vertex -4.916706e+02  1.566333e+02  1.127301e+03
   endloop
 endfacet
 facet normal -8.248886e-01  4.917971e-01  2.787372e-01
   outer loop
     vertex -4.984147e+02  1.301750e+02  1.153319e+03
     vertex -4.991854e+02  1.248833e+02  1.160374e+03
     vertex -4.949320e+02  1.354667e+02  1.154289e+03
   endloop
 endfacet
 facet normal -8.268999e-01  4.880192e-01  2.794169e-01
   outer loop
     vertex -4.984147e+02  1.301750e+02  1.153319e+03
     vertex -4.999705e+02  1.354667e+02  1.139472e+03
     vertex -5.022827e+02  1.248833e+02  1.151114e+03
   endloop
 endfacet
 facet normal -8.270749e-01  4.893078e-01  2.766314e-01
   outer loop
     vertex -4.984147e+02  1.301750e+02  1.153319e+03
     vertex -5.022827e+02  1.248833e+02  1.151114e+03
     vertex -4.991854e+02  1.248833e+02  1.160374e+03
   endloop
 endfacet
 facet normal -8.243405e-01  4.908303e-01  2.820432e-01
   outer loop
     vertex -4.984147e+02  1.301750e+02  1.153319e+03
     vertex -4.949320e+02  1.354667e+02  1.154289e+03
     vertex -4.965782e+02  1.425222e+02  1.137199e+03
   endloop
 endfacet
 facet normal -8.271325e-01  4.876834e-01  2.793147e-01
   outer loop
     vertex -4.984147e+02  1.301750e+02  1.153319e+03
     vertex -4.965782e+02  1.425222e+02  1.137199e+03
     vertex -4.999705e+02  1.354667e+02  1.139472e+03
   endloop
 endfacet
 facet normal -8.257257e-01  4.944920e-01  2.713942e-01
   outer loop
     vertex -4.921477e+02  1.063625e+02  1.214934e+03
     vertex -4.880388e+02  1.063625e+02  1.227435e+03
     vertex -4.891227e+02  1.143000e+02  1.209675e+03
   endloop
 endfacet
 facet normal -8.276773e-01  4.908635e-01  2.720356e-01
   outer loop
     vertex -4.921477e+02  1.063625e+02  1.214934e+03
     vertex -4.964734e+02  1.143000e+02  1.187450e+03
     vertex -5.003656e+02  1.063625e+02  1.189930e+03
   endloop
 endfacet
 facet normal -8.267021e-01  4.926809e-01  2.717151e-01
   outer loop
     vertex -4.921477e+02  1.063625e+02  1.214934e+03
     vertex -5.003656e+02  1.063625e+02  1.189930e+03
     vertex -4.956064e+02  9.842500e+01  1.218803e+03
   endloop
 endfacet
 facet normal -8.267021e-01  4.926809e-01  2.717151e-01
   outer loop
     vertex -4.921477e+02  1.063625e+02  1.214934e+03
     vertex -4.956064e+02  9.842500e+01  1.218803e+03
     vertex -4.880388e+02  1.063625e+02  1.227435e+03
   endloop
 endfacet
 facet normal -8.248798e-01  4.951166e-01  2.728237e-01
   outer loop
     vertex -4.921477e+02  1.063625e+02  1.214934e+03
     vertex -4.891227e+02  1.143000e+02  1.209675e+03
     vertex -4.964734e+02  1.143000e+02  1.187450e+03
   endloop
 endfacet
 facet normal -7.969745e-01  5.007004e-01  3.378324e-01
   outer loop
     vertex -4.872317e+02  1.672167e+02  1.122142e+03
     vertex -4.900173e+02  1.601611e+02  1.126027e+03
     vertex -4.868391e+02  1.672167e+02  1.123068e+03
   endloop
 endfacet
 facet normal -7.983558e-01  4.980977e-01  3.384179e-01
   outer loop
     vertex -4.864157e+02  1.689806e+02  1.121471e+03
     vertex -4.872317e+02  1.672167e+02  1.122142e+03
     vertex -4.868391e+02  1.672167e+02  1.123068e+03
   endloop
 endfacet
 facet normal -7.950478e-01  5.007678e-01  3.422434e-01
   outer loop
     vertex -4.864157e+02  1.689806e+02  1.121471e+03
     vertex -4.868391e+02  1.672167e+02  1.123068e+03
     vertex -4.848159e+02  1.725083e+02  1.120025e+03
   endloop
 endfacet
 facet normal -8.225361e-01  4.982249e-01  2.742377e-01
   outer loop
     vertex -4.865311e+02  1.222375e+02  1.203027e+03
     vertex -4.897730e+02  1.222375e+02  1.193304e+03
     vertex -4.891227e+02  1.143000e+02  1.209675e+03
   endloop
 endfacet
 facet normal -8.192258e-01  5.025059e-01  2.763277e-01
   outer loop
     vertex -4.869105e+02  1.262062e+02  1.194668e+03
     vertex -4.848549e+02  1.354667e+02  1.183922e+03
     vertex -4.899898e+02  1.301750e+02  1.178322e+03
   endloop
 endfacet
 facet normal -8.222220e-01  4.988006e-01  2.741329e-01
   outer loop
     vertex -4.869105e+02  1.262062e+02  1.194668e+03
     vertex -4.897730e+02  1.222375e+02  1.193304e+03
     vertex -4.865311e+02  1.222375e+02  1.203027e+03
   endloop
 endfacet
 facet normal -8.220758e-01  4.981220e-01  2.758002e-01
   outer loop
     vertex -4.869105e+02  1.262062e+02  1.194668e+03
     vertex -4.899898e+02  1.301750e+02  1.178322e+03
     vertex -4.897730e+02  1.222375e+02  1.193304e+03
   endloop
 endfacet
 facet normal -8.199083e-01  5.017986e-01  2.755876e-01
   outer loop
     vertex -4.869105e+02  1.262062e+02  1.194668e+03
     vertex -4.843732e+02  1.301750e+02  1.194991e+03
     vertex -4.848549e+02  1.354667e+02  1.183922e+03
   endloop
 endfacet
 facet normal -8.169695e-01  5.056367e-01  2.772947e-01
   outer loop
     vertex -4.821610e+02  1.341437e+02  1.194271e+03
     vertex -4.848549e+02  1.354667e+02  1.183922e+03
     vertex -4.843732e+02  1.301750e+02  1.194991e+03
   endloop
 endfacet
 facet normal -7.707116e-01  5.587958e-01  3.061878e-01
   outer loop
     vertex -4.821703e+02  1.407583e+02  1.182114e+03
     vertex -4.809438e+02  1.778000e+02  1.117600e+03
     vertex -4.820082e+02  1.539875e+02  1.158379e+03
   endloop
 endfacet
 facet normal -8.086248e-01  5.162250e-01  2.822015e-01
   outer loop
     vertex -4.821703e+02  1.407583e+02  1.182114e+03
     vertex -4.820082e+02  1.539875e+02  1.158379e+03
     vertex -4.852403e+02  1.460500e+02  1.163637e+03
   endloop
 endfacet
 facet normal -8.003767e-01  5.263405e-01  2.869892e-01
   outer loop
     vertex -4.821703e+02  1.407583e+02  1.182114e+03
     vertex -4.821610e+02  1.341437e+02  1.194271e+03
     vertex -4.809438e+02  1.778000e+02  1.117600e+03
   endloop
 endfacet
 facet normal -8.153146e-01  5.083468e-01  2.772103e-01
   outer loop
     vertex -4.821703e+02  1.407583e+02  1.182114e+03
     vertex -4.848549e+02  1.354667e+02  1.183922e+03
     vertex -4.821610e+02  1.341437e+02  1.194271e+03
   endloop
 endfacet
 facet normal -8.137435e-01  5.088212e-01  2.809316e-01
   outer loop
     vertex -4.821703e+02  1.407583e+02  1.182114e+03
     vertex -4.852403e+02  1.460500e+02  1.163637e+03
     vertex -4.848549e+02  1.354667e+02  1.183922e+03
   endloop
 endfacet
 facet normal -7.550542e-01  5.644057e-01  3.336756e-01
   outer loop
     vertex -4.817421e+02  1.760361e+02  1.119986e+03
     vertex -4.836988e+02  1.672167e+02  1.130476e+03
     vertex -4.823522e+02  1.707444e+02  1.127556e+03
   endloop
 endfacet
 facet normal -6.211589e-01  6.530724e-01  4.331950e-01
   outer loop
     vertex -4.817421e+02  1.760361e+02  1.119986e+03
     vertex -4.830328e+02  1.742722e+02  1.120795e+03
     vertex -4.836988e+02  1.672167e+02  1.130476e+03
   endloop
 endfacet
 facet normal  0.000000e+00  8.041418e-01  5.944375e-01
   outer loop
     vertex -4.817421e+02  1.760361e+02  1.119986e+03
     vertex -4.809438e+02  1.778000e+02  1.117600e+03
     vertex -4.826000e+02  1.778000e+02  1.117600e+03
   endloop
 endfacet
 facet normal -1.293955e-01  8.175826e-01  5.610842e-01
   outer loop
     vertex -4.817421e+02  1.760361e+02  1.119986e+03
     vertex -4.823522e+02  1.707444e+02  1.127556e+03
     vertex -4.809438e+02  1.778000e+02  1.117600e+03
   endloop
 endfacet
 facet normal -4.615975e-01  6.258933e-01  6.286377e-01
   outer loop
     vertex -4.817421e+02  1.760361e+02  1.119986e+03
     vertex -4.826000e+02  1.778000e+02  1.117600e+03
     vertex -4.830328e+02  1.742722e+02  1.120795e+03
   endloop
 endfacet
 facet normal -8.327838e-01  4.831123e-01  2.703213e-01
   outer loop
     vertex -5.202974e+02  9.313333e+01  1.152701e+03
     vertex -5.292271e+02  7.196667e+01  1.163020e+03
     vertex -5.200529e+02  8.255000e+01  1.172369e+03
   endloop
 endfacet
 facet normal -8.317807e-01  4.839450e-01  2.719157e-01
   outer loop
     vertex -5.202974e+02  9.313333e+01  1.152701e+03
     vertex -5.131019e+02  1.037167e+02  1.155876e+03
     vertex -5.093373e+02  1.143000e+02  1.148556e+03
   endloop
 endfacet
 facet normal -8.334872e-01  4.827050e-01  2.688771e-01
   outer loop
     vertex -5.202974e+02  9.313333e+01  1.152701e+03
     vertex -5.397500e+02  5.080000e+01  1.168400e+03
     vertex -5.292271e+02  7.196667e+01  1.163020e+03
   endloop
 endfacet
 facet normal -8.318525e-01  4.841919e-01  2.712555e-01
   outer loop
     vertex -5.202974e+02  9.313333e+01  1.152701e+03
     vertex -5.190895e+02  9.313333e+01  1.156406e+03
     vertex -5.131019e+02  1.037167e+02  1.155876e+03
   endloop
 endfacet
 facet normal -8.315794e-01  4.847107e-01  2.711665e-01
   outer loop
     vertex -5.202974e+02  9.313333e+01  1.152701e+03
     vertex -5.200529e+02  8.255000e+01  1.172369e+03
     vertex -5.190895e+02  9.313333e+01  1.156406e+03
   endloop
 endfacet
 facet normal -8.259042e-01  4.953781e-01  2.692264e-01
   outer loop
     vertex -4.826650e+02  9.247187e+01  1.269324e+03
     vertex -4.826000e+02  5.080000e+01  1.346200e+03
     vertex -4.809438e+02  1.778000e+02  1.117600e+03
   endloop
 endfacet
 facet normal -8.051301e-01  5.208100e-01  2.837647e-01
   outer loop
     vertex -4.826650e+02  9.247187e+01  1.269324e+03
     vertex -4.809438e+02  1.778000e+02  1.117600e+03
     vertex -4.821610e+02  1.341437e+02  1.194271e+03
   endloop
 endfacet
 facet normal -8.264260e-01  4.941493e-01  2.698826e-01
   outer loop
     vertex -4.826650e+02  9.247187e+01  1.269324e+03
     vertex -4.880388e+02  1.063625e+02  1.227435e+03
     vertex -4.845704e+02  9.048750e+01  1.267123e+03
   endloop
 endfacet
 facet normal -8.179492e-01  4.902582e-01  3.010082e-01
   outer loop
     vertex -4.920114e+02  1.566333e+02  1.126375e+03
     vertex -4.980008e+02  1.425222e+02  1.133083e+03
     vertex -4.916706e+02  1.566333e+02  1.127301e+03
   endloop
 endfacet
 facet normal -8.142884e-01  4.915279e-01  3.087632e-01
   outer loop
     vertex -4.904074e+02  1.601611e+02  1.124999e+03
     vertex -4.900173e+02  1.601611e+02  1.126027e+03
     vertex -4.872317e+02  1.672167e+02  1.122142e+03
   endloop
 endfacet
 facet normal -8.183056e-01  4.895826e-01  3.011394e-01
   outer loop
     vertex -4.904074e+02  1.601611e+02  1.124999e+03
     vertex -4.920114e+02  1.566333e+02  1.126375e+03
     vertex -4.916706e+02  1.566333e+02  1.127301e+03
   endloop
 endfacet
 facet normal -8.136506e-01  4.927345e-01  3.085213e-01
   outer loop
     vertex -4.904074e+02  1.601611e+02  1.124999e+03
     vertex -4.916706e+02  1.566333e+02  1.127301e+03
     vertex -4.900173e+02  1.601611e+02  1.126027e+03
   endloop
 endfacet
 facet normal -7.581359e-01  5.101978e-01  4.061135e-01
   outer loop
     vertex -4.849399e+02  1.725083e+02  1.119794e+03
     vertex -4.864157e+02  1.689806e+02  1.121471e+03
     vertex -4.848159e+02  1.725083e+02  1.120025e+03
   endloop
 endfacet
 facet normal -8.230690e-01  4.981078e-01  2.728481e-01
   outer loop
     vertex -4.846257e+02  1.202531e+02  1.212373e+03
     vertex -4.891227e+02  1.143000e+02  1.209675e+03
     vertex -4.880388e+02  1.063625e+02  1.227435e+03
   endloop
 endfacet
 facet normal -8.212821e-01  5.011172e-01  2.727221e-01
   outer loop
     vertex -4.846257e+02  1.202531e+02  1.212373e+03
     vertex -4.826650e+02  9.247187e+01  1.269324e+03
     vertex -4.821610e+02  1.341437e+02  1.194271e+03
   endloop
 endfacet
 facet normal -8.252451e-01  4.958875e-01  2.703075e-01
   outer loop
     vertex -4.846257e+02  1.202531e+02  1.212373e+03
     vertex -4.880388e+02  1.063625e+02  1.227435e+03
     vertex -4.826650e+02  9.247187e+01  1.269324e+03
   endloop
 endfacet
 facet normal -8.230425e-01  4.977854e-01  2.735155e-01
   outer loop
     vertex -4.846257e+02  1.202531e+02  1.212373e+03
     vertex -4.865311e+02  1.222375e+02  1.203027e+03
     vertex -4.891227e+02  1.143000e+02  1.209675e+03
   endloop
 endfacet
 facet normal -7.594097e-01  5.077539e-01  4.067958e-01
   outer loop
     vertex -4.845346e+02  1.733903e+02  1.119450e+03
     vertex -4.849399e+02  1.725083e+02  1.119794e+03
     vertex -4.848159e+02  1.725083e+02  1.120025e+03
   endloop
 endfacet
 facet normal -7.689485e-01  5.029100e-01  3.947149e-01
   outer loop
     vertex -4.845346e+02  1.733903e+02  1.119450e+03
     vertex -4.848159e+02  1.725083e+02  1.120025e+03
     vertex -4.826000e+02  1.778000e+02  1.117600e+03
   endloop
 endfacet
 facet normal -8.202493e-01  5.014091e-01  2.752819e-01
   outer loop
     vertex -4.841428e+02  1.281906e+02  1.199300e+03
     vertex -4.869105e+02  1.262062e+02  1.194668e+03
     vertex -4.865311e+02  1.222375e+02  1.203027e+03
   endloop
 endfacet
 facet normal -8.200431e-01  5.019380e-01  2.749321e-01
   outer loop
     vertex -4.841428e+02  1.281906e+02  1.199300e+03
     vertex -4.843732e+02  1.301750e+02  1.194991e+03
     vertex -4.869105e+02  1.262062e+02  1.194668e+03
   endloop
 endfacet
 facet normal -8.172402e-01  5.056413e-01  2.764874e-01
   outer loop
     vertex -4.841428e+02  1.281906e+02  1.199300e+03
     vertex -4.821610e+02  1.341437e+02  1.194271e+03
     vertex -4.843732e+02  1.301750e+02  1.194991e+03
   endloop
 endfacet
 facet normal -8.211219e-01  5.008103e-01  2.737662e-01
   outer loop
     vertex -4.841428e+02  1.281906e+02  1.199300e+03
     vertex -4.865311e+02  1.222375e+02  1.203027e+03
     vertex -4.846257e+02  1.202531e+02  1.212373e+03
   endloop
 endfacet
 facet normal -8.168203e-01  5.059980e-01  2.770751e-01
   outer loop
     vertex -4.841428e+02  1.281906e+02  1.199300e+03
     vertex -4.846257e+02  1.202531e+02  1.212373e+03
     vertex -4.821610e+02  1.341437e+02  1.194271e+03
   endloop
 endfacet
 facet normal -8.290890e-01  4.911599e-01  2.671580e-01
   outer loop
     vertex -4.853591e+02  7.957344e+01  1.284739e+03
     vertex -4.886696e+02  6.667500e+01  1.298178e+03
     vertex -4.826000e+02  5.080000e+01  1.346200e+03
   endloop
 endfacet
 facet normal -8.279276e-01  4.923425e-01  2.685791e-01
   outer loop
     vertex -4.853591e+02  7.957344e+01  1.284739e+03
     vertex -4.930051e+02  8.255000e+01  1.255712e+03
     vertex -4.886696e+02  6.667500e+01  1.298178e+03
   endloop
 endfacet
 facet normal -8.275990e-01  4.931877e-01  2.680405e-01
   outer loop
     vertex -4.853591e+02  7.957344e+01  1.284739e+03
     vertex -4.826000e+02  5.080000e+01  1.346200e+03
     vertex -4.826650e+02  9.247187e+01  1.269324e+03
   endloop
 endfacet
 facet normal -8.263265e-01  4.945687e-01  2.694184e-01
   outer loop
     vertex -4.853591e+02  7.957344e+01  1.284739e+03
     vertex -4.826650e+02  9.247187e+01  1.269324e+03
     vertex -4.845704e+02  9.048750e+01  1.267123e+03
   endloop
 endfacet
 facet normal -8.274184e-01  4.932218e-01  2.685351e-01
   outer loop
     vertex -4.853591e+02  7.957344e+01  1.284739e+03
     vertex -4.845704e+02  9.048750e+01  1.267123e+03
     vertex -4.930051e+02  8.255000e+01  1.255712e+03
   endloop
 endfacet
 facet normal -8.289253e-01  4.853361e-01  2.780857e-01
   outer loop
     vertex -5.015450e+02  1.354667e+02  1.134842e+03
     vertex -5.093373e+02  1.143000e+02  1.148556e+03
     vertex -5.022827e+02  1.248833e+02  1.151114e+03
   endloop
 endfacet
 facet normal -8.256999e-01  4.892635e-01  2.807863e-01
   outer loop
     vertex -5.015450e+02  1.354667e+02  1.134842e+03
     vertex -5.022827e+02  1.248833e+02  1.151114e+03
     vertex -5.012301e+02  1.354667e+02  1.135768e+03
   endloop
 endfacet
 facet normal -8.330211e-01  4.828975e-01  2.699738e-01
   outer loop
     vertex -5.015450e+02  1.354667e+02  1.134842e+03
     vertex -5.397500e+02  5.080000e+01  1.168400e+03
     vertex -5.202974e+02  9.313333e+01  1.152701e+03
   endloop
 endfacet
 facet normal -8.307283e-01  4.840055e-01  2.750077e-01
   outer loop
     vertex -5.015450e+02  1.354667e+02  1.134842e+03
     vertex -5.202974e+02  9.313333e+01  1.152701e+03
     vertex -5.093373e+02  1.143000e+02  1.148556e+03
   endloop
 endfacet
 facet normal -8.275100e-01  4.858396e-01  2.814019e-01
   outer loop
     vertex -5.015450e+02  1.354667e+02  1.134842e+03
     vertex -5.012301e+02  1.354667e+02  1.135768e+03
     vertex -4.980008e+02  1.425222e+02  1.133083e+03
   endloop
 endfacet
 facet normal -7.990455e-01  4.967913e-01  3.387103e-01
   outer loop
     vertex -4.873298e+02  1.672167e+02  1.121911e+03
     vertex -4.904074e+02  1.601611e+02  1.124999e+03
     vertex -4.872317e+02  1.672167e+02  1.122142e+03
   endloop
 endfacet
 facet normal -7.914074e-01  4.989475e-01  3.531653e-01
   outer loop
     vertex -4.865305e+02  1.689806e+02  1.121214e+03
     vertex -4.864157e+02  1.689806e+02  1.121471e+03
     vertex -4.849399e+02  1.725083e+02  1.119794e+03
   endloop
 endfacet
 facet normal -7.907958e-01  5.001089e-01  3.528924e-01
   outer loop
     vertex -4.865305e+02  1.689806e+02  1.121214e+03
     vertex -4.872317e+02  1.672167e+02  1.122142e+03
     vertex -4.864157e+02  1.689806e+02  1.121471e+03
   endloop
 endfacet
 facet normal -7.993901e-01  4.961368e-01  3.388564e-01
   outer loop
     vertex -4.865305e+02  1.689806e+02  1.121214e+03
     vertex -4.873298e+02  1.672167e+02  1.121911e+03
     vertex -4.872317e+02  1.672167e+02  1.122142e+03
   endloop
 endfacet
 facet normal -8.301334e-01  4.841790e-01  2.764945e-01
   outer loop
     vertex -4.920966e+02  1.566333e+02  1.126144e+03
     vertex -5.397500e+02  5.080000e+01  1.168400e+03
     vertex -5.015450e+02  1.354667e+02  1.134842e+03
   endloop
 endfacet
 facet normal -8.179492e-01  4.902582e-01  3.010082e-01
   outer loop
     vertex -4.920966e+02  1.566333e+02  1.126144e+03
     vertex -4.980008e+02  1.425222e+02  1.133083e+03
     vertex -4.920114e+02  1.566333e+02  1.126375e+03
   endloop
 endfacet
 facet normal -8.183056e-01  4.895826e-01  3.011394e-01
   outer loop
     vertex -4.920966e+02  1.566333e+02  1.126144e+03
     vertex -4.920114e+02  1.566333e+02  1.126375e+03
     vertex -4.904074e+02  1.601611e+02  1.124999e+03
   endloop
 endfacet
 facet normal -8.258245e-01  4.861045e-01  2.858607e-01
   outer loop
     vertex -4.920966e+02  1.566333e+02  1.126144e+03
     vertex -5.015450e+02  1.354667e+02  1.134842e+03
     vertex -4.980008e+02  1.425222e+02  1.133083e+03
   endloop
 endfacet
 facet normal -7.600460e-01  5.065273e-01  4.071366e-01
   outer loop
     vertex -4.849709e+02  1.725083e+02  1.119736e+03
     vertex -4.865305e+02  1.689806e+02  1.121214e+03
     vertex -4.849399e+02  1.725083e+02  1.119794e+03
   endloop
 endfacet
 facet normal -7.438008e-01  5.102969e-01  4.316914e-01
   outer loop
     vertex -4.845719e+02  1.733903e+02  1.119385e+03
     vertex -4.849399e+02  1.725083e+02  1.119794e+03
     vertex -4.845346e+02  1.733903e+02  1.119450e+03
   endloop
 endfacet
 facet normal -7.449046e-01  5.081399e-01  4.323320e-01
   outer loop
     vertex -4.845719e+02  1.733903e+02  1.119385e+03
     vertex -4.845346e+02  1.733903e+02  1.119450e+03
     vertex -4.826000e+02  1.778000e+02  1.117600e+03
   endloop
 endfacet
 facet normal -7.603639e-01  5.059129e-01  4.073069e-01
   outer loop
     vertex -4.845719e+02  1.733903e+02  1.119385e+03
     vertex -4.849709e+02  1.725083e+02  1.119736e+03
     vertex -4.849399e+02  1.725083e+02  1.119794e+03
   endloop
 endfacet
 facet normal -7.990455e-01  4.967913e-01  3.387103e-01
   outer loop
     vertex -4.873543e+02  1.672167e+02  1.121853e+03
     vertex -4.904074e+02  1.601611e+02  1.124999e+03
     vertex -4.873298e+02  1.672167e+02  1.121911e+03
   endloop
 endfacet
 facet normal -8.240992e-01  4.867444e-01  2.897247e-01
   outer loop
     vertex -4.873543e+02  1.672167e+02  1.121853e+03
     vertex -5.397500e+02  5.080000e+01  1.168400e+03
     vertex -4.920966e+02  1.566333e+02  1.126144e+03
   endloop
 endfacet
 facet normal -7.993901e-01  4.961368e-01  3.388564e-01
   outer loop
     vertex -4.873543e+02  1.672167e+02  1.121853e+03
     vertex -4.873298e+02  1.672167e+02  1.121911e+03
     vertex -4.865305e+02  1.689806e+02  1.121214e+03
   endloop
 endfacet
 facet normal -8.145324e-01  4.905477e-01  3.096772e-01
   outer loop
     vertex -4.873543e+02  1.672167e+02  1.121853e+03
     vertex -4.920966e+02  1.566333e+02  1.126144e+03
     vertex -4.904074e+02  1.601611e+02  1.124999e+03
   endloop
 endfacet
 facet normal -7.606817e-01  5.052976e-01  4.074772e-01
   outer loop
     vertex -4.849787e+02  1.725083e+02  1.119721e+03
     vertex -4.826000e+02  1.778000e+02  1.117600e+03
     vertex -5.397500e+02  5.080000e+01  1.168400e+03
   endloop
 endfacet
 facet normal -7.600460e-01  5.065273e-01  4.071366e-01
   outer loop
     vertex -4.849787e+02  1.725083e+02  1.119721e+03
     vertex -4.865305e+02  1.689806e+02  1.121214e+03
     vertex -4.849709e+02  1.725083e+02  1.119736e+03
   endloop
 endfacet
 facet normal -7.912665e-01  4.980827e-01  3.546985e-01
   outer loop
     vertex -4.849787e+02  1.725083e+02  1.119721e+03
     vertex -4.873543e+02  1.672167e+02  1.121853e+03
     vertex -4.865305e+02  1.689806e+02  1.121214e+03
   endloop
 endfacet
 facet normal -8.117001e-01  4.914933e-01  3.155588e-01
   outer loop
     vertex -4.849787e+02  1.725083e+02  1.119721e+03
     vertex -5.397500e+02  5.080000e+01  1.168400e+03
     vertex -4.873543e+02  1.672167e+02  1.121853e+03
   endloop
 endfacet
 facet normal -7.412529e-01  5.087454e-01  4.378610e-01
   outer loop
     vertex -4.849787e+02  1.725083e+02  1.119721e+03
     vertex -4.845719e+02  1.733903e+02  1.119385e+03
     vertex -4.826000e+02  1.778000e+02  1.117600e+03
   endloop
 endfacet
 facet normal -7.603639e-01  5.059129e-01  4.073069e-01
   outer loop
     vertex -4.849787e+02  1.725083e+02  1.119721e+03
     vertex -4.849709e+02  1.725083e+02  1.119736e+03
     vertex -4.845719e+02  1.733903e+02  1.119385e+03
   endloop
 endfacet
 facet normal  1.000000e+00  0.000000e+00  0.000000e+00
   outer loop
     vertex -4.445000e+02  1.778000e+02  1.117600e+03
     vertex -4.445000e+02  5.080000e+01  9.652000e+02
     vertex -4.445000e+02  1.778000e+02  9.652000e+02
   endloop
 endfacet
 facet normal  1.000000e+00  0.000000e+00  0.000000e+00
   outer loop
     vertex -4.445000e+02  5.080000e+01  1.346200e+03
     vertex -4.445000e+02  5.080000e+01  9.652000e+02
     vertex -4.445000e+02  1.778000e+02  1.117600e+03
   endloop
 endfacet
 facet normal  0.000000e+00 -0.000000e+00 -1.000000e+00
   outer loop
     vertex -4.826000e+02  1.778000e+02  9.652000e+02
     vertex -4.445000e+02  5.080000e+01  9.652000e+02
     vertex -5.397500e+02  5.080000e+01  9.652000e+02
   endloop
 endfacet
 facet normal -0.000000e+00 -0.000000e+00 -1.000000e+00
   outer loop
     vertex -4.445000e+02  1.778000e+02  9.652000e+02
     vertex -4.445000e+02  5.080000e+01  9.652000e+02
     vertex -4.826000e+02  1.778000e+02  9.652000e+02
   endloop
 endfacet
 facet normal -9.119215e-01  4.103647e-01  0.000000e+00
   outer loop
     vertex -4.826000e+02  1.778000e+02  1.117600e+03
     vertex -5.397500e+02  5.080000e+01  9.652000e+02
     vertex -5.397500e+02  5.080000e+01  1.168400e+03
   endloop
 endfacet
 facet normal -9.119215e-01  4.103647e-01  0.000000e+00
   outer loop
     vertex -4.826000e+02  1.778000e+02  1.117600e+03
     vertex -4.826000e+02  1.778000e+02  9.652000e+02
     vertex -5.397500e+02  5.080000e+01  9.652000e+02
   endloop
 endfacet
 facet normal  0.000000e+00  1.000000e+00  0.000000e+00
   outer loop
     vertex  4.809438e+02  1.778000e+02  1.117600e+03
     vertex  4.445000e+02  1.778000e+02  9.652000e+02
     vertex  4.445000e+02  1.778000e+02  1.117600e+03
   endloop
 endfacet
 facet normal  0.000000e+00  1.000000e+00  0.000000e+00
   outer loop
     vertex  4.809438e+02  1.778000e+02  1.117600e+03
     vertex  4.826000e+02  1.778000e+02  9.652000e+02
     vertex  4.445000e+02  1.778000e+02  9.652000e+02
   endloop
 endfacet
 facet normal  0.000000e+00  1.000000e+00  0.000000e+00
   outer loop
     vertex  4.826000e+02  1.778000e+02  1.117600e+03
     vertex  4.826000e+02  1.778000e+02  9.652000e+02
     vertex  4.809438e+02  1.778000e+02  1.117600e+03
   endloop
 endfacet
 facet normal  0.000000e+00 -1.000000e+00  0.000000e+00
   outer loop
     vertex  5.397500e+02  5.080000e+01  1.168400e+03
     vertex  4.826000e+02  5.080000e+01  1.346200e+03
     vertex  4.445000e+02  5.080000e+01  1.346200e+03
   endloop
 endfacet
 facet normal  0.000000e+00 -1.000000e+00  0.000000e+00
   outer loop
     vertex  4.445000e+02  5.080000e+01  9.652000e+02
     vertex  5.397500e+02  5.080000e+01  1.168400e+03
     vertex  4.445000e+02  5.080000e+01  1.346200e+03
   endloop
 endfacet
 facet normal  0.000000e+00 -1.000000e+00  0.000000e+00
   outer loop
     vertex  5.397500e+02  5.080000e+01  9.652000e+02
     vertex  5.397500e+02  5.080000e+01  1.168400e+03
     vertex  4.445000e+02  5.080000e+01  9.652000e+02
   endloop
 endfacet
 facet normal -2.921047e-15  8.741573e-01  4.856429e-01
   outer loop
     vertex  4.809438e+02  1.778000e+02  1.117600e+03
     vertex  4.445000e+02  5.080000e+01  1.346200e+03
     vertex  4.826000e+02  5.080000e+01  1.346200e+03
   endloop
 endfacet
 facet normal  0.000000e+00  8.741573e-01  4.856429e-01
   outer loop
     vertex  4.809438e+02  1.778000e+02  1.117600e+03
     vertex  4.445000e+02  1.778000e+02  1.117600e+03
     vertex  4.445000e+02  5.080000e+01  1.346200e+03
   endloop
 endfacet
 facet normal  8.322521e-01  4.855873e-01  2.675096e-01
   outer loop
     vertex  5.137763e+02  6.667500e+01  1.220391e+03
     vertex  4.826000e+02  5.080000e+01  1.346200e+03
     vertex  5.397500e+02  5.080000e+01  1.168400e+03
   endloop
 endfacet
 facet normal  8.284522e-01  4.921070e-01  2.673906e-01
   outer loop
     vertex  4.886696e+02  6.667500e+01  1.298178e+03
     vertex  4.826000e+02  5.080000e+01  1.346200e+03
     vertex  5.137763e+02  6.667500e+01  1.220391e+03
   endloop
 endfacet
 facet normal  8.219192e-01  4.942101e-01  2.832053e-01
   outer loop
     vertex  4.930051e+02  1.460500e+02  1.141412e+03
     vertex  4.949320e+02  1.354667e+02  1.154289e+03
     vertex  4.965782e+02  1.425222e+02  1.137199e+03
   endloop
 endfacet
 facet normal  8.226333e-01  4.912231e-01  2.863117e-01
   outer loop
     vertex  4.930051e+02  1.460500e+02  1.141412e+03
     vertex  4.965782e+02  1.425222e+02  1.137199e+03
     vertex  4.903075e+02  1.566333e+02  1.131006e+03
   endloop
 endfacet
 facet normal  8.105069e-01  5.025109e-01  3.009341e-01
   outer loop
     vertex  4.876764e+02  1.601611e+02  1.132201e+03
     vertex  4.930051e+02  1.460500e+02  1.141412e+03
     vertex  4.903075e+02  1.566333e+02  1.131006e+03
   endloop
 endfacet
 facet normal  8.002019e-01  5.150447e-01  3.072553e-01
   outer loop
     vertex  4.876764e+02  1.601611e+02  1.132201e+03
     vertex  4.854735e+02  1.636889e+02  1.132025e+03
     vertex  4.898602e+02  1.495778e+02  1.144254e+03
   endloop
 endfacet
 facet normal  8.183062e-01  4.972309e-01  2.883338e-01
   outer loop
     vertex  4.876764e+02  1.601611e+02  1.132201e+03
     vertex  4.898602e+02  1.495778e+02  1.144254e+03
     vertex  4.930051e+02  1.460500e+02  1.141412e+03
   endloop
 endfacet
 facet normal  7.851367e-01  5.151430e-01  3.437848e-01
   outer loop
     vertex  4.847218e+02  1.707444e+02  1.122617e+03
     vertex  4.903075e+02  1.566333e+02  1.131006e+03
     vertex  4.868391e+02  1.672167e+02  1.123068e+03
   endloop
 endfacet
 facet normal  8.101856e-01  5.012962e-01  3.038114e-01
   outer loop
     vertex  4.847218e+02  1.707444e+02  1.122617e+03
     vertex  4.876764e+02  1.601611e+02  1.132201e+03
     vertex  4.903075e+02  1.566333e+02  1.131006e+03
   endloop
 endfacet
 facet normal  7.722770e-01  5.495443e-01  3.187308e-01
   outer loop
     vertex  4.821286e+02  1.672167e+02  1.134181e+03
     vertex  4.848549e+02  1.566333e+02  1.145822e+03
     vertex  4.823522e+02  1.707444e+02  1.127556e+03
   endloop
 endfacet
 facet normal  6.754793e-01  6.424968e-01  3.618365e-01
   outer loop
     vertex  4.821286e+02  1.672167e+02  1.134181e+03
     vertex  4.809438e+02  1.778000e+02  1.117600e+03
     vertex  4.822249e+02  1.619250e+02  1.143397e+03
   endloop
 endfacet
 facet normal  6.582943e-01  6.549714e-01  3.710270e-01
   outer loop
     vertex  4.821286e+02  1.672167e+02  1.134181e+03
     vertex  4.823522e+02  1.707444e+02  1.127556e+03
     vertex  4.809438e+02  1.778000e+02  1.117600e+03
   endloop
 endfacet
 facet normal  7.941988e-01  5.305212e-01  2.963033e-01
   outer loop
     vertex  4.821286e+02  1.672167e+02  1.134181e+03
     vertex  4.822249e+02  1.619250e+02  1.143397e+03
     vertex  4.848549e+02  1.566333e+02  1.145822e+03
   endloop
 endfacet
 facet normal  8.338270e-01  4.817956e-01  2.694542e-01
   outer loop
     vertex  5.328230e+02  5.873750e+01  1.175643e+03
     vertex  5.137763e+02  6.667500e+01  1.220391e+03
     vertex  5.397500e+02  5.080000e+01  1.168400e+03
   endloop
 endfacet
 facet normal  8.331556e-01  4.832596e-01  2.689087e-01
   outer loop
     vertex  5.328230e+02  5.873750e+01  1.175643e+03
     vertex  5.263296e+02  6.667500e+01  1.181497e+03
     vertex  5.137763e+02  6.667500e+01  1.220391e+03
   endloop
 endfacet
 facet normal  8.331405e-01  4.834030e-01  2.686976e-01
   outer loop
     vertex  5.327989e+02  6.138333e+01  1.170958e+03
     vertex  5.263296e+02  6.667500e+01  1.181497e+03
     vertex  5.328230e+02  5.873750e+01  1.175643e+03
   endloop
 endfacet
 facet normal  8.336699e-01  4.827090e-01  2.683030e-01
   outer loop
     vertex  5.327989e+02  6.138333e+01  1.170958e+03
     vertex  5.328230e+02  5.873750e+01  1.175643e+03
     vertex  5.397500e+02  5.080000e+01  1.168400e+03
   endloop
 endfacet
 facet normal  8.325320e-01  4.841333e-01  2.692684e-01
   outer loop
     vertex  5.202697e+02  7.461250e+01  1.185962e+03
     vertex  5.263296e+02  6.667500e+01  1.181497e+03
     vertex  5.262332e+02  7.196667e+01  1.172281e+03
   endloop
 endfacet
 facet normal  8.325304e-01  4.844479e-01  2.687069e-01
   outer loop
     vertex  5.202697e+02  7.461250e+01  1.185962e+03
     vertex  5.137763e+02  6.667500e+01  1.220391e+03
     vertex  5.263296e+02  6.667500e+01  1.181497e+03
   endloop
 endfacet
 facet normal  8.318825e-01  4.854937e-01  2.688258e-01
   outer loop
     vertex  5.202697e+02  7.461250e+01  1.185962e+03
     vertex  5.146434e+02  8.255000e+01  1.189037e+03
     vertex  5.137763e+02  6.667500e+01  1.220391e+03
   endloop
 endfacet
 facet normal  8.326062e-01  4.839700e-01  2.693323e-01
   outer loop
     vertex  5.200529e+02  8.255000e+01  1.172369e+03
     vertex  5.202697e+02  7.461250e+01  1.185962e+03
     vertex  5.262332e+02  7.196667e+01  1.172281e+03
   endloop
 endfacet
 facet normal  8.319264e-01  4.847730e-01  2.699881e-01
   outer loop
     vertex  5.200529e+02  8.255000e+01  1.172369e+03
     vertex  5.142580e+02  9.313333e+01  1.171222e+03
     vertex  5.146434e+02  8.255000e+01  1.189037e+03
   endloop
 endfacet
 facet normal  8.318049e-01  4.850035e-01  2.699486e-01
   outer loop
     vertex  5.200529e+02  8.255000e+01  1.172369e+03
     vertex  5.146434e+02  8.255000e+01  1.189037e+03
     vertex  5.202697e+02  7.461250e+01  1.185962e+03
   endloop
 endfacet
 facet normal  8.315794e-01  4.847107e-01  2.711665e-01
   outer loop
     vertex  5.190895e+02  9.313333e+01  1.156406e+03
     vertex  5.142580e+02  9.313333e+01  1.171222e+03
     vertex  5.200529e+02  8.255000e+01  1.172369e+03
   endloop
 endfacet
 facet normal  8.313308e-01  4.862379e-01  2.691874e-01
   outer loop
     vertex  5.027404e+02  7.461250e+01  1.240135e+03
     vertex  5.137763e+02  6.667500e+01  1.220391e+03
     vertex  5.146434e+02  8.255000e+01  1.189037e+03
   endloop
 endfacet
 facet normal  8.290549e-01  4.907123e-01  2.680847e-01
   outer loop
     vertex  5.027404e+02  7.461250e+01  1.240135e+03
     vertex  4.930051e+02  8.255000e+01  1.255712e+03
     vertex  4.886696e+02  6.667500e+01  1.298178e+03
   endloop
 endfacet
 facet normal  8.306511e-01  4.879969e-01  2.681004e-01
   outer loop
     vertex  5.027404e+02  7.461250e+01  1.240135e+03
     vertex  4.886696e+02  6.667500e+01  1.298178e+03
     vertex  5.137763e+02  6.667500e+01  1.220391e+03
   endloop
 endfacet
 facet normal  8.309209e-01  4.860580e-01  2.707731e-01
   outer loop
     vertex  5.094506e+02  9.048750e+01  1.190724e+03
     vertex  5.146434e+02  8.255000e+01  1.189037e+03
     vertex  5.142580e+02  9.313333e+01  1.171222e+03
   endloop
 endfacet
 facet normal  8.309209e-01  4.860580e-01  2.707731e-01
   outer loop
     vertex  5.090652e+02  1.010708e+02  1.172909e+03
     vertex  5.094506e+02  9.048750e+01  1.190724e+03
     vertex  5.142580e+02  9.313333e+01  1.171222e+03
   endloop
 endfacet
 facet normal  8.298689e-01  4.873970e-01  2.715913e-01
   outer loop
     vertex  5.090652e+02  1.010708e+02  1.172909e+03
     vertex  5.046913e+02  9.842500e+01  1.191022e+03
     vertex  5.094506e+02  9.048750e+01  1.190724e+03
   endloop
 endfacet
 facet normal  8.294384e-01  4.881277e-01  2.715941e-01
   outer loop
     vertex  5.090652e+02  1.010708e+02  1.172909e+03
     vertex  5.045950e+02  1.037167e+02  1.181806e+03
     vertex  5.046913e+02  9.842500e+01  1.191022e+03
   endloop
 endfacet
 facet normal  8.300395e-01  4.866987e-01  2.723211e-01
   outer loop
     vertex  5.088484e+02  1.037167e+02  1.168841e+03
     vertex  5.045950e+02  1.037167e+02  1.181806e+03
     vertex  5.090652e+02  1.010708e+02  1.172909e+03
   endloop
 endfacet
 facet normal  8.295708e-01  4.875830e-01  2.721674e-01
   outer loop
     vertex  5.088484e+02  1.037167e+02  1.168841e+03
     vertex  5.043059e+02  1.090083e+02  1.173207e+03
     vertex  5.045950e+02  1.037167e+02  1.181806e+03
   endloop
 endfacet
 facet normal  8.296420e-01  4.870784e-01  2.728531e-01
   outer loop
     vertex  5.088484e+02  1.037167e+02  1.168841e+03
     vertex  5.038242e+02  1.143000e+02  1.165225e+03
     vertex  5.043059e+02  1.090083e+02  1.173207e+03
   endloop
 endfacet
 facet normal  8.284455e-01  4.909418e-01  2.695443e-01
   outer loop
     vertex  5.044745e+02  9.048750e+01  1.206004e+03
     vertex  4.956064e+02  9.842500e+01  1.218803e+03
     vertex  4.930051e+02  8.255000e+01  1.255712e+03
   endloop
 endfacet
 facet normal  8.301487e-01  4.876114e-01  2.703484e-01
   outer loop
     vertex  5.044745e+02  9.048750e+01  1.206004e+03
     vertex  5.094506e+02  9.048750e+01  1.190724e+03
     vertex  5.046913e+02  9.842500e+01  1.191022e+03
   endloop
 endfacet
 facet normal  8.297388e-01  4.887788e-01  2.694973e-01
   outer loop
     vertex  5.044745e+02  9.048750e+01  1.206004e+03
     vertex  4.930051e+02  8.255000e+01  1.255712e+03
     vertex  5.027404e+02  7.461250e+01  1.240135e+03
   endloop
 endfacet
 facet normal  8.309450e-01  4.861089e-01  2.706078e-01
   outer loop
     vertex  5.044745e+02  9.048750e+01  1.206004e+03
     vertex  5.146434e+02  8.255000e+01  1.189037e+03
     vertex  5.094506e+02  9.048750e+01  1.190724e+03
   endloop
 endfacet
 facet normal  8.290367e-01  4.890784e-01  2.711096e-01
   outer loop
     vertex  5.044745e+02  9.048750e+01  1.206004e+03
     vertex  5.046913e+02  9.842500e+01  1.191022e+03
     vertex  4.956064e+02  9.842500e+01  1.218803e+03
   endloop
 endfacet
 facet normal  8.302094e-01  4.881320e-01  2.692204e-01
   outer loop
     vertex  5.044745e+02  9.048750e+01  1.206004e+03
     vertex  5.027404e+02  7.461250e+01  1.240135e+03
     vertex  5.146434e+02  8.255000e+01  1.189037e+03
   endloop
 endfacet
 facet normal  8.290782e-01  4.872751e-01  2.742123e-01
   outer loop
     vertex  5.074996e+02  1.143000e+02  1.154112e+03
     vertex  5.038242e+02  1.143000e+02  1.165225e+03
     vertex  5.088484e+02  1.037167e+02  1.168841e+03
   endloop
 endfacet
 facet normal  8.287213e-01  4.890467e-01  2.721293e-01
   outer loop
     vertex  5.003656e+02  1.063625e+02  1.189930e+03
     vertex  5.046913e+02  9.842500e+01  1.191022e+03
     vertex  5.045950e+02  1.037167e+02  1.181806e+03
   endloop
 endfacet
 facet normal  8.290367e-01  4.890784e-01  2.711096e-01
   outer loop
     vertex  5.003656e+02  1.063625e+02  1.189930e+03
     vertex  4.956064e+02  9.842500e+01  1.218803e+03
     vertex  5.046913e+02  9.842500e+01  1.191022e+03
   endloop
 endfacet
 facet normal  8.272909e-01  4.909768e-01  2.730047e-01
   outer loop
     vertex  5.003415e+02  1.090083e+02  1.185245e+03
     vertex  4.964734e+02  1.143000e+02  1.187450e+03
     vertex  5.003656e+02  1.063625e+02  1.189930e+03
   endloop
 endfacet
 facet normal  8.286386e-01  4.892471e-01  2.720209e-01
   outer loop
     vertex  5.003415e+02  1.090083e+02  1.185245e+03
     vertex  5.003656e+02  1.063625e+02  1.189930e+03
     vertex  5.045950e+02  1.037167e+02  1.181806e+03
   endloop
 endfacet
 facet normal  8.286708e-01  4.887082e-01  2.728900e-01
   outer loop
     vertex  5.003415e+02  1.090083e+02  1.185245e+03
     vertex  5.045950e+02  1.037167e+02  1.181806e+03
     vertex  5.043059e+02  1.090083e+02  1.173207e+03
   endloop
 endfacet
 facet normal  8.294421e-01  4.865876e-01  2.743326e-01
   outer loop
     vertex  5.022827e+02  1.248833e+02  1.151114e+03
     vertex  5.038242e+02  1.143000e+02  1.165225e+03
     vertex  5.074996e+02  1.143000e+02  1.154112e+03
   endloop
 endfacet
 facet normal  8.264311e-01  4.917345e-01  2.742424e-01
   outer loop
     vertex  4.997635e+02  1.195917e+02  1.168047e+03
     vertex  4.960881e+02  1.248833e+02  1.169635e+03
     vertex  4.964734e+02  1.143000e+02  1.187450e+03
   endloop
 endfacet
 facet normal  8.286708e-01  4.887082e-01  2.728900e-01
   outer loop
     vertex  4.997635e+02  1.195917e+02  1.168047e+03
     vertex  5.003415e+02  1.090083e+02  1.185245e+03
     vertex  5.043059e+02  1.090083e+02  1.173207e+03
   endloop
 endfacet
 facet normal  8.272305e-01  4.905007e-01  2.740415e-01
   outer loop
     vertex  4.997635e+02  1.195917e+02  1.168047e+03
     vertex  4.964734e+02  1.143000e+02  1.187450e+03
     vertex  5.003415e+02  1.090083e+02  1.185245e+03
   endloop
 endfacet
 facet normal  8.279805e-01  4.890943e-01  2.742900e-01
   outer loop
     vertex  4.997635e+02  1.195917e+02  1.168047e+03
     vertex  5.043059e+02  1.090083e+02  1.173207e+03
     vertex  5.038242e+02  1.143000e+02  1.165225e+03
   endloop
 endfacet
 facet normal  8.262014e-01  4.909459e-01  2.763392e-01
   outer loop
     vertex  4.991854e+02  1.248833e+02  1.160374e+03
     vertex  4.960881e+02  1.248833e+02  1.169635e+03
     vertex  4.997635e+02  1.195917e+02  1.168047e+03
   endloop
 endfacet
 facet normal  8.262014e-01  4.909459e-01  2.763392e-01
   outer loop
     vertex  4.991854e+02  1.248833e+02  1.160374e+03
     vertex  4.949320e+02  1.354667e+02  1.154289e+03
     vertex  4.960881e+02  1.248833e+02  1.169635e+03
   endloop
 endfacet
 facet normal  8.270749e-01  4.893078e-01  2.766314e-01
   outer loop
     vertex  4.991854e+02  1.248833e+02  1.160374e+03
     vertex  5.038242e+02  1.143000e+02  1.165225e+03
     vertex  5.022827e+02  1.248833e+02  1.151114e+03
   endloop
 endfacet
 facet normal  8.279752e-01  4.888423e-01  2.747548e-01
   outer loop
     vertex  4.991854e+02  1.248833e+02  1.160374e+03
     vertex  4.997635e+02  1.195917e+02  1.168047e+03
     vertex  5.038242e+02  1.143000e+02  1.165225e+03
   endloop
 endfacet
 facet normal  8.278488e-01  4.917742e-01  2.698603e-01
   outer loop
     vertex  4.845704e+02  9.048750e+01  1.267123e+03
     vertex  4.930051e+02  8.255000e+01  1.255712e+03
     vertex  4.956064e+02  9.842500e+01  1.218803e+03
   endloop
 endfacet
 facet normal  8.263354e-01  4.942772e-01  2.699258e-01
   outer loop
     vertex  4.880388e+02  1.063625e+02  1.227435e+03
     vertex  4.845704e+02  9.048750e+01  1.267123e+03
     vertex  4.956064e+02  9.842500e+01  1.218803e+03
   endloop
 endfacet
 facet normal  8.248617e-01  4.936955e-01  2.754414e-01
   outer loop
     vertex  4.930148e+02  1.222375e+02  1.183580e+03
     vertex  4.964734e+02  1.143000e+02  1.187450e+03
     vertex  4.960881e+02  1.248833e+02  1.169635e+03
   endloop
 endfacet
 facet normal  8.158073e-01  4.942939e-01  3.002200e-01
   outer loop
     vertex  4.916706e+02  1.566333e+02  1.127301e+03
     vertex  4.903075e+02  1.566333e+02  1.131006e+03
     vertex  4.965782e+02  1.425222e+02  1.137199e+03
   endloop
 endfacet
 facet normal  8.238808e-01  4.936757e-01  2.783967e-01
   outer loop
     vertex  4.927981e+02  1.301750e+02  1.169987e+03
     vertex  4.960881e+02  1.248833e+02  1.169635e+03
     vertex  4.949320e+02  1.354667e+02  1.154289e+03
   endloop
 endfacet
 facet normal  8.220937e-01  4.974221e-01  2.770074e-01
   outer loop
     vertex  4.927981e+02  1.301750e+02  1.169987e+03
     vertex  4.898934e+02  1.354667e+02  1.169106e+03
     vertex  4.899898e+02  1.301750e+02  1.178322e+03
   endloop
 endfacet
 facet normal  8.223372e-01  4.969737e-01  2.770895e-01
   outer loop
     vertex  4.927981e+02  1.301750e+02  1.169987e+03
     vertex  4.899898e+02  1.301750e+02  1.178322e+03
     vertex  4.930148e+02  1.222375e+02  1.183580e+03
   endloop
 endfacet
 facet normal  8.245116e-01  4.942629e-01  2.754719e-01
   outer loop
     vertex  4.927981e+02  1.301750e+02  1.169987e+03
     vertex  4.930148e+02  1.222375e+02  1.183580e+03
     vertex  4.960881e+02  1.248833e+02  1.169635e+03
   endloop
 endfacet
 facet normal  8.216097e-01  4.974014e-01  2.784770e-01
   outer loop
     vertex  4.927981e+02  1.301750e+02  1.169987e+03
     vertex  4.896044e+02  1.407583e+02  1.160507e+03
     vertex  4.898934e+02  1.354667e+02  1.169106e+03
   endloop
 endfacet
 facet normal  8.250440e-01  4.935958e-01  2.750738e-01
   outer loop
     vertex  4.897730e+02  1.222375e+02  1.193304e+03
     vertex  4.964734e+02  1.143000e+02  1.187450e+03
     vertex  4.930148e+02  1.222375e+02  1.183580e+03
   endloop
 endfacet
 facet normal  8.237911e-01  4.959156e-01  2.746561e-01
   outer loop
     vertex  4.897730e+02  1.222375e+02  1.193304e+03
     vertex  4.930148e+02  1.222375e+02  1.183580e+03
     vertex  4.899898e+02  1.301750e+02  1.178322e+03
   endloop
 endfacet
 facet normal  8.248798e-01  4.951166e-01  2.728237e-01
   outer loop
     vertex  4.897730e+02  1.222375e+02  1.193304e+03
     vertex  4.891227e+02  1.143000e+02  1.209675e+03
     vertex  4.964734e+02  1.143000e+02  1.187450e+03
   endloop
 endfacet
 facet normal  8.172359e-01  4.916070e-01  3.007458e-01
   outer loop
     vertex  4.900173e+02  1.601611e+02  1.126027e+03
     vertex  4.903075e+02  1.566333e+02  1.131006e+03
     vertex  4.916706e+02  1.566333e+02  1.127301e+03
   endloop
 endfacet
 facet normal  8.150523e-01  4.940747e-01  3.026218e-01
   outer loop
     vertex  4.900173e+02  1.601611e+02  1.126027e+03
     vertex  4.868391e+02  1.672167e+02  1.123068e+03
     vertex  4.903075e+02  1.566333e+02  1.131006e+03
   endloop
 endfacet
 facet normal  8.226598e-01  4.954624e-01  2.788330e-01
   outer loop
     vertex  4.918346e+02  1.407583e+02  1.154024e+03
     vertex  4.927981e+02  1.301750e+02  1.169987e+03
     vertex  4.949320e+02  1.354667e+02  1.154289e+03
   endloop
 endfacet
 facet normal  8.212728e-01  4.949024e-01  2.838709e-01
   outer loop
     vertex  4.918346e+02  1.407583e+02  1.154024e+03
     vertex  4.949320e+02  1.354667e+02  1.154289e+03
     vertex  4.930051e+02  1.460500e+02  1.141412e+03
   endloop
 endfacet
 facet normal  8.191104e-01  4.996380e-01  2.818155e-01
   outer loop
     vertex  4.918346e+02  1.407583e+02  1.154024e+03
     vertex  4.896044e+02  1.407583e+02  1.160507e+03
     vertex  4.927981e+02  1.301750e+02  1.169987e+03
   endloop
 endfacet
 facet normal  8.180429e-01  4.993346e-01  2.854309e-01
   outer loop
     vertex  4.918346e+02  1.407583e+02  1.154024e+03
     vertex  4.930051e+02  1.460500e+02  1.141412e+03
     vertex  4.898602e+02  1.495778e+02  1.144254e+03
   endloop
 endfacet
 facet normal  8.173933e-01  4.999861e-01  2.861503e-01
   outer loop
     vertex  4.918346e+02  1.407583e+02  1.154024e+03
     vertex  4.898602e+02  1.495778e+02  1.144254e+03
     vertex  4.891227e+02  1.460500e+02  1.152525e+03
   endloop
 endfacet
 facet normal  8.191104e-01  4.996380e-01  2.818155e-01
   outer loop
     vertex  4.918346e+02  1.407583e+02  1.154024e+03
     vertex  4.891227e+02  1.460500e+02  1.152525e+03
     vertex  4.896044e+02  1.407583e+02  1.160507e+03
   endloop
 endfacet
 facet normal  8.196296e-01  5.006957e-01  2.784083e-01
   outer loop
     vertex  4.873742e+02  1.407583e+02  1.166989e+03
     vertex  4.848549e+02  1.354667e+02  1.183922e+03
     vertex  4.899898e+02  1.301750e+02  1.178322e+03
   endloop
 endfacet
 facet normal  8.187551e-01  5.015624e-01  2.794195e-01
   outer loop
     vertex  4.873742e+02  1.407583e+02  1.166989e+03
     vertex  4.899898e+02  1.301750e+02  1.178322e+03
     vertex  4.898934e+02  1.354667e+02  1.169106e+03
   endloop
 endfacet
 facet normal  8.178604e-01  5.019228e-01  2.813855e-01
   outer loop
     vertex  4.873742e+02  1.407583e+02  1.166989e+03
     vertex  4.898934e+02  1.354667e+02  1.169106e+03
     vertex  4.896044e+02  1.407583e+02  1.160507e+03
   endloop
 endfacet
 facet normal  8.159350e-01  5.060714e-01  2.795386e-01
   outer loop
     vertex  4.873742e+02  1.407583e+02  1.166989e+03
     vertex  4.852403e+02  1.460500e+02  1.163637e+03
     vertex  4.848549e+02  1.354667e+02  1.183922e+03
   endloop
 endfacet
 facet normal  6.954820e-01  5.189975e-01  4.969370e-01
   outer loop
     vertex  4.838322e+02  1.742722e+02  1.119560e+03
     vertex  4.848159e+02  1.725083e+02  1.120025e+03
     vertex  4.826000e+02  1.778000e+02  1.117600e+03
   endloop
 endfacet
 facet normal  7.419232e-01  5.241093e-01  4.181618e-01
   outer loop
     vertex  4.838322e+02  1.742722e+02  1.119560e+03
     vertex  4.868391e+02  1.672167e+02  1.123068e+03
     vertex  4.848159e+02  1.725083e+02  1.120025e+03
   endloop
 endfacet
 facet normal  7.766511e-01  5.128595e-01  3.657708e-01
   outer loop
     vertex  4.838322e+02  1.742722e+02  1.119560e+03
     vertex  4.847218e+02  1.707444e+02  1.122617e+03
     vertex  4.868391e+02  1.672167e+02  1.123068e+03
   endloop
 endfacet
 facet normal  7.995829e-01  5.194138e-01  3.014573e-01
   outer loop
     vertex  4.867961e+02  1.513417e+02  1.149791e+03
     vertex  4.854735e+02  1.636889e+02  1.132025e+03
     vertex  4.848549e+02  1.566333e+02  1.145822e+03
   endloop
 endfacet
 facet normal  8.097168e-01  5.120370e-01  2.866649e-01
   outer loop
     vertex  4.867961e+02  1.513417e+02  1.149791e+03
     vertex  4.848549e+02  1.566333e+02  1.145822e+03
     vertex  4.852403e+02  1.460500e+02  1.163637e+03
   endloop
 endfacet
 facet normal  8.136508e-01  5.040225e-01  2.897133e-01
   outer loop
     vertex  4.867961e+02  1.513417e+02  1.149791e+03
     vertex  4.898602e+02  1.495778e+02  1.144254e+03
     vertex  4.854735e+02  1.636889e+02  1.132025e+03
   endloop
 endfacet
 facet normal  8.123463e-01  5.084586e-01  2.855928e-01
   outer loop
     vertex  4.867961e+02  1.513417e+02  1.149791e+03
     vertex  4.852403e+02  1.460500e+02  1.163637e+03
     vertex  4.873742e+02  1.407583e+02  1.166989e+03
   endloop
 endfacet
 facet normal  8.126708e-01  5.063310e-01  2.884355e-01
   outer loop
     vertex  4.867961e+02  1.513417e+02  1.149791e+03
     vertex  4.891227e+02  1.460500e+02  1.152525e+03
     vertex  4.898602e+02  1.495778e+02  1.144254e+03
   endloop
 endfacet
 facet normal  8.138894e-01  5.056783e-01  2.861353e-01
   outer loop
     vertex  4.867961e+02  1.513417e+02  1.149791e+03
     vertex  4.896044e+02  1.407583e+02  1.160507e+03
     vertex  4.891227e+02  1.460500e+02  1.152525e+03
   endloop
 endfacet
 facet normal  8.178604e-01  5.019228e-01  2.813855e-01
   outer loop
     vertex  4.867961e+02  1.513417e+02  1.149791e+03
     vertex  4.873742e+02  1.407583e+02  1.166989e+03
     vertex  4.896044e+02  1.407583e+02  1.160507e+03
   endloop
 endfacet
 facet normal  7.990181e-01  5.145035e-01  3.112174e-01
   outer loop
     vertex  4.830328e+02  1.742722e+02  1.120795e+03
     vertex  4.854735e+02  1.636889e+02  1.132025e+03
     vertex  4.876764e+02  1.601611e+02  1.132201e+03
   endloop
 endfacet
 facet normal  6.932638e-01  5.638381e-01  4.488563e-01
   outer loop
     vertex  4.830328e+02  1.742722e+02  1.120795e+03
     vertex  4.847218e+02  1.707444e+02  1.122617e+03
     vertex  4.838322e+02  1.742722e+02  1.119560e+03
   endloop
 endfacet
 facet normal  7.213402e-01  5.114168e-01  4.670344e-01
   outer loop
     vertex  4.830328e+02  1.742722e+02  1.120795e+03
     vertex  4.838322e+02  1.742722e+02  1.119560e+03
     vertex  4.826000e+02  1.778000e+02  1.117600e+03
   endloop
 endfacet
 facet normal  7.418529e-01  5.519429e-01  3.808062e-01
   outer loop
     vertex  4.830328e+02  1.742722e+02  1.120795e+03
     vertex  4.876764e+02  1.601611e+02  1.132201e+03
     vertex  4.847218e+02  1.707444e+02  1.122617e+03
   endloop
 endfacet
 facet normal  7.726471e-01  5.371766e-01  3.383160e-01
   outer loop
     vertex  4.836988e+02  1.672167e+02  1.130476e+03
     vertex  4.854735e+02  1.636889e+02  1.132025e+03
     vertex  4.830328e+02  1.742722e+02  1.120795e+03
   endloop
 endfacet
 facet normal  7.569072e-01  5.632492e-01  3.314240e-01
   outer loop
     vertex  4.836988e+02  1.672167e+02  1.130476e+03
     vertex  4.823522e+02  1.707444e+02  1.127556e+03
     vertex  4.848549e+02  1.566333e+02  1.145822e+03
   endloop
 endfacet
 facet normal  7.890899e-01  5.318580e-01  3.073503e-01
   outer loop
     vertex  4.836988e+02  1.672167e+02  1.130476e+03
     vertex  4.848549e+02  1.566333e+02  1.145822e+03
     vertex  4.854735e+02  1.636889e+02  1.132025e+03
   endloop
 endfacet
 facet normal  7.953132e-01  5.300707e-01  2.941120e-01
   outer loop
     vertex  4.835158e+02  1.539875e+02  1.154212e+03
     vertex  4.848549e+02  1.566333e+02  1.145822e+03
     vertex  4.822249e+02  1.619250e+02  1.143397e+03
   endloop
 endfacet
 facet normal  8.016756e-01  5.213712e-01  2.923839e-01
   outer loop
     vertex  4.835158e+02  1.539875e+02  1.154212e+03
     vertex  4.852403e+02  1.460500e+02  1.163637e+03
     vertex  4.848549e+02  1.566333e+02  1.145822e+03
   endloop
 endfacet
 facet normal  8.033877e-01  5.196966e-01  2.906605e-01
   outer loop
     vertex  4.820082e+02  1.539875e+02  1.158379e+03
     vertex  4.852403e+02  1.460500e+02  1.163637e+03
     vertex  4.835158e+02  1.539875e+02  1.154212e+03
   endloop
 endfacet
 facet normal  7.985872e-01  5.267139e-01  2.912575e-01
   outer loop
     vertex  4.821286e+02  1.566333e+02  1.153231e+03
     vertex  4.835158e+02  1.539875e+02  1.154212e+03
     vertex  4.822249e+02  1.619250e+02  1.143397e+03
   endloop
 endfacet
 facet normal  7.512512e-01  5.781097e-01  3.184506e-01
   outer loop
     vertex  4.821286e+02  1.566333e+02  1.153231e+03
     vertex  4.822249e+02  1.619250e+02  1.143397e+03
     vertex  4.809438e+02  1.778000e+02  1.117600e+03
   endloop
 endfacet
 facet normal  7.787201e-01  5.504056e-01  3.010793e-01
   outer loop
     vertex  4.821286e+02  1.566333e+02  1.153231e+03
     vertex  4.809438e+02  1.778000e+02  1.117600e+03
     vertex  4.820082e+02  1.539875e+02  1.158379e+03
   endloop
 endfacet
 facet normal  7.994931e-01  5.264450e-01  2.892515e-01
   outer loop
     vertex  4.821286e+02  1.566333e+02  1.153231e+03
     vertex  4.820082e+02  1.539875e+02  1.158379e+03
     vertex  4.835158e+02  1.539875e+02  1.154212e+03
   endloop
 endfacet
 facet normal  8.336549e-01  4.826715e-01  2.684173e-01
   outer loop
     vertex  5.292271e+02  7.196667e+01  1.163020e+03
     vertex  5.327989e+02  6.138333e+01  1.170958e+03
     vertex  5.397500e+02  5.080000e+01  1.168400e+03
   endloop
 endfacet
 facet normal  8.332870e-01  4.829831e-01  2.689983e-01
   outer loop
     vertex  5.292271e+02  7.196667e+01  1.163020e+03
     vertex  5.263296e+02  6.667500e+01  1.181497e+03
     vertex  5.327989e+02  6.138333e+01  1.170958e+03
   endloop
 endfacet
 facet normal  8.326411e-01  4.839916e-01  2.691858e-01
   outer loop
     vertex  5.292271e+02  7.196667e+01  1.163020e+03
     vertex  5.200529e+02  8.255000e+01  1.172369e+03
     vertex  5.262332e+02  7.196667e+01  1.172281e+03
   endloop
 endfacet
 facet normal  8.326411e-01  4.839916e-01  2.691858e-01
   outer loop
     vertex  5.292271e+02  7.196667e+01  1.163020e+03
     vertex  5.262332e+02  7.196667e+01  1.172281e+03
     vertex  5.263296e+02  6.667500e+01  1.181497e+03
   endloop
 endfacet
 facet normal  8.300395e-01  4.866987e-01  2.723211e-01
   outer loop
     vertex  5.131019e+02  1.037167e+02  1.155876e+03
     vertex  5.088484e+02  1.037167e+02  1.168841e+03
     vertex  5.090652e+02  1.010708e+02  1.172909e+03
   endloop
 endfacet
 facet normal  8.306966e-01  4.855859e-01  2.723040e-01
   outer loop
     vertex  5.131019e+02  1.037167e+02  1.155876e+03
     vertex  5.090652e+02  1.010708e+02  1.172909e+03
     vertex  5.142580e+02  9.313333e+01  1.171222e+03
   endloop
 endfacet
 facet normal  8.308199e-01  4.852216e-01  2.725772e-01
   outer loop
     vertex  5.131019e+02  1.037167e+02  1.155876e+03
     vertex  5.074996e+02  1.143000e+02  1.154112e+03
     vertex  5.088484e+02  1.037167e+02  1.168841e+03
   endloop
 endfacet
 facet normal  8.318525e-01  4.841919e-01  2.712555e-01
   outer loop
     vertex  5.131019e+02  1.037167e+02  1.155876e+03
     vertex  5.142580e+02  9.313333e+01  1.171222e+03
     vertex  5.190895e+02  9.313333e+01  1.156406e+03
   endloop
 endfacet
 facet normal  8.301693e-01  4.852098e-01  2.745732e-01
   outer loop
     vertex  5.093373e+02  1.143000e+02  1.148556e+03
     vertex  5.074996e+02  1.143000e+02  1.154112e+03
     vertex  5.131019e+02  1.037167e+02  1.155876e+03
   endloop
 endfacet
 facet normal  8.294421e-01  4.865876e-01  2.743326e-01
   outer loop
     vertex  5.093373e+02  1.143000e+02  1.148556e+03
     vertex  5.022827e+02  1.248833e+02  1.151114e+03
     vertex  5.074996e+02  1.143000e+02  1.154112e+03
   endloop
 endfacet
 facet normal  8.256999e-01  4.892635e-01  2.807863e-01
   outer loop
     vertex  5.012301e+02  1.354667e+02  1.135768e+03
     vertex  4.999705e+02  1.354667e+02  1.139472e+03
     vertex  5.022827e+02  1.248833e+02  1.151114e+03
   endloop
 endfacet
 facet normal  8.247471e-01  4.883916e-01  2.850718e-01
   outer loop
     vertex  4.980008e+02  1.425222e+02  1.133083e+03
     vertex  4.965782e+02  1.425222e+02  1.137199e+03
     vertex  4.999705e+02  1.354667e+02  1.139472e+03
   endloop
 endfacet
 facet normal  8.253966e-01  4.871616e-01  2.852963e-01
   outer loop
     vertex  4.980008e+02  1.425222e+02  1.133083e+03
     vertex  4.916706e+02  1.566333e+02  1.127301e+03
     vertex  4.965782e+02  1.425222e+02  1.137199e+03
   endloop
 endfacet
 facet normal  8.275100e-01  4.858396e-01  2.814019e-01
   outer loop
     vertex  4.980008e+02  1.425222e+02  1.133083e+03
     vertex  4.999705e+02  1.354667e+02  1.139472e+03
     vertex  5.012301e+02  1.354667e+02  1.135768e+03
   endloop
 endfacet
 facet normal  8.271325e-01  4.876834e-01  2.793147e-01
   outer loop
     vertex  4.984147e+02  1.301750e+02  1.153319e+03
     vertex  4.999705e+02  1.354667e+02  1.139472e+03
     vertex  4.965782e+02  1.425222e+02  1.137199e+03
   endloop
 endfacet
 facet normal  8.248886e-01  4.917971e-01  2.787372e-01
   outer loop
     vertex  4.984147e+02  1.301750e+02  1.153319e+03
     vertex  4.949320e+02  1.354667e+02  1.154289e+03
     vertex  4.991854e+02  1.248833e+02  1.160374e+03
   endloop
 endfacet
 facet normal  8.270749e-01  4.893078e-01  2.766314e-01
   outer loop
     vertex  4.984147e+02  1.301750e+02  1.153319e+03
     vertex  4.991854e+02  1.248833e+02  1.160374e+03
     vertex  5.022827e+02  1.248833e+02  1.151114e+03
   endloop
 endfacet
 facet normal  8.268999e-01  4.880192e-01  2.794169e-01
   outer loop
     vertex  4.984147e+02  1.301750e+02  1.153319e+03
     vertex  5.022827e+02  1.248833e+02  1.151114e+03
     vertex  4.999705e+02  1.354667e+02  1.139472e+03
   endloop
 endfacet
 facet normal  8.243405e-01  4.908303e-01  2.820432e-01
   outer loop
     vertex  4.984147e+02  1.301750e+02  1.153319e+03
     vertex  4.965782e+02  1.425222e+02  1.137199e+03
     vertex  4.949320e+02  1.354667e+02  1.154289e+03
   endloop
 endfacet
 facet normal  8.276773e-01  4.908635e-01  2.720356e-01
   outer loop
     vertex  4.921477e+02  1.063625e+02  1.214934e+03
     vertex  5.003656e+02  1.063625e+02  1.189930e+03
     vertex  4.964734e+02  1.143000e+02  1.187450e+03
   endloop
 endfacet
 facet normal  8.267021e-01  4.926809e-01  2.717151e-01
   outer loop
     vertex  4.921477e+02  1.063625e+02  1.214934e+03
     vertex  4.956064e+02  9.842500e+01  1.218803e+03
     vertex  5.003656e+02  1.063625e+02  1.189930e+03
   endloop
 endfacet
 facet normal  8.267021e-01  4.926809e-01  2.717151e-01
   outer loop
     vertex  4.921477e+02  1.063625e+02  1.214934e+03
     vertex  4.880388e+02  1.063625e+02  1.227435e+03
     vertex  4.956064e+02  9.842500e+01  1.218803e+03
   endloop
 endfacet
 facet normal  8.248798e-01  4.951166e-01  2.728237e-01
   outer loop
     vertex  4.921477e+02  1.063625e+02  1.214934e+03
     vertex  4.964734e+02  1.143000e+02  1.187450e+03
     vertex  4.891227e+02  1.143000e+02  1.209675e+03
   endloop
 endfacet
 facet normal  8.257257e-01  4.944920e-01  2.713942e-01
   outer loop
     vertex  4.921477e+02  1.063625e+02  1.214934e+03
     vertex  4.891227e+02  1.143000e+02  1.209675e+03
     vertex  4.880388e+02  1.063625e+02  1.227435e+03
   endloop
 endfacet
 facet normal  7.969745e-01  5.007004e-01  3.378324e-01
   outer loop
     vertex  4.872317e+02  1.672167e+02  1.122142e+03
     vertex  4.868391e+02  1.672167e+02  1.123068e+03
     vertex  4.900173e+02  1.601611e+02  1.126027e+03
   endloop
 endfacet
 facet normal  7.983558e-01  4.980977e-01  3.384179e-01
   outer loop
     vertex  4.864157e+02  1.689806e+02  1.121471e+03
     vertex  4.868391e+02  1.672167e+02  1.123068e+03
     vertex  4.872317e+02  1.672167e+02  1.122142e+03
   endloop
 endfacet
 facet normal  7.950478e-01  5.007678e-01  3.422434e-01
   outer loop
     vertex  4.864157e+02  1.689806e+02  1.121471e+03
     vertex  4.848159e+02  1.725083e+02  1.120025e+03
     vertex  4.868391e+02  1.672167e+02  1.123068e+03
   endloop
 endfacet
 facet normal  8.225361e-01  4.982249e-01  2.742377e-01
   outer loop
     vertex  4.865311e+02  1.222375e+02  1.203027e+03
     vertex  4.891227e+02  1.143000e+02  1.209675e+03
     vertex  4.897730e+02  1.222375e+02  1.193304e+03
   endloop
 endfacet
 facet normal  8.192258e-01  5.025059e-01  2.763277e-01
   outer loop
     vertex  4.869105e+02  1.262062e+02  1.194668e+03
     vertex  4.899898e+02  1.301750e+02  1.178322e+03
     vertex  4.848549e+02  1.354667e+02  1.183922e+03
   endloop
 endfacet
 facet normal  8.222220e-01  4.988006e-01  2.741329e-01
   outer loop
     vertex  4.869105e+02  1.262062e+02  1.194668e+03
     vertex  4.865311e+02  1.222375e+02  1.203027e+03
     vertex  4.897730e+02  1.222375e+02  1.193304e+03
   endloop
 endfacet
 facet normal  8.220758e-01  4.981220e-01  2.758002e-01
   outer loop
     vertex  4.869105e+02  1.262062e+02  1.194668e+03
     vertex  4.897730e+02  1.222375e+02  1.193304e+03
     vertex  4.899898e+02  1.301750e+02  1.178322e+03
   endloop
 endfacet
 facet normal  8.199083e-01  5.017986e-01  2.755876e-01
   outer loop
     vertex  4.869105e+02  1.262062e+02  1.194668e+03
     vertex  4.848549e+02  1.354667e+02  1.183922e+03
     vertex  4.843732e+02  1.301750e+02  1.194991e+03
   endloop
 endfacet
 facet normal  8.169695e-01  5.056367e-01  2.772947e-01
   outer loop
     vertex  4.821610e+02  1.341437e+02  1.194271e+03
     vertex  4.843732e+02  1.301750e+02  1.194991e+03
     vertex  4.848549e+02  1.354667e+02  1.183922e+03
   endloop
 endfacet
 facet normal  7.707116e-01  5.587958e-01  3.061878e-01
   outer loop
     vertex  4.821703e+02  1.407583e+02  1.182114e+03
     vertex  4.820082e+02  1.539875e+02  1.158379e+03
     vertex  4.809438e+02  1.778000e+02  1.117600e+03
   endloop
 endfacet
 facet normal  8.003767e-01  5.263405e-01  2.869892e-01
   outer loop
     vertex  4.821703e+02  1.407583e+02  1.182114e+03
     vertex  4.809438e+02  1.778000e+02  1.117600e+03
     vertex  4.821610e+02  1.341437e+02  1.194271e+03
   endloop
 endfacet
 facet normal  8.086248e-01  5.162250e-01  2.822015e-01
   outer loop
     vertex  4.821703e+02  1.407583e+02  1.182114e+03
     vertex  4.852403e+02  1.460500e+02  1.163637e+03
     vertex  4.820082e+02  1.539875e+02  1.158379e+03
   endloop
 endfacet
 facet normal  8.153146e-01  5.083468e-01  2.772103e-01
   outer loop
     vertex  4.821703e+02  1.407583e+02  1.182114e+03
     vertex  4.821610e+02  1.341437e+02  1.194271e+03
     vertex  4.848549e+02  1.354667e+02  1.183922e+03
   endloop
 endfacet
 facet normal  8.137435e-01  5.088212e-01  2.809316e-01
   outer loop
     vertex  4.821703e+02  1.407583e+02  1.182114e+03
     vertex  4.848549e+02  1.354667e+02  1.183922e+03
     vertex  4.852403e+02  1.460500e+02  1.163637e+03
   endloop
 endfacet
 facet normal  7.550542e-01  5.644057e-01  3.336756e-01
   outer loop
     vertex  4.817421e+02  1.760361e+02  1.119986e+03
     vertex  4.823522e+02  1.707444e+02  1.127556e+03
     vertex  4.836988e+02  1.672167e+02  1.130476e+03
   endloop
 endfacet
 facet normal  0.000000e+00  8.041418e-01  5.944375e-01
   outer loop
     vertex  4.817421e+02  1.760361e+02  1.119986e+03
     vertex  4.826000e+02  1.778000e+02  1.117600e+03
     vertex  4.809438e+02  1.778000e+02  1.117600e+03
   endloop
 endfacet
 facet normal  6.211589e-01  6.530724e-01  4.331950e-01
   outer loop
     vertex  4.817421e+02  1.760361e+02  1.119986e+03
     vertex  4.836988e+02  1.672167e+02  1.130476e+03
     vertex  4.830328e+02  1.742722e+02  1.120795e+03
   endloop
 endfacet
 facet normal  1.293955e-01  8.175826e-01  5.610842e-01
   outer loop
     vertex  4.817421e+02  1.760361e+02  1.119986e+03
     vertex  4.809438e+02  1.778000e+02  1.117600e+03
     vertex  4.823522e+02  1.707444e+02  1.127556e+03
   endloop
 endfacet
 facet normal  4.615975e-01  6.258933e-01  6.286377e-01
   outer loop
     vertex  4.817421e+02  1.760361e+02  1.119986e+03
     vertex  4.830328e+02  1.742722e+02  1.120795e+03
     vertex  4.826000e+02  1.778000e+02  1.117600e+03
   endloop
 endfacet
 facet normal  8.327838e-01  4.831123e-01  2.703213e-01
   outer loop
     vertex  5.202974e+02  9.313333e+01  1.152701e+03
     vertex  5.200529e+02  8.255000e+01  1.172369e+03
     vertex  5.292271e+02  7.196667e+01  1.163020e+03
   endloop
 endfacet
 facet normal  8.334872e-01  4.827050e-01  2.688771e-01
   outer loop
     vertex  5.202974e+02  9.313333e+01  1.152701e+03
     vertex  5.292271e+02  7.196667e+01  1.163020e+03
     vertex  5.397500e+02  5.080000e+01  1.168400e+03
   endloop
 endfacet
 facet normal  8.318525e-01  4.841919e-01  2.712555e-01
   outer loop
     vertex  5.202974e+02  9.313333e+01  1.152701e+03
     vertex  5.131019e+02  1.037167e+02  1.155876e+03
     vertex  5.190895e+02  9.313333e+01  1.156406e+03
   endloop
 endfacet
 facet normal  8.317807e-01  4.839450e-01  2.719157e-01
   outer loop
     vertex  5.202974e+02  9.313333e+01  1.152701e+03
     vertex  5.093373e+02  1.143000e+02  1.148556e+03
     vertex  5.131019e+02  1.037167e+02  1.155876e+03
   endloop
 endfacet
 facet normal  8.315794e-01  4.847107e-01  2.711665e-01
   outer loop
     vertex  5.202974e+02  9.313333e+01  1.152701e+03
     vertex  5.190895e+02  9.313333e+01  1.156406e+03
     vertex  5.200529e+02  8.255000e+01  1.172369e+03
   endloop
 endfacet
 facet normal  8.259042e-01  4.953781e-01  2.692264e-01
   outer loop
     vertex  4.826650e+02  9.247187e+01  1.269324e+03
     vertex  4.809438e+02  1.778000e+02  1.117600e+03
     vertex  4.826000e+02  5.080000e+01  1.346200e+03
   endloop
 endfacet
 facet normal  8.051301e-01  5.208100e-01  2.837647e-01
   outer loop
     vertex  4.826650e+02  9.247187e+01  1.269324e+03
     vertex  4.821610e+02  1.341437e+02  1.194271e+03
     vertex  4.809438e+02  1.778000e+02  1.117600e+03
   endloop
 endfacet
 facet normal  8.264260e-01  4.941493e-01  2.698826e-01
   outer loop
     vertex  4.826650e+02  9.247187e+01  1.269324e+03
     vertex  4.845704e+02  9.048750e+01  1.267123e+03
     vertex  4.880388e+02  1.063625e+02  1.227435e+03
   endloop
 endfacet
 facet normal  8.179492e-01  4.902582e-01  3.010082e-01
   outer loop
     vertex  4.920114e+02  1.566333e+02  1.126375e+03
     vertex  4.916706e+02  1.566333e+02  1.127301e+03
     vertex  4.980008e+02  1.425222e+02  1.133083e+03
   endloop
 endfacet
 facet normal  8.142884e-01  4.915279e-01  3.087632e-01
   outer loop
     vertex  4.904074e+02  1.601611e+02  1.124999e+03
     vertex  4.872317e+02  1.672167e+02  1.122142e+03
     vertex  4.900173e+02  1.601611e+02  1.126027e+03
   endloop
 endfacet
 facet normal  8.183056e-01  4.895826e-01  3.011394e-01
   outer loop
     vertex  4.904074e+02  1.601611e+02  1.124999e+03
     vertex  4.916706e+02  1.566333e+02  1.127301e+03
     vertex  4.920114e+02  1.566333e+02  1.126375e+03
   endloop
 endfacet
 facet normal  8.136506e-01  4.927345e-01  3.085213e-01
   outer loop
     vertex  4.904074e+02  1.601611e+02  1.124999e+03
     vertex  4.900173e+02  1.601611e+02  1.126027e+03
     vertex  4.916706e+02  1.566333e+02  1.127301e+03
   endloop
 endfacet
 facet normal  7.581359e-01  5.101978e-01  4.061135e-01
   outer loop
     vertex  4.849399e+02  1.725083e+02  1.119794e+03
     vertex  4.848159e+02  1.725083e+02  1.120025e+03
     vertex  4.864157e+02  1.689806e+02  1.121471e+03
   endloop
 endfacet
 facet normal  8.230425e-01  4.977854e-01  2.735155e-01
   outer loop
     vertex  4.846257e+02  1.202531e+02  1.212373e+03
     vertex  4.891227e+02  1.143000e+02  1.209675e+03
     vertex  4.865311e+02  1.222375e+02  1.203027e+03
   endloop
 endfacet
 facet normal  8.212821e-01  5.011172e-01  2.727221e-01
   outer loop
     vertex  4.846257e+02  1.202531e+02  1.212373e+03
     vertex  4.821610e+02  1.341437e+02  1.194271e+03
     vertex  4.826650e+02  9.247187e+01  1.269324e+03
   endloop
 endfacet
 facet normal  8.252451e-01  4.958875e-01  2.703075e-01
   outer loop
     vertex  4.846257e+02  1.202531e+02  1.212373e+03
     vertex  4.826650e+02  9.247187e+01  1.269324e+03
     vertex  4.880388e+02  1.063625e+02  1.227435e+03
   endloop
 endfacet
 facet normal  8.230690e-01  4.981078e-01  2.728481e-01
   outer loop
     vertex  4.846257e+02  1.202531e+02  1.212373e+03
     vertex  4.880388e+02  1.063625e+02  1.227435e+03
     vertex  4.891227e+02  1.143000e+02  1.209675e+03
   endloop
 endfacet
 facet normal  7.594097e-01  5.077539e-01  4.067958e-01
   outer loop
     vertex  4.845346e+02  1.733903e+02  1.119450e+03
     vertex  4.848159e+02  1.725083e+02  1.120025e+03
     vertex  4.849399e+02  1.725083e+02  1.119794e+03
   endloop
 endfacet
 facet normal  7.689485e-01  5.029100e-01  3.947149e-01
   outer loop
     vertex  4.845346e+02  1.733903e+02  1.119450e+03
     vertex  4.826000e+02  1.778000e+02  1.117600e+03
     vertex  4.848159e+02  1.725083e+02  1.120025e+03
   endloop
 endfacet
 facet normal  8.202493e-01  5.014091e-01  2.752819e-01
   outer loop
     vertex  4.841428e+02  1.281906e+02  1.199300e+03
     vertex  4.865311e+02  1.222375e+02  1.203027e+03
     vertex  4.869105e+02  1.262062e+02  1.194668e+03
   endloop
 endfacet
 facet normal  8.200431e-01  5.019380e-01  2.749321e-01
   outer loop
     vertex  4.841428e+02  1.281906e+02  1.199300e+03
     vertex  4.869105e+02  1.262062e+02  1.194668e+03
     vertex  4.843732e+02  1.301750e+02  1.194991e+03
   endloop
 endfacet
 facet normal  8.211219e-01  5.008103e-01  2.737662e-01
   outer loop
     vertex  4.841428e+02  1.281906e+02  1.199300e+03
     vertex  4.846257e+02  1.202531e+02  1.212373e+03
     vertex  4.865311e+02  1.222375e+02  1.203027e+03
   endloop
 endfacet
 facet normal  8.172402e-01  5.056413e-01  2.764874e-01
   outer loop
     vertex  4.841428e+02  1.281906e+02  1.199300e+03
     vertex  4.843732e+02  1.301750e+02  1.194991e+03
     vertex  4.821610e+02  1.341437e+02  1.194271e+03
   endloop
 endfacet
 facet normal  8.168203e-01  5.059980e-01  2.770751e-01
   outer loop
     vertex  4.841428e+02  1.281906e+02  1.199300e+03
     vertex  4.821610e+02  1.341437e+02  1.194271e+03
     vertex  4.846257e+02  1.202531e+02  1.212373e+03
   endloop
 endfacet
 facet normal  8.290890e-01  4.911599e-01  2.671580e-01
   outer loop
     vertex  4.853591e+02  7.957344e+01  1.284739e+03
     vertex  4.826000e+02  5.080000e+01  1.346200e+03
     vertex  4.886696e+02  6.667500e+01  1.298178e+03
   endloop
 endfacet
 facet normal  8.279276e-01  4.923425e-01  2.685791e-01
   outer loop
     vertex  4.853591e+02  7.957344e+01  1.284739e+03
     vertex  4.886696e+02  6.667500e+01  1.298178e+03
     vertex  4.930051e+02  8.255000e+01  1.255712e+03
   endloop
 endfacet
 facet normal  8.263265e-01  4.945687e-01  2.694184e-01
   outer loop
     vertex  4.853591e+02  7.957344e+01  1.284739e+03
     vertex  4.845704e+02  9.048750e+01  1.267123e+03
     vertex  4.826650e+02  9.247187e+01  1.269324e+03
   endloop
 endfacet
 facet normal  8.274184e-01  4.932218e-01  2.685351e-01
   outer loop
     vertex  4.853591e+02  7.957344e+01  1.284739e+03
     vertex  4.930051e+02  8.255000e+01  1.255712e+03
     vertex  4.845704e+02  9.048750e+01  1.267123e+03
   endloop
 endfacet
 facet normal  8.275990e-01  4.931877e-01  2.680405e-01
   outer loop
     vertex  4.853591e+02  7.957344e+01  1.284739e+03
     vertex  4.826650e+02  9.247187e+01  1.269324e+03
     vertex  4.826000e+02  5.080000e+01  1.346200e+03
   endloop
 endfacet
 facet normal  8.307283e-01  4.840055e-01  2.750077e-01
   outer loop
     vertex  5.015450e+02  1.354667e+02  1.134842e+03
     vertex  5.093373e+02  1.143000e+02  1.148556e+03
     vertex  5.202974e+02  9.313333e+01  1.152701e+03
   endloop
 endfacet
 facet normal  8.289253e-01  4.853361e-01  2.780857e-01
   outer loop
     vertex  5.015450e+02  1.354667e+02  1.134842e+03
     vertex  5.022827e+02  1.248833e+02  1.151114e+03
     vertex  5.093373e+02  1.143000e+02  1.148556e+03
   endloop
 endfacet
 facet normal  8.256999e-01  4.892635e-01  2.807863e-01
   outer loop
     vertex  5.015450e+02  1.354667e+02  1.134842e+03
     vertex  5.012301e+02  1.354667e+02  1.135768e+03
     vertex  5.022827e+02  1.248833e+02  1.151114e+03
   endloop
 endfacet
 facet normal  8.275100e-01  4.858396e-01  2.814019e-01
   outer loop
     vertex  5.015450e+02  1.354667e+02  1.134842e+03
     vertex  4.980008e+02  1.425222e+02  1.133083e+03
     vertex  5.012301e+02  1.354667e+02  1.135768e+03
   endloop
 endfacet
 facet normal  8.330211e-01  4.828975e-01  2.699738e-01
   outer loop
     vertex  5.015450e+02  1.354667e+02  1.134842e+03
     vertex  5.202974e+02  9.313333e+01  1.152701e+03
     vertex  5.397500e+02  5.080000e+01  1.168400e+03
   endloop
 endfacet
 facet normal  7.990455e-01  4.967913e-01  3.387103e-01
   outer loop
     vertex  4.873298e+02  1.672167e+02  1.121911e+03
     vertex  4.872317e+02  1.672167e+02  1.122142e+03
     vertex  4.904074e+02  1.601611e+02  1.124999e+03
   endloop
 endfacet
 facet normal  7.907958e-01  5.001089e-01  3.528924e-01
   outer loop
     vertex  4.865305e+02  1.689806e+02  1.121214e+03
     vertex  4.864157e+02  1.689806e+02  1.121471e+03
     vertex  4.872317e+02  1.672167e+02  1.122142e+03
   endloop
 endfacet
 facet normal  7.914074e-01  4.989475e-01  3.531653e-01
   outer loop
     vertex  4.865305e+02  1.689806e+02  1.121214e+03
     vertex  4.849399e+02  1.725083e+02  1.119794e+03
     vertex  4.864157e+02  1.689806e+02  1.121471e+03
   endloop
 endfacet
 facet normal  7.993901e-01  4.961368e-01  3.388564e-01
   outer loop
     vertex  4.865305e+02  1.689806e+02  1.121214e+03
     vertex  4.872317e+02  1.672167e+02  1.122142e+03
     vertex  4.873298e+02  1.672167e+02  1.121911e+03
   endloop
 endfacet
 facet normal  8.179492e-01  4.902582e-01  3.010082e-01
   outer loop
     vertex  4.920966e+02  1.566333e+02  1.126144e+03
     vertex  4.920114e+02  1.566333e+02  1.126375e+03
     vertex  4.980008e+02  1.425222e+02  1.133083e+03
   endloop
 endfacet
 facet normal  8.183056e-01  4.895826e-01  3.011394e-01
   outer loop
     vertex  4.920966e+02  1.566333e+02  1.126144e+03
     vertex  4.904074e+02  1.601611e+02  1.124999e+03
     vertex  4.920114e+02  1.566333e+02  1.126375e+03
   endloop
 endfacet
 facet normal  8.301334e-01  4.841790e-01  2.764945e-01
   outer loop
     vertex  4.920966e+02  1.566333e+02  1.126144e+03
     vertex  5.015450e+02  1.354667e+02  1.134842e+03
     vertex  5.397500e+02  5.080000e+01  1.168400e+03
   endloop
 endfacet
 facet normal  8.258245e-01  4.861045e-01  2.858607e-01
   outer loop
     vertex  4.920966e+02  1.566333e+02  1.126144e+03
     vertex  4.980008e+02  1.425222e+02  1.133083e+03
     vertex  5.015450e+02  1.354667e+02  1.134842e+03
   endloop
 endfacet
 facet normal  7.600460e-01  5.065273e-01  4.071366e-01
   outer loop
     vertex  4.849709e+02  1.725083e+02  1.119736e+03
     vertex  4.849399e+02  1.725083e+02  1.119794e+03
     vertex  4.865305e+02  1.689806e+02  1.121214e+03
   endloop
 endfacet
 facet normal  7.438008e-01  5.102969e-01  4.316914e-01
   outer loop
     vertex  4.845719e+02  1.733903e+02  1.119385e+03
     vertex  4.845346e+02  1.733903e+02  1.119450e+03
     vertex  4.849399e+02  1.725083e+02  1.119794e+03
   endloop
 endfacet
 facet normal  7.449046e-01  5.081399e-01  4.323320e-01
   outer loop
     vertex  4.845719e+02  1.733903e+02  1.119385e+03
     vertex  4.826000e+02  1.778000e+02  1.117600e+03
     vertex  4.845346e+02  1.733903e+02  1.119450e+03
   endloop
 endfacet
 facet normal  7.603639e-01  5.059129e-01  4.073069e-01
   outer loop
     vertex  4.845719e+02  1.733903e+02  1.119385e+03
     vertex  4.849399e+02  1.725083e+02  1.119794e+03
     vertex  4.849709e+02  1.725083e+02  1.119736e+03
   endloop
 endfacet
 facet normal  7.990455e-01  4.967913e-01  3.387103e-01
   outer loop
     vertex  4.873543e+02  1.672167e+02  1.121853e+03
     vertex  4.873298e+02  1.672167e+02  1.121911e+03
     vertex  4.904074e+02  1.601611e+02  1.124999e+03
   endloop
 endfacet
 facet normal  8.240992e-01  4.867444e-01  2.897247e-01
   outer loop
     vertex  4.873543e+02  1.672167e+02  1.121853e+03
     vertex  4.920966e+02  1.566333e+02  1.126144e+03
     vertex  5.397500e+02  5.080000e+01  1.168400e+03
   endloop
 endfacet
 facet normal  7.993901e-01  4.961368e-01  3.388564e-01
   outer loop
     vertex  4.873543e+02  1.672167e+02  1.121853e+03
     vertex  4.865305e+02  1.689806e+02  1.121214e+03
     vertex  4.873298e+02  1.672167e+02  1.121911e+03
   endloop
 endfacet
 facet normal  8.145324e-01  4.905477e-01  3.096772e-01
   outer loop
     vertex  4.873543e+02  1.672167e+02  1.121853e+03
     vertex  4.904074e+02  1.601611e+02  1.124999e+03
     vertex  4.920966e+02  1.566333e+02  1.126144e+03
   endloop
 endfacet
 facet normal  7.606817e-01  5.052976e-01  4.074772e-01
   outer loop
     vertex  4.849787e+02  1.725083e+02  1.119721e+03
     vertex  5.397500e+02  5.080000e+01  1.168400e+03
     vertex  4.826000e+02  1.778000e+02  1.117600e+03
   endloop
 endfacet
 facet normal  7.412529e-01  5.087454e-01  4.378610e-01
   outer loop
     vertex  4.849787e+02  1.725083e+02  1.119721e+03
     vertex  4.826000e+02  1.778000e+02  1.117600e+03
     vertex  4.845719e+02  1.733903e+02  1.119385e+03
   endloop
 endfacet
 facet normal  7.600460e-01  5.065273e-01  4.071366e-01
   outer loop
     vertex  4.849787e+02  1.725083e+02  1.119721e+03
     vertex  4.849709e+02  1.725083e+02  1.119736e+03
     vertex  4.865305e+02  1.689806e+02  1.121214e+03
   endloop
 endfacet
 facet normal  8.117001e-01  4.914933e-01  3.155588e-01
   outer loop
     vertex  4.849787e+02  1.725083e+02  1.119721e+03
     vertex  4.873543e+02  1.672167e+02  1.121853e+03
     vertex  5.397500e+02  5.080000e+01  1.168400e+03
   endloop
 endfacet
 facet normal  7.603639e-01  5.059129e-01  4.073069e-01
   outer loop
     vertex  4.849787e+02  1.725083e+02  1.119721e+03
     vertex  4.845719e+02  1.733903e+02  1.119385e+03
     vertex  4.849709e+02  1.725083e+02  1.119736e+03
   endloop
 endfacet
 facet normal  7.912665e-01  4.980827e-01  3.546985e-01
   outer loop
     vertex  4.849787e+02  1.725083e+02  1.119721e+03
     vertex  4.865305e+02  1.689806e+02  1.121214e+03
     vertex  4.873543e+02  1.672167e+02  1.121853e+03
   endloop
 endfacet
 facet normal -1.000000e+00  0.000000e+00 -0.000000e+00
   outer loop
     vertex  4.445000e+02  1.778000e+02  1.117600e+03
     vertex  4.445000e+02  1.778000e+02  9.652000e+02
     vertex  4.445000e+02  5.080000e+01  9.652000e+02
   endloop
 endfacet
 facet normal -1.000000e+00  0.000000e+00  0.000000e+00
   outer loop
     vertex  4.445000e+02  5.080000e+01  1.346200e+03
     vertex  4.445000e+02  1.778000e+02  1.117600e+03
     vertex  4.445000e+02  5.080000e+01  9.652000e+02
   endloop
 endfacet
 facet normal  0.000000e+00  0.000000e+00 -1.000000e+00
   outer loop
     vertex  4.445000e+02  5.080000e+01  9.652000e+02
     vertex  4.445000e+02  1.778000e+02  9.652000e+02
     vertex  4.826000e+02  1.778000e+02  9.652000e+02
   endloop
 endfacet
 facet normal  0.000000e+00  0.000000e+00 -1.000000e+00
   outer loop
     vertex  4.445000e+02  5.080000e+01  9.652000e+02
     vertex  4.826000e+02  1.778000e+02  9.652000e+02
     vertex  5.397500e+02  5.080000e+01  9.652000e+02
   endloop
 endfacet
 facet normal  9.119215e-01  4.103647e-01  0.000000e+00
   outer loop
     vertex  4.826000e+02  1.778000e+02  1.117600e+03
     vertex  5.397500e+02  5.080000e+01  9.652000e+02
     vertex  4.826000e+02  1.778000e+02  9.652000e+02
   endloop
 endfacet
 facet normal  9.119215e-01  4.103647e-01  0.000000e+00
   outer loop
     vertex  5.397500e+02  5.080000e+01  1.168400e+03
     vertex  5.397500e+02  5.080000e+01  9.652000e+02
     vertex  4.826000e+02  1.778000e+02  1.117600e+03
   endloop
 endfacet
endsolid
